-- =============================================================================
-- FINDTAX Marketplace — Seed SQL (data-only)
--
-- Gerado em: 2026-05-18 08:29:49 UTC
-- Conteúdo: 29 sellers + 39 produtos + cadeia logística completa para BR
--
-- USO NO RAILWAY (ou qualquer Postgres limpo):
--   1. Backend roda migrations (schema vazio criado)
--   2. psql $DATABASE_URL < findtax-seed.sql
--   3. Backend reinicia → init-algolia → POST /admin/algolia (sync)
--
-- NÃO INCLUI:
--   - Usuário admin (rode: medusa user -e admin@... -p ...)
--   - Pedidos / carrinhos / clientes
--   - Tabelas de runtime (workflows, events, migrations)
-- =============================================================================

--
-- PostgreSQL database dump
--

\restrict MddDBB58T9w1SRGea6xXo7EbEfopEYwkl2EI8GxFvbcsIdXvnlzYFzFWkZ6YDoK

-- Dumped from database version 16.13
-- Dumped by pg_dump version 16.13

SET statement_timeout = 0;
SET lock_timeout = 0;
SET idle_in_transaction_session_timeout = 0;
SET client_encoding = 'UTF8';
SET standard_conforming_strings = on;
SELECT pg_catalog.set_config('search_path', '', false);
SET check_function_bodies = false;
SET xmloption = content;
SET client_min_messages = warning;
SET row_security = off;

--
-- Data for Name: account_holder; Type: TABLE DATA; Schema: public; Owner: -
--

SET SESSION AUTHORIZATION DEFAULT;

ALTER TABLE public.account_holder DISABLE TRIGGER ALL;



ALTER TABLE public.account_holder ENABLE TRIGGER ALL;

--
-- Data for Name: api_key; Type: TABLE DATA; Schema: public; Owner: -
--

ALTER TABLE public.api_key DISABLE TRIGGER ALL;

INSERT INTO public.api_key (id, token, salt, redacted, title, type, last_used_at, created_by, created_at, revoked_by, revoked_at, updated_at, deleted_at) VALUES ('apk_01KQNRBAPSXDKS0V1KFB6XB59M', 'pk_1dff755397ebb3fcfa8b82d7e448361ac1acb0a2a7473aca9bb6d212ce31c91f', '', 'pk_1df***91f', 'Webshop', 'publishable', NULL, '', '2026-05-03 01:48:19.033+00', NULL, NULL, '2026-05-03 01:48:19.033+00', NULL) ON CONFLICT DO NOTHING;


ALTER TABLE public.api_key ENABLE TRIGGER ALL;

--
-- Data for Name: attribute; Type: TABLE DATA; Schema: public; Owner: -
--

ALTER TABLE public.attribute DISABLE TRIGGER ALL;



ALTER TABLE public.attribute ENABLE TRIGGER ALL;

--
-- Data for Name: attribute_possible_value; Type: TABLE DATA; Schema: public; Owner: -
--

ALTER TABLE public.attribute_possible_value DISABLE TRIGGER ALL;



ALTER TABLE public.attribute_possible_value ENABLE TRIGGER ALL;

--
-- Data for Name: attribute_value; Type: TABLE DATA; Schema: public; Owner: -
--

ALTER TABLE public.attribute_value DISABLE TRIGGER ALL;



ALTER TABLE public.attribute_value ENABLE TRIGGER ALL;

--
-- Data for Name: auth_identity; Type: TABLE DATA; Schema: public; Owner: -
--

ALTER TABLE public.auth_identity DISABLE TRIGGER ALL;

INSERT INTO public.auth_identity (id, app_metadata, created_at, updated_at, deleted_at) VALUES ('authid_01KRNSQ7M3TQ0Z04666QR74JPQ', '{"seller_id": "mem_01KRNSQ7MX1DCDVCMADXV3CC6R"}', '2026-05-15 12:27:59.491+00', '2026-05-15 12:27:59.53+00', NULL) ON CONFLICT DO NOTHING;
INSERT INTO public.auth_identity (id, app_metadata, created_at, updated_at, deleted_at) VALUES ('authid_01KRBB56F6RYX606C52ZEG6HGZ', '{"seller_id": "mem_01KRBB56FSQ3FDZ31T5P7A14QX"}', '2026-05-11 11:01:04.102+00', '2026-05-11 11:01:04.136+00', NULL) ON CONFLICT DO NOTHING;
INSERT INTO public.auth_identity (id, app_metadata, created_at, updated_at, deleted_at) VALUES ('authid_01KRNSQ7Z9KVEZDJKT8G58J9PM', '{"seller_id": "mem_01KRNSQ7ZV27QM6Y50DRZH8YQY"}', '2026-05-15 12:27:59.849+00', '2026-05-15 12:27:59.875+00', NULL) ON CONFLICT DO NOTHING;
INSERT INTO public.auth_identity (id, app_metadata, created_at, updated_at, deleted_at) VALUES ('authid_01KRNSQ896WVAD6X85H67A0Q5V', '{"seller_id": "mem_01KRNSQ89GF1TSS42SREDMYDEF"}', '2026-05-15 12:28:00.166+00', '2026-05-15 12:28:00.187+00', NULL) ON CONFLICT DO NOTHING;
INSERT INTO public.auth_identity (id, app_metadata, created_at, updated_at, deleted_at) VALUES ('authid_01KRNSQ8NSHYFGDA5HJ2F1NN03', '{"seller_id": "mem_01KRNSQ8PGS5YHGJRK4NVZT7RP"}', '2026-05-15 12:28:00.57+00', '2026-05-15 12:28:00.612+00', NULL) ON CONFLICT DO NOTHING;
INSERT INTO public.auth_identity (id, app_metadata, created_at, updated_at, deleted_at) VALUES ('authid_01KRNSQ8Z11HECRJAC3M5Y7PN7', '{"seller_id": "mem_01KRNSQ8ZAQNVJHFG7E3BFQZV1"}', '2026-05-15 12:28:00.865+00', '2026-05-15 12:28:00.88+00', NULL) ON CONFLICT DO NOTHING;
INSERT INTO public.auth_identity (id, app_metadata, created_at, updated_at, deleted_at) VALUES ('authid_01KRNSQ931111R3JVQG88WSJ19', '{"seller_id": "mem_01KRNSQ9352BE1SCDNY6865021"}', '2026-05-15 12:28:00.993+00', '2026-05-15 12:28:01.001+00', NULL) ON CONFLICT DO NOTHING;
INSERT INTO public.auth_identity (id, app_metadata, created_at, updated_at, deleted_at) VALUES ('authid_01KRNSQ98YJPC2M7KTF7YGS754', '{"seller_id": "mem_01KRNSQ993P8FQTJ26X4K9EMDF"}', '2026-05-15 12:28:01.182+00', '2026-05-15 12:28:01.191+00', NULL) ON CONFLICT DO NOTHING;
INSERT INTO public.auth_identity (id, app_metadata, created_at, updated_at, deleted_at) VALUES ('authid_01KRNSQ9BT1KBVVPACYK030DXZ', '{"seller_id": "mem_01KRNSQ9BY8VRAR7T76TNW9NP7"}', '2026-05-15 12:28:01.274+00', '2026-05-15 12:28:01.281+00', NULL) ON CONFLICT DO NOTHING;
INSERT INTO public.auth_identity (id, app_metadata, created_at, updated_at, deleted_at) VALUES ('authid_01KRNSQ9F5T18V3R52HG57J84K', '{"seller_id": "mem_01KRNSQ9FCS0MEZFGQSNFHGYM9"}', '2026-05-15 12:28:01.381+00', '2026-05-15 12:28:01.391+00', NULL) ON CONFLICT DO NOTHING;
INSERT INTO public.auth_identity (id, app_metadata, created_at, updated_at, deleted_at) VALUES ('authid_01KRNSQ9HWKVRHYX8YKSNWPR70', '{"seller_id": "mem_01KRNSQ9J1W0EYJ1HNCW723ZWQ"}', '2026-05-15 12:28:01.468+00', '2026-05-15 12:28:01.476+00', NULL) ON CONFLICT DO NOTHING;
INSERT INTO public.auth_identity (id, app_metadata, created_at, updated_at, deleted_at) VALUES ('authid_01KRNSQ9MKK46HQWJJTN86X15R', '{"seller_id": "mem_01KRNSQ9MSBEEWBWFWES32NWHF"}', '2026-05-15 12:28:01.555+00', '2026-05-15 12:28:01.566+00', NULL) ON CONFLICT DO NOTHING;
INSERT INTO public.auth_identity (id, app_metadata, created_at, updated_at, deleted_at) VALUES ('authid_01KRNSQ9Q6AVCWYQW4555QAJXB', '{"seller_id": "mem_01KRNSQ9QA0ZRPW3YMDGH4CA4Z"}', '2026-05-15 12:28:01.638+00', '2026-05-15 12:28:01.646+00', NULL) ON CONFLICT DO NOTHING;
INSERT INTO public.auth_identity (id, app_metadata, created_at, updated_at, deleted_at) VALUES ('authid_01KRNSQ9SRVY5H9H4JZXSXD7ZQ', '{"seller_id": "mem_01KRNSQ9SXEP0WSGP0XS9BWPX5"}', '2026-05-15 12:28:01.721+00', '2026-05-15 12:28:01.728+00', NULL) ON CONFLICT DO NOTHING;
INSERT INTO public.auth_identity (id, app_metadata, created_at, updated_at, deleted_at) VALUES ('authid_01KRNSQ9YQ467TW2ABKA9AP78T', '{"seller_id": "mem_01KRNSQ9YVZC7P1BNDAF129KCK"}', '2026-05-15 12:28:01.879+00', '2026-05-15 12:28:01.888+00', NULL) ON CONFLICT DO NOTHING;
INSERT INTO public.auth_identity (id, app_metadata, created_at, updated_at, deleted_at) VALUES ('authid_01KRNSQA333YRKN1CTKV6BG21D', '{"seller_id": "mem_01KRNSQA38777289CR4ER5SCF5"}', '2026-05-15 12:28:02.019+00', '2026-05-15 12:28:02.028+00', NULL) ON CONFLICT DO NOTHING;
INSERT INTO public.auth_identity (id, app_metadata, created_at, updated_at, deleted_at) VALUES ('authid_01KRNSQA5VGGT3WMCHER77A1TH', '{"seller_id": "mem_01KRNSQA60GDCT2TMN9B7RVB7E"}', '2026-05-15 12:28:02.107+00', '2026-05-15 12:28:02.115+00', NULL) ON CONFLICT DO NOTHING;
INSERT INTO public.auth_identity (id, app_metadata, created_at, updated_at, deleted_at) VALUES ('authid_01KRNSQA8DDBW643CZF6AEN3C1', '{"seller_id": "mem_01KRNSQA8JRJVQFRYV20RYCGBX"}', '2026-05-15 12:28:02.189+00', '2026-05-15 12:28:02.198+00', NULL) ON CONFLICT DO NOTHING;
INSERT INTO public.auth_identity (id, app_metadata, created_at, updated_at, deleted_at) VALUES ('authid_01KRNSQAB7ZY9WP690JN1FSZ1R', '{"seller_id": "mem_01KRNSQABC5ZNABNTYK7RT12Y1"}', '2026-05-15 12:28:02.279+00', '2026-05-15 12:28:02.289+00', NULL) ON CONFLICT DO NOTHING;
INSERT INTO public.auth_identity (id, app_metadata, created_at, updated_at, deleted_at) VALUES ('authid_01KRNSQAE7PQCRFG3AE68EF0R3', '{"seller_id": "mem_01KRNSQAEF1HTJMAJ16QWCSFT3"}', '2026-05-15 12:28:02.375+00', '2026-05-15 12:28:02.388+00', NULL) ON CONFLICT DO NOTHING;
INSERT INTO public.auth_identity (id, app_metadata, created_at, updated_at, deleted_at) VALUES ('authid_01KRNSQAGZ3H8TB2MD332P195T', '{"seller_id": "mem_01KRNSQAH456WJV1P9C73TBK1H"}', '2026-05-15 12:28:02.463+00', '2026-05-15 12:28:02.472+00', NULL) ON CONFLICT DO NOTHING;
INSERT INTO public.auth_identity (id, app_metadata, created_at, updated_at, deleted_at) VALUES ('authid_01KRNSQAPDW5Q74SYNYPTP9BZQ', '{"seller_id": "mem_01KRNSQAPHNJSX5CVQPM5MJ2WJ"}', '2026-05-15 12:28:02.637+00', '2026-05-15 12:28:02.646+00', NULL) ON CONFLICT DO NOTHING;
INSERT INTO public.auth_identity (id, app_metadata, created_at, updated_at, deleted_at) VALUES ('authid_01KRNSQARY43QER3ZHECF3X1YW', '{"seller_id": "mem_01KRNSQAS3JA44ZXKZFC71AD7N"}', '2026-05-15 12:28:02.718+00', '2026-05-15 12:28:02.726+00', NULL) ON CONFLICT DO NOTHING;
INSERT INTO public.auth_identity (id, app_metadata, created_at, updated_at, deleted_at) VALUES ('authid_01KRNSQAXNQ815KP5Y33BK62V9', '{"seller_id": "mem_01KRNSQAXTKVPPRVCC4YE2CAY2"}', '2026-05-15 12:28:02.869+00', '2026-05-15 12:28:02.878+00', NULL) ON CONFLICT DO NOTHING;
INSERT INTO public.auth_identity (id, app_metadata, created_at, updated_at, deleted_at) VALUES ('authid_01KRNSQB0D6Z6SXR7STW4MXS3X', '{"seller_id": "mem_01KRNSQB0HAVBZTK9CFR5Y2D4Y"}', '2026-05-15 12:28:02.957+00', '2026-05-15 12:28:02.965+00', NULL) ON CONFLICT DO NOTHING;
INSERT INTO public.auth_identity (id, app_metadata, created_at, updated_at, deleted_at) VALUES ('authid_01KRNSQB30A0YK6C9E0FZCN1S7', '{"seller_id": "mem_01KRNSQB357DNG52SXT25N8RM3"}', '2026-05-15 12:28:03.04+00', '2026-05-15 12:28:03.05+00', NULL) ON CONFLICT DO NOTHING;
INSERT INTO public.auth_identity (id, app_metadata, created_at, updated_at, deleted_at) VALUES ('authid_01KRNSQB5P3N0HWH1W55M1THDN', '{"seller_id": "mem_01KRNSQB5TEN72NYWG85WW4SH2"}', '2026-05-15 12:28:03.126+00', '2026-05-15 12:28:03.134+00', NULL) ON CONFLICT DO NOTHING;
INSERT INTO public.auth_identity (id, app_metadata, created_at, updated_at, deleted_at) VALUES ('authid_01KRNSQB8B3ZPGPE3TAAR0BJ2D', '{"seller_id": "mem_01KRNSQB8G8RHHQET5T3KWKQGW"}', '2026-05-15 12:28:03.211+00', '2026-05-15 12:28:03.221+00', NULL) ON CONFLICT DO NOTHING;
INSERT INTO public.auth_identity (id, app_metadata, created_at, updated_at, deleted_at) VALUES ('authid_01KRNSQBAXRJB72DRPR0S61Q69', '{"seller_id": "mem_01KRNSQBB2E1FAAKM5K60DMMG5"}', '2026-05-15 12:28:03.293+00', '2026-05-15 12:28:03.302+00', NULL) ON CONFLICT DO NOTHING;
INSERT INTO public.auth_identity (id, app_metadata, created_at, updated_at, deleted_at) VALUES ('authid_01KRNSQBJR6TH7HYCSE5M3DMX2', '{"seller_id": "mem_01KRNSQBJXAGGN97K6PXRPW99B"}', '2026-05-15 12:28:03.544+00', '2026-05-15 12:28:03.552+00', NULL) ON CONFLICT DO NOTHING;


ALTER TABLE public.auth_identity ENABLE TRIGGER ALL;

--
-- Data for Name: capture; Type: TABLE DATA; Schema: public; Owner: -
--

ALTER TABLE public.capture DISABLE TRIGGER ALL;



ALTER TABLE public.capture ENABLE TRIGGER ALL;

--
-- Data for Name: commission_line; Type: TABLE DATA; Schema: public; Owner: -
--

ALTER TABLE public.commission_line DISABLE TRIGGER ALL;



ALTER TABLE public.commission_line ENABLE TRIGGER ALL;

--
-- Data for Name: commission_rule; Type: TABLE DATA; Schema: public; Owner: -
--

ALTER TABLE public.commission_rule DISABLE TRIGGER ALL;



ALTER TABLE public.commission_rule ENABLE TRIGGER ALL;

--
-- Data for Name: commission_rate; Type: TABLE DATA; Schema: public; Owner: -
--

ALTER TABLE public.commission_rate DISABLE TRIGGER ALL;



ALTER TABLE public.commission_rate ENABLE TRIGGER ALL;

--
-- Data for Name: configuration_rule; Type: TABLE DATA; Schema: public; Owner: -
--

ALTER TABLE public.configuration_rule DISABLE TRIGGER ALL;



ALTER TABLE public.configuration_rule ENABLE TRIGGER ALL;

--
-- Data for Name: credit_line; Type: TABLE DATA; Schema: public; Owner: -
--

ALTER TABLE public.credit_line DISABLE TRIGGER ALL;



ALTER TABLE public.credit_line ENABLE TRIGGER ALL;

--
-- Data for Name: fulfillment_address; Type: TABLE DATA; Schema: public; Owner: -
--

ALTER TABLE public.fulfillment_address DISABLE TRIGGER ALL;



ALTER TABLE public.fulfillment_address ENABLE TRIGGER ALL;

--
-- Data for Name: fulfillment_provider; Type: TABLE DATA; Schema: public; Owner: -
--

ALTER TABLE public.fulfillment_provider DISABLE TRIGGER ALL;

INSERT INTO public.fulfillment_provider (id, is_enabled, created_at, updated_at, deleted_at) VALUES ('manual_manual', true, '2026-05-03 01:47:01.459+00', '2026-05-03 01:47:01.459+00', NULL) ON CONFLICT DO NOTHING;


ALTER TABLE public.fulfillment_provider ENABLE TRIGGER ALL;

--
-- Data for Name: fulfillment_set; Type: TABLE DATA; Schema: public; Owner: -
--

ALTER TABLE public.fulfillment_set DISABLE TRIGGER ALL;

INSERT INTO public.fulfillment_set (id, name, type, metadata, created_at, updated_at, deleted_at) VALUES ('fuset_01KRNSQ7PWQJ398GDDHBPW8YXF', 'Taxcel fulfillment set', 'shipping', NULL, '2026-05-15 12:27:59.58+00', '2026-05-15 12:27:59.58+00', NULL) ON CONFLICT DO NOTHING;
INSERT INTO public.fulfillment_set (id, name, type, metadata, created_at, updated_at, deleted_at) VALUES ('fuset_01KRNSQ8152NXG484FFGC7RND0', 'Busca Legal fulfillment set', 'shipping', NULL, '2026-05-15 12:27:59.909+00', '2026-05-15 12:27:59.909+00', NULL) ON CONFLICT DO NOTHING;
INSERT INTO public.fulfillment_set (id, name, type, metadata, created_at, updated_at, deleted_at) VALUES ('fuset_01KRNSQ8ARXBAWA0PY871096AM', 'MA Tecnologias fulfillment set', 'shipping', NULL, '2026-05-15 12:28:00.216+00', '2026-05-15 12:28:00.216+00', NULL) ON CONFLICT DO NOTHING;
INSERT INTO public.fulfillment_set (id, name, type, metadata, created_at, updated_at, deleted_at) VALUES ('fuset_01KRNSQ8RV7GKQDS1SKRCAXFHG', 'Revizia fulfillment set', 'shipping', NULL, '2026-05-15 12:28:00.667+00', '2026-05-15 12:28:00.667+00', NULL) ON CONFLICT DO NOTHING;
INSERT INTO public.fulfillment_set (id, name, type, metadata, created_at, updated_at, deleted_at) VALUES ('fuset_01KRNSQ90AG3ZCT39QBJ25ATD1', 'Tax Stragegy fulfillment set', 'shipping', NULL, '2026-05-15 12:28:00.906+00', '2026-05-15 12:28:00.906+00', NULL) ON CONFLICT DO NOTHING;
INSERT INTO public.fulfillment_set (id, name, type, metadata, created_at, updated_at, deleted_at) VALUES ('fuset_01KRNSQ9460Q7ANZVYB3QXMGKZ', 'ROIT fulfillment set', 'shipping', NULL, '2026-05-15 12:28:01.03+00', '2026-05-15 12:28:01.03+00', NULL) ON CONFLICT DO NOTHING;
INSERT INTO public.fulfillment_set (id, name, type, metadata, created_at, updated_at, deleted_at) VALUES ('fuset_01KRNSQ99YZZSD06ZK62GJCSJ3', 'Brinta fulfillment set', 'shipping', NULL, '2026-05-15 12:28:01.215+00', '2026-05-15 12:28:01.215+00', NULL) ON CONFLICT DO NOTHING;
INSERT INTO public.fulfillment_set (id, name, type, metadata, created_at, updated_at, deleted_at) VALUES ('fuset_01KRNSQ9CFB1PMZJM8WW75DR8R', 'Evollux fulfillment set', 'shipping', NULL, '2026-05-15 12:28:01.295+00', '2026-05-15 12:28:01.295+00', NULL) ON CONFLICT DO NOTHING;
INSERT INTO public.fulfillment_set (id, name, type, metadata, created_at, updated_at, deleted_at) VALUES ('fuset_01KRNSQ9G2WSQZDT0D906HZTWA', 'Elo Fiscal fulfillment set', 'shipping', NULL, '2026-05-15 12:28:01.41+00', '2026-05-15 12:28:01.41+00', NULL) ON CONFLICT DO NOTHING;
INSERT INTO public.fulfillment_set (id, name, type, metadata, created_at, updated_at, deleted_at) VALUES ('fuset_01KRNSQ9JRYXD4D946H5DWKQYC', 'FS4YOU fulfillment set', 'shipping', NULL, '2026-05-15 12:28:01.496+00', '2026-05-15 12:28:01.496+00', NULL) ON CONFLICT DO NOTHING;
INSERT INTO public.fulfillment_set (id, name, type, metadata, created_at, updated_at, deleted_at) VALUES ('fuset_01KRNSQ9NDS34PKBTNFAEB4CPW', 'Sittax fulfillment set', 'shipping', NULL, '2026-05-15 12:28:01.581+00', '2026-05-15 12:28:01.581+00', NULL) ON CONFLICT DO NOTHING;
INSERT INTO public.fulfillment_set (id, name, type, metadata, created_at, updated_at, deleted_at) VALUES ('fuset_01KRNSQ9QZHKKMV06RK57HTPEF', 'Menndel & Melo Advocacia fulfillment set', 'shipping', NULL, '2026-05-15 12:28:01.663+00', '2026-05-15 12:28:01.663+00', NULL) ON CONFLICT DO NOTHING;
INSERT INTO public.fulfillment_set (id, name, type, metadata, created_at, updated_at, deleted_at) VALUES ('fuset_01KRNSQ9TFNHFW7MS6STZSC13H', 'Camu fulfillment set', 'shipping', NULL, '2026-05-15 12:28:01.743+00', '2026-05-15 12:28:01.743+00', NULL) ON CONFLICT DO NOTHING;
INSERT INTO public.fulfillment_set (id, name, type, metadata, created_at, updated_at, deleted_at) VALUES ('fuset_01KRNSQ9ZFP952E3MDAQ4WHMNM', 'Simões Pires fulfillment set', 'shipping', NULL, '2026-05-15 12:28:01.903+00', '2026-05-15 12:28:01.903+00', NULL) ON CONFLICT DO NOTHING;
INSERT INTO public.fulfillment_set (id, name, type, metadata, created_at, updated_at, deleted_at) VALUES ('fuset_01KRNSQA3X4K8D86X8XYMY062S', 'Lopti fulfillment set', 'shipping', NULL, '2026-05-15 12:28:02.046+00', '2026-05-15 12:28:02.046+00', NULL) ON CONFLICT DO NOTHING;
INSERT INTO public.fulfillment_set (id, name, type, metadata, created_at, updated_at, deleted_at) VALUES ('fuset_01KRNSQA6K7TMSR7MJDEZYMQ0A', 'TSCTI  Soluções Fiscais fulfillment set', 'shipping', NULL, '2026-05-15 12:28:02.131+00', '2026-05-15 12:28:02.131+00', NULL) ON CONFLICT DO NOTHING;
INSERT INTO public.fulfillment_set (id, name, type, metadata, created_at, updated_at, deleted_at) VALUES ('fuset_01KRNSQA9CFSME71YZRQ0YHZQA', 'Numix Tech fulfillment set', 'shipping', NULL, '2026-05-15 12:28:02.22+00', '2026-05-15 12:28:02.22+00', NULL) ON CONFLICT DO NOTHING;
INSERT INTO public.fulfillment_set (id, name, type, metadata, created_at, updated_at, deleted_at) VALUES ('fuset_01KRNSQAC0YP42SGHEDMWDK0GN', 'Mastery E-commerce Solutions fulfillment set', 'shipping', NULL, '2026-05-15 12:28:02.305+00', '2026-05-15 12:28:02.305+00', NULL) ON CONFLICT DO NOTHING;
INSERT INTO public.fulfillment_set (id, name, type, metadata, created_at, updated_at, deleted_at) VALUES ('fuset_01KRNSQAF6QM49X9WTNH0NWBWT', 'FIND Tax Solutions fulfillment set', 'shipping', NULL, '2026-05-15 12:28:02.406+00', '2026-05-15 12:28:02.406+00', NULL) ON CONFLICT DO NOTHING;
INSERT INTO public.fulfillment_set (id, name, type, metadata, created_at, updated_at, deleted_at) VALUES ('fuset_01KRNSQAHSNVS3VNTKVYERG397', 'V360 fulfillment set', 'shipping', NULL, '2026-05-15 12:28:02.489+00', '2026-05-15 12:28:02.489+00', NULL) ON CONFLICT DO NOTHING;
INSERT INTO public.fulfillment_set (id, name, type, metadata, created_at, updated_at, deleted_at) VALUES ('fuset_01KRNSQAQ421T1N2XHTPTTWNSP', 'TAX5 CONSULT fulfillment set', 'shipping', NULL, '2026-05-15 12:28:02.66+00', '2026-05-15 12:28:02.66+00', NULL) ON CONFLICT DO NOTHING;
INSERT INTO public.fulfillment_set (id, name, type, metadata, created_at, updated_at, deleted_at) VALUES ('fuset_01KRNSQASP99393JPQ2EV42XQ6', 'e-Auditoria fulfillment set', 'shipping', NULL, '2026-05-15 12:28:02.742+00', '2026-05-15 12:28:02.742+00', NULL) ON CONFLICT DO NOTHING;
INSERT INTO public.fulfillment_set (id, name, type, metadata, created_at, updated_at, deleted_at) VALUES ('fuset_01KRNSQAYGFEYBS1HSAM1AQ4KW', 'LogisBank fulfillment set', 'shipping', NULL, '2026-05-15 12:28:02.896+00', '2026-05-15 12:28:02.896+00', NULL) ON CONFLICT DO NOTHING;
INSERT INTO public.fulfillment_set (id, name, type, metadata, created_at, updated_at, deleted_at) VALUES ('fuset_01KRNSQB17499NJDHWBECQESKB', 'Trevisan Escola de Negócios fulfillment set', 'shipping', NULL, '2026-05-15 12:28:02.983+00', '2026-05-15 12:28:02.983+00', NULL) ON CONFLICT DO NOTHING;
INSERT INTO public.fulfillment_set (id, name, type, metadata, created_at, updated_at, deleted_at) VALUES ('fuset_01KRNSQB3W5A6VQEKC65YBKBAM', 'Solutio fulfillment set', 'shipping', NULL, '2026-05-15 12:28:03.068+00', '2026-05-15 12:28:03.068+00', NULL) ON CONFLICT DO NOTHING;
INSERT INTO public.fulfillment_set (id, name, type, metadata, created_at, updated_at, deleted_at) VALUES ('fuset_01KRNSQB6GQN1PCBGX2S58NR18', 'Planning fulfillment set', 'shipping', NULL, '2026-05-15 12:28:03.152+00', '2026-05-15 12:28:03.152+00', NULL) ON CONFLICT DO NOTHING;
INSERT INTO public.fulfillment_set (id, name, type, metadata, created_at, updated_at, deleted_at) VALUES ('fuset_01KRNSQB93CWA2J67GXWAHR5NK', 'Taxly fulfillment set', 'shipping', NULL, '2026-05-15 12:28:03.235+00', '2026-05-15 12:28:03.235+00', NULL) ON CONFLICT DO NOTHING;
INSERT INTO public.fulfillment_set (id, name, type, metadata, created_at, updated_at, deleted_at) VALUES ('fuset_01KRNSQBBP8C3YC0Z4F92N2Y57', 'Tributariou Business fulfillment set', 'shipping', NULL, '2026-05-15 12:28:03.318+00', '2026-05-15 12:28:03.318+00', NULL) ON CONFLICT DO NOTHING;
INSERT INTO public.fulfillment_set (id, name, type, metadata, created_at, updated_at, deleted_at) VALUES ('fuset_01KRNSQBKF28QD64DDQD8VK8RJ', 'Taxly Serviços e Tecnologia fulfillment set', 'shipping', NULL, '2026-05-15 12:28:03.567+00', '2026-05-15 12:28:03.567+00', NULL) ON CONFLICT DO NOTHING;


ALTER TABLE public.fulfillment_set ENABLE TRIGGER ALL;

--
-- Data for Name: service_zone; Type: TABLE DATA; Schema: public; Owner: -
--

ALTER TABLE public.service_zone DISABLE TRIGGER ALL;

INSERT INTO public.service_zone (id, name, metadata, fulfillment_set_id, created_at, updated_at, deleted_at) VALUES ('serzo_01KRTYDT93EAZ75FWYPJEVY0H5', 'Brazil', NULL, 'fuset_01KRNSQ7PWQJ398GDDHBPW8YXF', '2026-05-17 12:26:25.955+00', '2026-05-17 12:26:25.955+00', NULL) ON CONFLICT DO NOTHING;
INSERT INTO public.service_zone (id, name, metadata, fulfillment_set_id, created_at, updated_at, deleted_at) VALUES ('serzo_01KRV11BVP301HHSZWBCRSG4J1', 'BR - Busca Legal', NULL, 'fuset_01KRNSQ8152NXG484FFGC7RND0', '2026-05-17 13:12:03.702+00', '2026-05-17 13:12:03.702+00', NULL) ON CONFLICT DO NOTHING;
INSERT INTO public.service_zone (id, name, metadata, fulfillment_set_id, created_at, updated_at, deleted_at) VALUES ('serzo_01KRV11BW20ZK7WV3TX7MMK5RQ', 'BR - MA Tecnologias', NULL, 'fuset_01KRNSQ8ARXBAWA0PY871096AM', '2026-05-17 13:12:03.715+00', '2026-05-17 13:12:03.715+00', NULL) ON CONFLICT DO NOTHING;
INSERT INTO public.service_zone (id, name, metadata, fulfillment_set_id, created_at, updated_at, deleted_at) VALUES ('serzo_01KRV11BW8NXVYW2B3JMH3K1XV', 'BR - Revizia', NULL, 'fuset_01KRNSQ8RV7GKQDS1SKRCAXFHG', '2026-05-17 13:12:03.72+00', '2026-05-17 13:12:03.72+00', NULL) ON CONFLICT DO NOTHING;
INSERT INTO public.service_zone (id, name, metadata, fulfillment_set_id, created_at, updated_at, deleted_at) VALUES ('serzo_01KRV11BWCSBEDM1NXR3AZQNDW', 'BR - Tax Stragegy', NULL, 'fuset_01KRNSQ90AG3ZCT39QBJ25ATD1', '2026-05-17 13:12:03.724+00', '2026-05-17 13:12:03.724+00', NULL) ON CONFLICT DO NOTHING;
INSERT INTO public.service_zone (id, name, metadata, fulfillment_set_id, created_at, updated_at, deleted_at) VALUES ('serzo_01KRV11BWFJCFGXTGJ7SCBBCKK', 'BR - ROIT', NULL, 'fuset_01KRNSQ9460Q7ANZVYB3QXMGKZ', '2026-05-17 13:12:03.728+00', '2026-05-17 13:12:03.728+00', NULL) ON CONFLICT DO NOTHING;
INSERT INTO public.service_zone (id, name, metadata, fulfillment_set_id, created_at, updated_at, deleted_at) VALUES ('serzo_01KRV11BWKTAWAR7B2HJC4F8R2', 'BR - Brinta', NULL, 'fuset_01KRNSQ99YZZSD06ZK62GJCSJ3', '2026-05-17 13:12:03.731+00', '2026-05-17 13:12:03.731+00', NULL) ON CONFLICT DO NOTHING;
INSERT INTO public.service_zone (id, name, metadata, fulfillment_set_id, created_at, updated_at, deleted_at) VALUES ('serzo_01KRV11BWP8JHNP794RNEXTFWM', 'BR - Evollux', NULL, 'fuset_01KRNSQ9CFB1PMZJM8WW75DR8R', '2026-05-17 13:12:03.734+00', '2026-05-17 13:12:03.734+00', NULL) ON CONFLICT DO NOTHING;
INSERT INTO public.service_zone (id, name, metadata, fulfillment_set_id, created_at, updated_at, deleted_at) VALUES ('serzo_01KRV11BWTPEYHTN0EW42SQB1B', 'BR - Elo Fiscal', NULL, 'fuset_01KRNSQ9G2WSQZDT0D906HZTWA', '2026-05-17 13:12:03.738+00', '2026-05-17 13:12:03.738+00', NULL) ON CONFLICT DO NOTHING;
INSERT INTO public.service_zone (id, name, metadata, fulfillment_set_id, created_at, updated_at, deleted_at) VALUES ('serzo_01KRV11BWYEKM3RJBK2NQW37AG', 'BR - FS4YOU', NULL, 'fuset_01KRNSQ9JRYXD4D946H5DWKQYC', '2026-05-17 13:12:03.742+00', '2026-05-17 13:12:03.742+00', NULL) ON CONFLICT DO NOTHING;
INSERT INTO public.service_zone (id, name, metadata, fulfillment_set_id, created_at, updated_at, deleted_at) VALUES ('serzo_01KRV11BX3A4PZMTTEMGZC19PB', 'BR - Sittax', NULL, 'fuset_01KRNSQ9NDS34PKBTNFAEB4CPW', '2026-05-17 13:12:03.747+00', '2026-05-17 13:12:03.747+00', NULL) ON CONFLICT DO NOTHING;
INSERT INTO public.service_zone (id, name, metadata, fulfillment_set_id, created_at, updated_at, deleted_at) VALUES ('serzo_01KRV11BX8QFRRKGVW35Y5HMT5', 'BR - Menndel & Melo Advocacia', NULL, 'fuset_01KRNSQ9QZHKKMV06RK57HTPEF', '2026-05-17 13:12:03.752+00', '2026-05-17 13:12:03.752+00', NULL) ON CONFLICT DO NOTHING;
INSERT INTO public.service_zone (id, name, metadata, fulfillment_set_id, created_at, updated_at, deleted_at) VALUES ('serzo_01KRV11BXB3Q0KRSXD6F9DRSWE', 'BR - Camu', NULL, 'fuset_01KRNSQ9TFNHFW7MS6STZSC13H', '2026-05-17 13:12:03.755+00', '2026-05-17 13:12:03.755+00', NULL) ON CONFLICT DO NOTHING;
INSERT INTO public.service_zone (id, name, metadata, fulfillment_set_id, created_at, updated_at, deleted_at) VALUES ('serzo_01KRV11BXEZQB465R6GE5H65WY', 'BR - Simões Pires', NULL, 'fuset_01KRNSQ9ZFP952E3MDAQ4WHMNM', '2026-05-17 13:12:03.758+00', '2026-05-17 13:12:03.758+00', NULL) ON CONFLICT DO NOTHING;
INSERT INTO public.service_zone (id, name, metadata, fulfillment_set_id, created_at, updated_at, deleted_at) VALUES ('serzo_01KRV11BXHYVJ9Y9D68ZNHX8QR', 'BR - Lopti', NULL, 'fuset_01KRNSQA3X4K8D86X8XYMY062S', '2026-05-17 13:12:03.761+00', '2026-05-17 13:12:03.761+00', NULL) ON CONFLICT DO NOTHING;
INSERT INTO public.service_zone (id, name, metadata, fulfillment_set_id, created_at, updated_at, deleted_at) VALUES ('serzo_01KRV11BXMXDC0RF9WCW7X3WHM', 'BR - TSCTI  Soluções Fiscais', NULL, 'fuset_01KRNSQA6K7TMSR7MJDEZYMQ0A', '2026-05-17 13:12:03.764+00', '2026-05-17 13:12:03.764+00', NULL) ON CONFLICT DO NOTHING;
INSERT INTO public.service_zone (id, name, metadata, fulfillment_set_id, created_at, updated_at, deleted_at) VALUES ('serzo_01KRV11BXRVYC9H5Q1PMQP3K4X', 'BR - Numix Tech', NULL, 'fuset_01KRNSQA9CFSME71YZRQ0YHZQA', '2026-05-17 13:12:03.768+00', '2026-05-17 13:12:03.768+00', NULL) ON CONFLICT DO NOTHING;
INSERT INTO public.service_zone (id, name, metadata, fulfillment_set_id, created_at, updated_at, deleted_at) VALUES ('serzo_01KRV11BXWSKFV21XGGH3S7DXF', 'BR - Mastery E-commerce Solutions', NULL, 'fuset_01KRNSQAC0YP42SGHEDMWDK0GN', '2026-05-17 13:12:03.772+00', '2026-05-17 13:12:03.772+00', NULL) ON CONFLICT DO NOTHING;
INSERT INTO public.service_zone (id, name, metadata, fulfillment_set_id, created_at, updated_at, deleted_at) VALUES ('serzo_01KRV11BY0A2AQ1NGM1P1M1PNS', 'BR - FIND Tax Solutions', NULL, 'fuset_01KRNSQAF6QM49X9WTNH0NWBWT', '2026-05-17 13:12:03.776+00', '2026-05-17 13:12:03.776+00', NULL) ON CONFLICT DO NOTHING;
INSERT INTO public.service_zone (id, name, metadata, fulfillment_set_id, created_at, updated_at, deleted_at) VALUES ('serzo_01KRV11BY5YT3SGKHQ4NKBRV6H', 'BR - V360', NULL, 'fuset_01KRNSQAHSNVS3VNTKVYERG397', '2026-05-17 13:12:03.782+00', '2026-05-17 13:12:03.782+00', NULL) ON CONFLICT DO NOTHING;
INSERT INTO public.service_zone (id, name, metadata, fulfillment_set_id, created_at, updated_at, deleted_at) VALUES ('serzo_01KRV11BY8FFRQ0EBC3QK7WG0M', 'BR - TAX5 CONSULT', NULL, 'fuset_01KRNSQAQ421T1N2XHTPTTWNSP', '2026-05-17 13:12:03.784+00', '2026-05-17 13:12:03.784+00', NULL) ON CONFLICT DO NOTHING;
INSERT INTO public.service_zone (id, name, metadata, fulfillment_set_id, created_at, updated_at, deleted_at) VALUES ('serzo_01KRV11BYBTD5GJKMTGAERH6PG', 'BR - e-Auditoria', NULL, 'fuset_01KRNSQASP99393JPQ2EV42XQ6', '2026-05-17 13:12:03.787+00', '2026-05-17 13:12:03.787+00', NULL) ON CONFLICT DO NOTHING;
INSERT INTO public.service_zone (id, name, metadata, fulfillment_set_id, created_at, updated_at, deleted_at) VALUES ('serzo_01KRV11BYEEZF7DZGRZDBQEP1W', 'BR - LogisBank', NULL, 'fuset_01KRNSQAYGFEYBS1HSAM1AQ4KW', '2026-05-17 13:12:03.79+00', '2026-05-17 13:12:03.79+00', NULL) ON CONFLICT DO NOTHING;
INSERT INTO public.service_zone (id, name, metadata, fulfillment_set_id, created_at, updated_at, deleted_at) VALUES ('serzo_01KRV11BYJVNKP79NWF3FNPMVZ', 'BR - Trevisan Escola de Negócios', NULL, 'fuset_01KRNSQB17499NJDHWBECQESKB', '2026-05-17 13:12:03.794+00', '2026-05-17 13:12:03.794+00', NULL) ON CONFLICT DO NOTHING;
INSERT INTO public.service_zone (id, name, metadata, fulfillment_set_id, created_at, updated_at, deleted_at) VALUES ('serzo_01KRV11BYPA01R14DJ1QN49MD8', 'BR - Solutio', NULL, 'fuset_01KRNSQB3W5A6VQEKC65YBKBAM', '2026-05-17 13:12:03.798+00', '2026-05-17 13:12:03.798+00', NULL) ON CONFLICT DO NOTHING;
INSERT INTO public.service_zone (id, name, metadata, fulfillment_set_id, created_at, updated_at, deleted_at) VALUES ('serzo_01KRV11BYX42QBW10M7WP93HEM', 'BR - Planning', NULL, 'fuset_01KRNSQB6GQN1PCBGX2S58NR18', '2026-05-17 13:12:03.805+00', '2026-05-17 13:12:03.805+00', NULL) ON CONFLICT DO NOTHING;
INSERT INTO public.service_zone (id, name, metadata, fulfillment_set_id, created_at, updated_at, deleted_at) VALUES ('serzo_01KRV11BZ2N1RM186TJ4FBG90A', 'BR - Taxly', NULL, 'fuset_01KRNSQB93CWA2J67GXWAHR5NK', '2026-05-17 13:12:03.811+00', '2026-05-17 13:12:03.811+00', NULL) ON CONFLICT DO NOTHING;
INSERT INTO public.service_zone (id, name, metadata, fulfillment_set_id, created_at, updated_at, deleted_at) VALUES ('serzo_01KRV11BZ65EJ49X3G8RR6Q4PY', 'BR - Tributariou Business', NULL, 'fuset_01KRNSQBBP8C3YC0Z4F92N2Y57', '2026-05-17 13:12:03.814+00', '2026-05-17 13:12:03.814+00', NULL) ON CONFLICT DO NOTHING;
INSERT INTO public.service_zone (id, name, metadata, fulfillment_set_id, created_at, updated_at, deleted_at) VALUES ('serzo_01KRV11BZ9H848SYSE2Q4C37N3', 'BR - Taxly Serviços e Tecnologia', NULL, 'fuset_01KRNSQBKF28QD64DDQD8VK8RJ', '2026-05-17 13:12:03.817+00', '2026-05-17 13:12:03.817+00', NULL) ON CONFLICT DO NOTHING;


ALTER TABLE public.service_zone ENABLE TRIGGER ALL;

--
-- Data for Name: shipping_option_type; Type: TABLE DATA; Schema: public; Owner: -
--

ALTER TABLE public.shipping_option_type DISABLE TRIGGER ALL;

INSERT INTO public.shipping_option_type (id, label, description, code, created_at, updated_at, deleted_at) VALUES ('sotype_01KQNRBANTSEYW075D7MY1KM5Q', 'Standard', 'Ship in 5-7 business days.', 'standard', '2026-05-03 01:48:19.003+00', '2026-05-03 01:48:19.003+00', NULL) ON CONFLICT DO NOTHING;
INSERT INTO public.shipping_option_type (id, label, description, code, created_at, updated_at, deleted_at) VALUES ('sotype_01KQNRBANVPD2HSRA2VQZ1Z7BQ', 'Express', 'Ship in 2-3 business days.', 'express', '2026-05-03 01:48:19.003+00', '2026-05-03 01:48:19.003+00', NULL) ON CONFLICT DO NOTHING;
INSERT INTO public.shipping_option_type (id, label, description, code, created_at, updated_at, deleted_at) VALUES ('sotype_01KRBB56MH8D0XD3Z9PJ1SX6JS', 'MercurJS Store shipping', 'Europe shipping', 'MercurJS Store', '2026-05-11 11:01:04.274+00', '2026-05-11 11:01:04.274+00', NULL) ON CONFLICT DO NOTHING;


ALTER TABLE public.shipping_option_type ENABLE TRIGGER ALL;

--
-- Data for Name: shipping_profile; Type: TABLE DATA; Schema: public; Owner: -
--

ALTER TABLE public.shipping_profile DISABLE TRIGGER ALL;

INSERT INTO public.shipping_profile (id, name, type, metadata, created_at, updated_at, deleted_at) VALUES ('sp_01KQNR8ZPFMSEYX4H5VWYQ4282', 'Default Shipping Profile', 'default', NULL, '2026-05-03 01:47:02.223+00', '2026-05-03 01:47:02.223+00', NULL) ON CONFLICT DO NOTHING;
INSERT INTO public.shipping_profile (id, name, type, metadata, created_at, updated_at, deleted_at) VALUES ('sp_01KRBB56GKE2MP1ANX3VN6DVY4', 'sel_01KRBB56FJ49R1F4A5TA2A6XWN:Default shipping profile', 'default', NULL, '2026-05-11 11:01:04.148+00', '2026-05-11 11:01:04.148+00', NULL) ON CONFLICT DO NOTHING;
INSERT INTO public.shipping_profile (id, name, type, metadata, created_at, updated_at, deleted_at) VALUES ('sp_01KRBV95B02S2G3Y4QZX4K88CW', 'sel_01KRBV95A9Q2X0ACYX9HKRBVPX:Default shipping profile', 'default', NULL, '2026-05-11 15:42:51.232+00', '2026-05-11 15:42:51.232+00', NULL) ON CONFLICT DO NOTHING;
INSERT INTO public.shipping_profile (id, name, type, metadata, created_at, updated_at, deleted_at) VALUES ('sp_01KRBV95R0DKB3PD2G2D97RP69', 'sel_01KRBV95QPXJ83VFR9MRG0KPSB:Default shipping profile', 'default', NULL, '2026-05-11 15:42:51.648+00', '2026-05-11 15:42:51.648+00', NULL) ON CONFLICT DO NOTHING;
INSERT INTO public.shipping_profile (id, name, type, metadata, created_at, updated_at, deleted_at) VALUES ('sp_01KRBV95V4P6GZQE6N41KS0AWX', 'sel_01KRBV95TW0N6KFM5S5Q6ZMAVM:Default shipping profile', 'default', NULL, '2026-05-11 15:42:51.748+00', '2026-05-11 15:42:51.748+00', NULL) ON CONFLICT DO NOTHING;
INSERT INTO public.shipping_profile (id, name, type, metadata, created_at, updated_at, deleted_at) VALUES ('sp_01KRBV960TZ3XHRVEFX0930BHN', 'sel_01KRBV960KR8XTEZFB9M92XZ0H:Default shipping profile', 'default', NULL, '2026-05-11 15:42:51.93+00', '2026-05-11 15:42:51.93+00', NULL) ON CONFLICT DO NOTHING;
INSERT INTO public.shipping_profile (id, name, type, metadata, created_at, updated_at, deleted_at) VALUES ('sp_01KRBV96410SXSZNCHT1T3WQ4R', 'sel_01KRBV963RTH9H5DP84380HF8B:Default shipping profile', 'default', NULL, '2026-05-11 15:42:52.033+00', '2026-05-11 15:42:52.033+00', NULL) ON CONFLICT DO NOTHING;
INSERT INTO public.shipping_profile (id, name, type, metadata, created_at, updated_at, deleted_at) VALUES ('sp_01KRBV969GNJDVGV8E4A6W9BEH', 'sel_01KRBV969AHH2TV5MQYVSA4V24:Default shipping profile', 'default', NULL, '2026-05-11 15:42:52.209+00', '2026-05-11 15:42:52.209+00', NULL) ON CONFLICT DO NOTHING;
INSERT INTO public.shipping_profile (id, name, type, metadata, created_at, updated_at, deleted_at) VALUES ('sp_01KRBV96BZR87JDRKKJZDG1Z09', 'sel_01KRBV96BQ6SKR16REJ08VQVER:Default shipping profile', 'default', NULL, '2026-05-11 15:42:52.287+00', '2026-05-11 15:42:52.287+00', NULL) ON CONFLICT DO NOTHING;
INSERT INTO public.shipping_profile (id, name, type, metadata, created_at, updated_at, deleted_at) VALUES ('sp_01KRBV96EDYYGRSDFR5GV9MJ9P', 'sel_01KRBV96E7SVTCT38CZXQ4NANB:Default shipping profile', 'default', NULL, '2026-05-11 15:42:52.365+00', '2026-05-11 15:42:52.365+00', NULL) ON CONFLICT DO NOTHING;
INSERT INTO public.shipping_profile (id, name, type, metadata, created_at, updated_at, deleted_at) VALUES ('sp_01KRBV96GVH995XFR230F4PNE8', 'sel_01KRBV96GNRD1YD5BPQ9W95ERH:Default shipping profile', 'default', NULL, '2026-05-11 15:42:52.443+00', '2026-05-11 15:42:52.443+00', NULL) ON CONFLICT DO NOTHING;
INSERT INTO public.shipping_profile (id, name, type, metadata, created_at, updated_at, deleted_at) VALUES ('sp_01KRBV96KNYEYDCC1ABGNQ48AQ', 'sel_01KRBV96KFTPXG8RG7TWB13YQK:Default shipping profile', 'default', NULL, '2026-05-11 15:42:52.533+00', '2026-05-11 15:42:52.533+00', NULL) ON CONFLICT DO NOTHING;
INSERT INTO public.shipping_profile (id, name, type, metadata, created_at, updated_at, deleted_at) VALUES ('sp_01KRBV96PX5DRDCS189VKZAZ1E', 'sel_01KRBV96PMTCXWRTDX7THG8BE6:Default shipping profile', 'default', NULL, '2026-05-11 15:42:52.637+00', '2026-05-11 15:42:52.637+00', NULL) ON CONFLICT DO NOTHING;
INSERT INTO public.shipping_profile (id, name, type, metadata, created_at, updated_at, deleted_at) VALUES ('sp_01KRBV96SZEX301DHMRDEC7BMV', 'sel_01KRBV96SHNKQMV9E23P61440X:Default shipping profile', 'default', NULL, '2026-05-11 15:42:52.735+00', '2026-05-11 15:42:52.735+00', NULL) ON CONFLICT DO NOTHING;
INSERT INTO public.shipping_profile (id, name, type, metadata, created_at, updated_at, deleted_at) VALUES ('sp_01KRBV96WE388F2XW3CSWM2PR9', 'sel_01KRBV96W7BQSB9J5A2ZAWZ9E2:Default shipping profile', 'default', NULL, '2026-05-11 15:42:52.814+00', '2026-05-11 15:42:52.814+00', NULL) ON CONFLICT DO NOTHING;
INSERT INTO public.shipping_profile (id, name, type, metadata, created_at, updated_at, deleted_at) VALUES ('sp_01KRBV96Z0YHZK926MQGWFXR73', 'sel_01KRBV96YT6VAFFAQNNN39ZMDR:Default shipping profile', 'default', NULL, '2026-05-11 15:42:52.897+00', '2026-05-11 15:42:52.897+00', NULL) ON CONFLICT DO NOTHING;
INSERT INTO public.shipping_profile (id, name, type, metadata, created_at, updated_at, deleted_at) VALUES ('sp_01KRBV9731JXPS2ER97JQHZ11G', 'sel_01KRBV972VH6GEX5KERF3RBMJR:Default shipping profile', 'default', NULL, '2026-05-11 15:42:53.025+00', '2026-05-11 15:42:53.025+00', NULL) ON CONFLICT DO NOTHING;
INSERT INTO public.shipping_profile (id, name, type, metadata, created_at, updated_at, deleted_at) VALUES ('sp_01KRBV975HAK6VQQVR8XFY5BX3', 'sel_01KRBV9756XSYE51TZNYPHC0TM:Default shipping profile', 'default', NULL, '2026-05-11 15:42:53.105+00', '2026-05-11 15:42:53.105+00', NULL) ON CONFLICT DO NOTHING;
INSERT INTO public.shipping_profile (id, name, type, metadata, created_at, updated_at, deleted_at) VALUES ('sp_01KRBV9780D3A912F1QAREH103', 'sel_01KRBV977T8SXKWFNSBKFJZW8X:Default shipping profile', 'default', NULL, '2026-05-11 15:42:53.184+00', '2026-05-11 15:42:53.184+00', NULL) ON CONFLICT DO NOTHING;
INSERT INTO public.shipping_profile (id, name, type, metadata, created_at, updated_at, deleted_at) VALUES ('sp_01KRBV97AFQZQ70HNKN0ZMWPZP', 'sel_01KRBV97A9FM9PV6ZSZ5F4P436:Default shipping profile', 'default', NULL, '2026-05-11 15:42:53.263+00', '2026-05-11 15:42:53.263+00', NULL) ON CONFLICT DO NOTHING;
INSERT INTO public.shipping_profile (id, name, type, metadata, created_at, updated_at, deleted_at) VALUES ('sp_01KRBV97E7A8MENVNMNGHZ2TJH', 'sel_01KRBV97DX8H3WNA91RQYXXW3V:Default shipping profile', 'default', NULL, '2026-05-11 15:42:53.383+00', '2026-05-11 15:42:53.383+00', NULL) ON CONFLICT DO NOTHING;
INSERT INTO public.shipping_profile (id, name, type, metadata, created_at, updated_at, deleted_at) VALUES ('sp_01KRBV97MKX9KS8M2EQJM1JS88', 'sel_01KRBV97MD5AXVMGCTHXVG6FQJ:Default shipping profile', 'default', NULL, '2026-05-11 15:42:53.587+00', '2026-05-11 15:42:53.587+00', NULL) ON CONFLICT DO NOTHING;
INSERT INTO public.shipping_profile (id, name, type, metadata, created_at, updated_at, deleted_at) VALUES ('sp_01KRBV97RS14WZJR7SM7F6HTBK', 'sel_01KRBV97RKZ7G7J9038H5RXX5M:Default shipping profile', 'default', NULL, '2026-05-11 15:42:53.721+00', '2026-05-11 15:42:53.721+00', NULL) ON CONFLICT DO NOTHING;
INSERT INTO public.shipping_profile (id, name, type, metadata, created_at, updated_at, deleted_at) VALUES ('sp_01KRBV97ZF8Y66CSJPVQDYPZ10', 'sel_01KRBV97Z79TXTZ8BQY7P0RV5Q:Default shipping profile', 'default', NULL, '2026-05-11 15:42:53.935+00', '2026-05-11 15:42:53.935+00', NULL) ON CONFLICT DO NOTHING;
INSERT INTO public.shipping_profile (id, name, type, metadata, created_at, updated_at, deleted_at) VALUES ('sp_01KRBV981Y9YXKYZQKQSFS7FZT', 'sel_01KRBV981R74495CHFCASS4EDB:Default shipping profile', 'default', NULL, '2026-05-11 15:42:54.014+00', '2026-05-11 15:42:54.014+00', NULL) ON CONFLICT DO NOTHING;
INSERT INTO public.shipping_profile (id, name, type, metadata, created_at, updated_at, deleted_at) VALUES ('sp_01KRBV9857XAD90ZX29RW3XHJY', 'sel_01KRBV984QDDBVA34WW53ZYX73:Default shipping profile', 'default', NULL, '2026-05-11 15:42:54.12+00', '2026-05-11 15:42:54.12+00', NULL) ON CONFLICT DO NOTHING;
INSERT INTO public.shipping_profile (id, name, type, metadata, created_at, updated_at, deleted_at) VALUES ('sp_01KRBV988R5DDKKY4MC6YXX1SZ', 'sel_01KRBV987XZ1YJX5XB59VWF9Z6:Default shipping profile', 'default', NULL, '2026-05-11 15:42:54.233+00', '2026-05-11 15:42:54.233+00', NULL) ON CONFLICT DO NOTHING;
INSERT INTO public.shipping_profile (id, name, type, metadata, created_at, updated_at, deleted_at) VALUES ('sp_01KRBV98G9MH61QYN15MD98097', 'sel_01KRBV98FWB8ZZ9Q4RQZRPFZQ4:Default shipping profile', 'default', NULL, '2026-05-11 15:42:54.474+00', '2026-05-11 15:42:54.474+00', NULL) ON CONFLICT DO NOTHING;
INSERT INTO public.shipping_profile (id, name, type, metadata, created_at, updated_at, deleted_at) VALUES ('sp_01KRBV98M055XPYZ794MNAD506', 'sel_01KRBV98KRD09HVSD9FSVF4H5M:Default shipping profile', 'default', NULL, '2026-05-11 15:42:54.592+00', '2026-05-11 15:42:54.592+00', NULL) ON CONFLICT DO NOTHING;
INSERT INTO public.shipping_profile (id, name, type, metadata, created_at, updated_at, deleted_at) VALUES ('sp_01KRBV98PNMHP880B79C4BWV14', 'sel_01KRBV98PE0Z481WK16YEFBFF5:Default shipping profile', 'default', NULL, '2026-05-11 15:42:54.677+00', '2026-05-11 15:42:54.677+00', NULL) ON CONFLICT DO NOTHING;
INSERT INTO public.shipping_profile (id, name, type, metadata, created_at, updated_at, deleted_at) VALUES ('sp_01KRBV98S1JTHVYZQ6R5QY70KV', 'sel_01KRBV98RV1A0WTQBJ6C250TD3:Default shipping profile', 'default', NULL, '2026-05-11 15:42:54.753+00', '2026-05-11 15:42:54.753+00', NULL) ON CONFLICT DO NOTHING;
INSERT INTO public.shipping_profile (id, name, type, metadata, created_at, updated_at, deleted_at) VALUES ('sp_01KRNSQ7NHSTBB0QRMA8KDNMCS', 'sel_01KRNSQ7MND00MXR9N9TAZAA3K:Default shipping profile', 'default', NULL, '2026-05-15 12:27:59.537+00', '2026-05-15 12:27:59.537+00', NULL) ON CONFLICT DO NOTHING;
INSERT INTO public.shipping_profile (id, name, type, metadata, created_at, updated_at, deleted_at) VALUES ('sp_01KRNSQ80683RSJ64X26NHP2Q9', 'sel_01KRNSQ7ZS9HQFAQXRZJ2C5F8Z:Default shipping profile', 'default', NULL, '2026-05-15 12:27:59.878+00', '2026-05-15 12:27:59.878+00', NULL) ON CONFLICT DO NOTHING;
INSERT INTO public.shipping_profile (id, name, type, metadata, created_at, updated_at, deleted_at) VALUES ('sp_01KRNSQ8A0881ZA1SHSFXV6NV8', 'sel_01KRNSQ89EAMK11QQ8WZ30MBZB:Default shipping profile', 'default', NULL, '2026-05-15 12:28:00.192+00', '2026-05-15 12:28:00.192+00', NULL) ON CONFLICT DO NOTHING;
INSERT INTO public.shipping_profile (id, name, type, metadata, created_at, updated_at, deleted_at) VALUES ('sp_01KRNSQ8QB7EH2GGN2021F6BKT', 'sel_01KRNSQ8P8TFW3YE7GRBFYZYFC:Default shipping profile', 'default', NULL, '2026-05-15 12:28:00.619+00', '2026-05-15 12:28:00.619+00', NULL) ON CONFLICT DO NOTHING;
INSERT INTO public.shipping_profile (id, name, type, metadata, created_at, updated_at, deleted_at) VALUES ('sp_01KRNSQ8ZJ16M9GGDNK6TVK497', 'sel_01KRNSQ8Z7X9VENXWC8B86PB3J:Default shipping profile', 'default', NULL, '2026-05-15 12:28:00.882+00', '2026-05-15 12:28:00.882+00', NULL) ON CONFLICT DO NOTHING;
INSERT INTO public.shipping_profile (id, name, type, metadata, created_at, updated_at, deleted_at) VALUES ('sp_01KRNSQ93CQSCNK95V3XFA2PKH', 'sel_01KRNSQ934TWSRM5J5AKS01SEQ:Default shipping profile', 'default', NULL, '2026-05-15 12:28:01.004+00', '2026-05-15 12:28:01.004+00', NULL) ON CONFLICT DO NOTHING;
INSERT INTO public.shipping_profile (id, name, type, metadata, created_at, updated_at, deleted_at) VALUES ('sp_01KRNSQ99DW05JB4AT8QXF37XJ', 'sel_01KRNSQ992EW1ZEF5QQAPT3S3E:Default shipping profile', 'default', NULL, '2026-05-15 12:28:01.197+00', '2026-05-15 12:28:01.197+00', NULL) ON CONFLICT DO NOTHING;
INSERT INTO public.shipping_profile (id, name, type, metadata, created_at, updated_at, deleted_at) VALUES ('sp_01KRNSQ9C3MG5D1HFB6E5MQQ4Q', 'sel_01KRNSQ9BX51A7AEZR2G5WW72J:Default shipping profile', 'default', NULL, '2026-05-15 12:28:01.283+00', '2026-05-15 12:28:01.283+00', NULL) ON CONFLICT DO NOTHING;
INSERT INTO public.shipping_profile (id, name, type, metadata, created_at, updated_at, deleted_at) VALUES ('sp_01KRNSQ9FKDCFVBTMXGDPBVXVX', 'sel_01KRNSQ9FAE2PMYB364WKT3DY6:Default shipping profile', 'default', NULL, '2026-05-15 12:28:01.395+00', '2026-05-15 12:28:01.395+00', NULL) ON CONFLICT DO NOTHING;
INSERT INTO public.shipping_profile (id, name, type, metadata, created_at, updated_at, deleted_at) VALUES ('sp_01KRNSQ9J6S4GA0RJVMPYT66AP', 'sel_01KRNSQ9HZGE26YTSJS5ZND5E5:Default shipping profile', 'default', NULL, '2026-05-15 12:28:01.478+00', '2026-05-15 12:28:01.478+00', NULL) ON CONFLICT DO NOTHING;
INSERT INTO public.shipping_profile (id, name, type, metadata, created_at, updated_at, deleted_at) VALUES ('sp_01KRNSQ9N1EQ6A52ENYZEF03YQ', 'sel_01KRNSQ9MQFV4FCKC44GXHG903:Default shipping profile', 'default', NULL, '2026-05-15 12:28:01.569+00', '2026-05-15 12:28:01.569+00', NULL) ON CONFLICT DO NOTHING;
INSERT INTO public.shipping_profile (id, name, type, metadata, created_at, updated_at, deleted_at) VALUES ('sp_01KRNSQ9QGNGYWR7J7QW9BVJ2R', 'sel_01KRNSQ9Q9RRMJC1M753YHJMC3:Default shipping profile', 'default', NULL, '2026-05-15 12:28:01.648+00', '2026-05-15 12:28:01.648+00', NULL) ON CONFLICT DO NOTHING;
INSERT INTO public.shipping_profile (id, name, type, metadata, created_at, updated_at, deleted_at) VALUES ('sp_01KRNSQ9T1CBG22S4ZARH32T6Z', 'sel_01KRNSQ9SV1CTCGDVEHJFJR865:Default shipping profile', 'default', NULL, '2026-05-15 12:28:01.729+00', '2026-05-15 12:28:01.729+00', NULL) ON CONFLICT DO NOTHING;
INSERT INTO public.shipping_profile (id, name, type, metadata, created_at, updated_at, deleted_at) VALUES ('sp_01KRNSQ9Z282944K473D3YES0N', 'sel_01KRNSQ9YTXH9W1TB6VY6TE3Q9:Default shipping profile', 'default', NULL, '2026-05-15 12:28:01.89+00', '2026-05-15 12:28:01.89+00', NULL) ON CONFLICT DO NOTHING;
INSERT INTO public.shipping_profile (id, name, type, metadata, created_at, updated_at, deleted_at) VALUES ('sp_01KRNSQA3E4TM1XVJGFQ0T1DKW', 'sel_01KRNSQA36KV63AKTNFBH4CXDR:Default shipping profile', 'default', NULL, '2026-05-15 12:28:02.03+00', '2026-05-15 12:28:02.03+00', NULL) ON CONFLICT DO NOTHING;
INSERT INTO public.shipping_profile (id, name, type, metadata, created_at, updated_at, deleted_at) VALUES ('sp_01KRNSQA65PEZQV8ES5GPG5N7S', 'sel_01KRNSQA5YE6QGZ6R3FZEA13K7:Default shipping profile', 'default', NULL, '2026-05-15 12:28:02.117+00', '2026-05-15 12:28:02.117+00', NULL) ON CONFLICT DO NOTHING;
INSERT INTO public.shipping_profile (id, name, type, metadata, created_at, updated_at, deleted_at) VALUES ('sp_01KRNSQA8RRCXESY7EQ2CF3D24', 'sel_01KRNSQA8GSREJ8H4AA9NSGKSJ:Default shipping profile', 'default', NULL, '2026-05-15 12:28:02.2+00', '2026-05-15 12:28:02.2+00', NULL) ON CONFLICT DO NOTHING;
INSERT INTO public.shipping_profile (id, name, type, metadata, created_at, updated_at, deleted_at) VALUES ('sp_01KRNSQABJ8K40GSZCRFZR0CT7', 'sel_01KRNSQABBPX4MHZYF9CQBAJ2J:Default shipping profile', 'default', NULL, '2026-05-15 12:28:02.29+00', '2026-05-15 12:28:02.29+00', NULL) ON CONFLICT DO NOTHING;
INSERT INTO public.shipping_profile (id, name, type, metadata, created_at, updated_at, deleted_at) VALUES ('sp_01KRNSQAEP53BZNQ9297KPVMHH', 'sel_01KRNSQAEDE00FEXRA46ZB9K46:Default shipping profile', 'default', NULL, '2026-05-15 12:28:02.39+00', '2026-05-15 12:28:02.39+00', NULL) ON CONFLICT DO NOTHING;
INSERT INTO public.shipping_profile (id, name, type, metadata, created_at, updated_at, deleted_at) VALUES ('sp_01KRNSQAHA0CC1PMT3S542BG82', 'sel_01KRNSQAH2RCD5Z8XABC5ZF05J:Default shipping profile', 'default', NULL, '2026-05-15 12:28:02.474+00', '2026-05-15 12:28:02.474+00', NULL) ON CONFLICT DO NOTHING;
INSERT INTO public.shipping_profile (id, name, type, metadata, created_at, updated_at, deleted_at) VALUES ('sp_01KRNSQAPRT2Z3DY9A7ZN0J6N7', 'sel_01KRNSQAPGYJMTSHWPBRKBSDP9:Default shipping profile', 'default', NULL, '2026-05-15 12:28:02.648+00', '2026-05-15 12:28:02.648+00', NULL) ON CONFLICT DO NOTHING;
INSERT INTO public.shipping_profile (id, name, type, metadata, created_at, updated_at, deleted_at) VALUES ('sp_01KRNSQAS8A94W7EJV2CMW2DFJ', 'sel_01KRNSQAS1K75HA5ZDYCY72HTR:Default shipping profile', 'default', NULL, '2026-05-15 12:28:02.728+00', '2026-05-15 12:28:02.728+00', NULL) ON CONFLICT DO NOTHING;
INSERT INTO public.shipping_profile (id, name, type, metadata, created_at, updated_at, deleted_at) VALUES ('sp_01KRNSQAXZ5XMN2146RPEHMDNG', 'sel_01KRNSQAXSJYEE618G1MJAV2Y7:Default shipping profile', 'default', NULL, '2026-05-15 12:28:02.88+00', '2026-05-15 12:28:02.88+00', NULL) ON CONFLICT DO NOTHING;
INSERT INTO public.shipping_profile (id, name, type, metadata, created_at, updated_at, deleted_at) VALUES ('sp_01KRNSQB0P6S0P2TSN0DPQR4PY', 'sel_01KRNSQB0GP6KXG3KTYEZNT96X:Default shipping profile', 'default', NULL, '2026-05-15 12:28:02.966+00', '2026-05-15 12:28:02.966+00', NULL) ON CONFLICT DO NOTHING;
INSERT INTO public.shipping_profile (id, name, type, metadata, created_at, updated_at, deleted_at) VALUES ('sp_01KRNSQB3BR8AXAJKH5ZS25V96', 'sel_01KRNSQB33N41XA4MEY4DP8JPR:Default shipping profile', 'default', NULL, '2026-05-15 12:28:03.051+00', '2026-05-15 12:28:03.051+00', NULL) ON CONFLICT DO NOTHING;
INSERT INTO public.shipping_profile (id, name, type, metadata, created_at, updated_at, deleted_at) VALUES ('sp_01KRNSQB61AQDJ03HWDZ7YQ703', 'sel_01KRNSQB5S6EZCREKT4XZ80PEX:Default shipping profile', 'default', NULL, '2026-05-15 12:28:03.137+00', '2026-05-15 12:28:03.137+00', NULL) ON CONFLICT DO NOTHING;
INSERT INTO public.shipping_profile (id, name, type, metadata, created_at, updated_at, deleted_at) VALUES ('sp_01KRNSQB8Q99TX1DJ5CSB08FB2', 'sel_01KRNSQB8E9JM8CSQZ64JXHKRA:Default shipping profile', 'default', NULL, '2026-05-15 12:28:03.223+00', '2026-05-15 12:28:03.223+00', NULL) ON CONFLICT DO NOTHING;
INSERT INTO public.shipping_profile (id, name, type, metadata, created_at, updated_at, deleted_at) VALUES ('sp_01KRNSQBB9PMB915VDD84VFD1E', 'sel_01KRNSQBB01V4XF55AAQ29NAPE:Default shipping profile', 'default', NULL, '2026-05-15 12:28:03.305+00', '2026-05-15 12:28:03.305+00', NULL) ON CONFLICT DO NOTHING;
INSERT INTO public.shipping_profile (id, name, type, metadata, created_at, updated_at, deleted_at) VALUES ('sp_01KRNSQBK2S1GJPR13EKC3JWE5', 'sel_01KRNSQBJWP0WV8PQ9HEETP6EC:Default shipping profile', 'default', NULL, '2026-05-15 12:28:03.554+00', '2026-05-15 12:28:03.554+00', NULL) ON CONFLICT DO NOTHING;


ALTER TABLE public.shipping_profile ENABLE TRIGGER ALL;

--
-- Data for Name: shipping_option; Type: TABLE DATA; Schema: public; Owner: -
--

ALTER TABLE public.shipping_option DISABLE TRIGGER ALL;



ALTER TABLE public.shipping_option ENABLE TRIGGER ALL;

--
-- Data for Name: fulfillment; Type: TABLE DATA; Schema: public; Owner: -
--

ALTER TABLE public.fulfillment DISABLE TRIGGER ALL;



ALTER TABLE public.fulfillment ENABLE TRIGGER ALL;

--
-- Data for Name: fulfillment_item; Type: TABLE DATA; Schema: public; Owner: -
--

ALTER TABLE public.fulfillment_item DISABLE TRIGGER ALL;



ALTER TABLE public.fulfillment_item ENABLE TRIGGER ALL;

--
-- Data for Name: fulfillment_label; Type: TABLE DATA; Schema: public; Owner: -
--

ALTER TABLE public.fulfillment_label DISABLE TRIGGER ALL;



ALTER TABLE public.fulfillment_label ENABLE TRIGGER ALL;

--
-- Data for Name: geo_zone; Type: TABLE DATA; Schema: public; Owner: -
--

ALTER TABLE public.geo_zone DISABLE TRIGGER ALL;

INSERT INTO public.geo_zone (id, type, country_code, province_code, city, service_zone_id, postal_expression, metadata, created_at, updated_at, deleted_at) VALUES ('fgz_01KRTYDT922GTPRDGCEMEG3HCE', 'country', 'br', NULL, NULL, 'serzo_01KRTYDT93EAZ75FWYPJEVY0H5', NULL, NULL, '2026-05-17 12:26:25.955+00', '2026-05-17 12:26:25.955+00', NULL) ON CONFLICT DO NOTHING;
INSERT INTO public.geo_zone (id, type, country_code, province_code, city, service_zone_id, postal_expression, metadata, created_at, updated_at, deleted_at) VALUES ('fgz_01KRV11BVNKA04GT7K074Z8BZJ', 'country', 'br', NULL, NULL, 'serzo_01KRV11BVP301HHSZWBCRSG4J1', NULL, NULL, '2026-05-17 13:12:03.702+00', '2026-05-17 13:12:03.702+00', NULL) ON CONFLICT DO NOTHING;
INSERT INTO public.geo_zone (id, type, country_code, province_code, city, service_zone_id, postal_expression, metadata, created_at, updated_at, deleted_at) VALUES ('fgz_01KRV11BW2N8DBVW8KWQH7HT4B', 'country', 'br', NULL, NULL, 'serzo_01KRV11BW20ZK7WV3TX7MMK5RQ', NULL, NULL, '2026-05-17 13:12:03.715+00', '2026-05-17 13:12:03.715+00', NULL) ON CONFLICT DO NOTHING;
INSERT INTO public.geo_zone (id, type, country_code, province_code, city, service_zone_id, postal_expression, metadata, created_at, updated_at, deleted_at) VALUES ('fgz_01KRV11BW82SY64TEX1NZXQW51', 'country', 'br', NULL, NULL, 'serzo_01KRV11BW8NXVYW2B3JMH3K1XV', NULL, NULL, '2026-05-17 13:12:03.72+00', '2026-05-17 13:12:03.72+00', NULL) ON CONFLICT DO NOTHING;
INSERT INTO public.geo_zone (id, type, country_code, province_code, city, service_zone_id, postal_expression, metadata, created_at, updated_at, deleted_at) VALUES ('fgz_01KRV11BWC2KA3A10GQVNWAN95', 'country', 'br', NULL, NULL, 'serzo_01KRV11BWCSBEDM1NXR3AZQNDW', NULL, NULL, '2026-05-17 13:12:03.724+00', '2026-05-17 13:12:03.724+00', NULL) ON CONFLICT DO NOTHING;
INSERT INTO public.geo_zone (id, type, country_code, province_code, city, service_zone_id, postal_expression, metadata, created_at, updated_at, deleted_at) VALUES ('fgz_01KRV11BWFR6FZQA4JCDQK6JAH', 'country', 'br', NULL, NULL, 'serzo_01KRV11BWFJCFGXTGJ7SCBBCKK', NULL, NULL, '2026-05-17 13:12:03.728+00', '2026-05-17 13:12:03.728+00', NULL) ON CONFLICT DO NOTHING;
INSERT INTO public.geo_zone (id, type, country_code, province_code, city, service_zone_id, postal_expression, metadata, created_at, updated_at, deleted_at) VALUES ('fgz_01KRV11BWK0F5V3AKMA4JFC8EP', 'country', 'br', NULL, NULL, 'serzo_01KRV11BWKTAWAR7B2HJC4F8R2', NULL, NULL, '2026-05-17 13:12:03.731+00', '2026-05-17 13:12:03.731+00', NULL) ON CONFLICT DO NOTHING;
INSERT INTO public.geo_zone (id, type, country_code, province_code, city, service_zone_id, postal_expression, metadata, created_at, updated_at, deleted_at) VALUES ('fgz_01KRV11BWPCKMX78AGHMJMK97G', 'country', 'br', NULL, NULL, 'serzo_01KRV11BWP8JHNP794RNEXTFWM', NULL, NULL, '2026-05-17 13:12:03.734+00', '2026-05-17 13:12:03.734+00', NULL) ON CONFLICT DO NOTHING;
INSERT INTO public.geo_zone (id, type, country_code, province_code, city, service_zone_id, postal_expression, metadata, created_at, updated_at, deleted_at) VALUES ('fgz_01KRV11BWT8RME9EBKG0XNVT08', 'country', 'br', NULL, NULL, 'serzo_01KRV11BWTPEYHTN0EW42SQB1B', NULL, NULL, '2026-05-17 13:12:03.738+00', '2026-05-17 13:12:03.738+00', NULL) ON CONFLICT DO NOTHING;
INSERT INTO public.geo_zone (id, type, country_code, province_code, city, service_zone_id, postal_expression, metadata, created_at, updated_at, deleted_at) VALUES ('fgz_01KRV11BWXAX9XVX74MEKMBF7T', 'country', 'br', NULL, NULL, 'serzo_01KRV11BWYEKM3RJBK2NQW37AG', NULL, NULL, '2026-05-17 13:12:03.742+00', '2026-05-17 13:12:03.742+00', NULL) ON CONFLICT DO NOTHING;
INSERT INTO public.geo_zone (id, type, country_code, province_code, city, service_zone_id, postal_expression, metadata, created_at, updated_at, deleted_at) VALUES ('fgz_01KRV11BX3JADVY3MDNG3FZ067', 'country', 'br', NULL, NULL, 'serzo_01KRV11BX3A4PZMTTEMGZC19PB', NULL, NULL, '2026-05-17 13:12:03.747+00', '2026-05-17 13:12:03.747+00', NULL) ON CONFLICT DO NOTHING;
INSERT INTO public.geo_zone (id, type, country_code, province_code, city, service_zone_id, postal_expression, metadata, created_at, updated_at, deleted_at) VALUES ('fgz_01KRV11BX8G0HHVAW3QMRK5F9E', 'country', 'br', NULL, NULL, 'serzo_01KRV11BX8QFRRKGVW35Y5HMT5', NULL, NULL, '2026-05-17 13:12:03.752+00', '2026-05-17 13:12:03.752+00', NULL) ON CONFLICT DO NOTHING;
INSERT INTO public.geo_zone (id, type, country_code, province_code, city, service_zone_id, postal_expression, metadata, created_at, updated_at, deleted_at) VALUES ('fgz_01KRV11BXBAY3D2YYK3YXR6FGR', 'country', 'br', NULL, NULL, 'serzo_01KRV11BXB3Q0KRSXD6F9DRSWE', NULL, NULL, '2026-05-17 13:12:03.755+00', '2026-05-17 13:12:03.755+00', NULL) ON CONFLICT DO NOTHING;
INSERT INTO public.geo_zone (id, type, country_code, province_code, city, service_zone_id, postal_expression, metadata, created_at, updated_at, deleted_at) VALUES ('fgz_01KRV11BXE6H6QF46986SPHQTW', 'country', 'br', NULL, NULL, 'serzo_01KRV11BXEZQB465R6GE5H65WY', NULL, NULL, '2026-05-17 13:12:03.758+00', '2026-05-17 13:12:03.758+00', NULL) ON CONFLICT DO NOTHING;
INSERT INTO public.geo_zone (id, type, country_code, province_code, city, service_zone_id, postal_expression, metadata, created_at, updated_at, deleted_at) VALUES ('fgz_01KRV11BXH93FETSMZNSWEEKNJ', 'country', 'br', NULL, NULL, 'serzo_01KRV11BXHYVJ9Y9D68ZNHX8QR', NULL, NULL, '2026-05-17 13:12:03.761+00', '2026-05-17 13:12:03.761+00', NULL) ON CONFLICT DO NOTHING;
INSERT INTO public.geo_zone (id, type, country_code, province_code, city, service_zone_id, postal_expression, metadata, created_at, updated_at, deleted_at) VALUES ('fgz_01KRV11BXM7K1WW9ATYJ9QXSH8', 'country', 'br', NULL, NULL, 'serzo_01KRV11BXMXDC0RF9WCW7X3WHM', NULL, NULL, '2026-05-17 13:12:03.764+00', '2026-05-17 13:12:03.764+00', NULL) ON CONFLICT DO NOTHING;
INSERT INTO public.geo_zone (id, type, country_code, province_code, city, service_zone_id, postal_expression, metadata, created_at, updated_at, deleted_at) VALUES ('fgz_01KRV11BXR0WK3BER4NFGD2ACP', 'country', 'br', NULL, NULL, 'serzo_01KRV11BXRVYC9H5Q1PMQP3K4X', NULL, NULL, '2026-05-17 13:12:03.768+00', '2026-05-17 13:12:03.768+00', NULL) ON CONFLICT DO NOTHING;
INSERT INTO public.geo_zone (id, type, country_code, province_code, city, service_zone_id, postal_expression, metadata, created_at, updated_at, deleted_at) VALUES ('fgz_01KRV11BXWZXSA6VE2KTTK43EW', 'country', 'br', NULL, NULL, 'serzo_01KRV11BXWSKFV21XGGH3S7DXF', NULL, NULL, '2026-05-17 13:12:03.772+00', '2026-05-17 13:12:03.772+00', NULL) ON CONFLICT DO NOTHING;
INSERT INTO public.geo_zone (id, type, country_code, province_code, city, service_zone_id, postal_expression, metadata, created_at, updated_at, deleted_at) VALUES ('fgz_01KRV11BXZQMNPBSWQAEWSKDVS', 'country', 'br', NULL, NULL, 'serzo_01KRV11BY0A2AQ1NGM1P1M1PNS', NULL, NULL, '2026-05-17 13:12:03.776+00', '2026-05-17 13:12:03.776+00', NULL) ON CONFLICT DO NOTHING;
INSERT INTO public.geo_zone (id, type, country_code, province_code, city, service_zone_id, postal_expression, metadata, created_at, updated_at, deleted_at) VALUES ('fgz_01KRV11BY52ME3MNPRN9G8AQFT', 'country', 'br', NULL, NULL, 'serzo_01KRV11BY5YT3SGKHQ4NKBRV6H', NULL, NULL, '2026-05-17 13:12:03.782+00', '2026-05-17 13:12:03.782+00', NULL) ON CONFLICT DO NOTHING;
INSERT INTO public.geo_zone (id, type, country_code, province_code, city, service_zone_id, postal_expression, metadata, created_at, updated_at, deleted_at) VALUES ('fgz_01KRV11BY8YVPGSZ6A8P45YP3G', 'country', 'br', NULL, NULL, 'serzo_01KRV11BY8FFRQ0EBC3QK7WG0M', NULL, NULL, '2026-05-17 13:12:03.784+00', '2026-05-17 13:12:03.784+00', NULL) ON CONFLICT DO NOTHING;
INSERT INTO public.geo_zone (id, type, country_code, province_code, city, service_zone_id, postal_expression, metadata, created_at, updated_at, deleted_at) VALUES ('fgz_01KRV11BYBKAMAFMY55GXGTE56', 'country', 'br', NULL, NULL, 'serzo_01KRV11BYBTD5GJKMTGAERH6PG', NULL, NULL, '2026-05-17 13:12:03.787+00', '2026-05-17 13:12:03.787+00', NULL) ON CONFLICT DO NOTHING;
INSERT INTO public.geo_zone (id, type, country_code, province_code, city, service_zone_id, postal_expression, metadata, created_at, updated_at, deleted_at) VALUES ('fgz_01KRV11BYE64HHHZ5NMMKS28MS', 'country', 'br', NULL, NULL, 'serzo_01KRV11BYEEZF7DZGRZDBQEP1W', NULL, NULL, '2026-05-17 13:12:03.79+00', '2026-05-17 13:12:03.79+00', NULL) ON CONFLICT DO NOTHING;
INSERT INTO public.geo_zone (id, type, country_code, province_code, city, service_zone_id, postal_expression, metadata, created_at, updated_at, deleted_at) VALUES ('fgz_01KRV11BYJJFH7X4WB5B552A8J', 'country', 'br', NULL, NULL, 'serzo_01KRV11BYJVNKP79NWF3FNPMVZ', NULL, NULL, '2026-05-17 13:12:03.794+00', '2026-05-17 13:12:03.794+00', NULL) ON CONFLICT DO NOTHING;
INSERT INTO public.geo_zone (id, type, country_code, province_code, city, service_zone_id, postal_expression, metadata, created_at, updated_at, deleted_at) VALUES ('fgz_01KRV11BYPYAQ61T79A3SC2NAT', 'country', 'br', NULL, NULL, 'serzo_01KRV11BYPA01R14DJ1QN49MD8', NULL, NULL, '2026-05-17 13:12:03.798+00', '2026-05-17 13:12:03.798+00', NULL) ON CONFLICT DO NOTHING;
INSERT INTO public.geo_zone (id, type, country_code, province_code, city, service_zone_id, postal_expression, metadata, created_at, updated_at, deleted_at) VALUES ('fgz_01KRV11BYXP9XYYFWKW1GFFR10', 'country', 'br', NULL, NULL, 'serzo_01KRV11BYX42QBW10M7WP93HEM', NULL, NULL, '2026-05-17 13:12:03.805+00', '2026-05-17 13:12:03.805+00', NULL) ON CONFLICT DO NOTHING;
INSERT INTO public.geo_zone (id, type, country_code, province_code, city, service_zone_id, postal_expression, metadata, created_at, updated_at, deleted_at) VALUES ('fgz_01KRV11BZ2VCDXSQJ20KJ994KC', 'country', 'br', NULL, NULL, 'serzo_01KRV11BZ2N1RM186TJ4FBG90A', NULL, NULL, '2026-05-17 13:12:03.811+00', '2026-05-17 13:12:03.811+00', NULL) ON CONFLICT DO NOTHING;
INSERT INTO public.geo_zone (id, type, country_code, province_code, city, service_zone_id, postal_expression, metadata, created_at, updated_at, deleted_at) VALUES ('fgz_01KRV11BZ5Z52A8VP5TTPDCQK9', 'country', 'br', NULL, NULL, 'serzo_01KRV11BZ65EJ49X3G8RR6Q4PY', NULL, NULL, '2026-05-17 13:12:03.814+00', '2026-05-17 13:12:03.814+00', NULL) ON CONFLICT DO NOTHING;
INSERT INTO public.geo_zone (id, type, country_code, province_code, city, service_zone_id, postal_expression, metadata, created_at, updated_at, deleted_at) VALUES ('fgz_01KRV11BZ9H5B0JX7Q7RVGT42F', 'country', 'br', NULL, NULL, 'serzo_01KRV11BZ9H848SYSE2Q4C37N3', NULL, NULL, '2026-05-17 13:12:03.817+00', '2026-05-17 13:12:03.817+00', NULL) ON CONFLICT DO NOTHING;


ALTER TABLE public.geo_zone ENABLE TRIGGER ALL;

--
-- Data for Name: product_collection; Type: TABLE DATA; Schema: public; Owner: -
--

ALTER TABLE public.product_collection DISABLE TRIGGER ALL;



ALTER TABLE public.product_collection ENABLE TRIGGER ALL;

--
-- Data for Name: product_type; Type: TABLE DATA; Schema: public; Owner: -
--

ALTER TABLE public.product_type DISABLE TRIGGER ALL;



ALTER TABLE public.product_type ENABLE TRIGGER ALL;

--
-- Data for Name: product; Type: TABLE DATA; Schema: public; Owner: -
--

ALTER TABLE public.product DISABLE TRIGGER ALL;

INSERT INTO public.product (id, title, handle, subtitle, description, is_giftcard, status, thumbnail, weight, length, height, width, origin_country, hs_code, mid_code, material, collection_id, type_id, discountable, external_id, created_at, updated_at, deleted_at, metadata) VALUES ('prod_01KRNSQBKZJRY3PMWV07MAVKEV', 'Sittax Simples', 'sittax-simples', NULL, 'A Sittax Simples é uma solução SaaS robusta projetada para modernizar o departamento fiscal de empresas do Simples Nacional. Simplifica a gestão tributária ao automatizar a análise de notas fiscais, a segregação de tributos como Monofásico e ST, e a transmissão de dados para o portal oficial. Além disso, a ferramenta agiliza a geração de Guias DAS, relatórios de auditoria e o envio de informações críticas aos empresários, integrando-se perfeitamente ao software contábil do contador para uma eficiência operacional sem precedentes.', false, 'published', 'https://placehold.co/600x400/2563eb/ffffff?text=Sittax%20Simples', NULL, NULL, NULL, NULL, NULL, NULL, NULL, NULL, NULL, NULL, true, NULL, '2026-05-15 12:28:03.585+00', '2026-05-15 12:28:03.585+00', NULL, NULL) ON CONFLICT DO NOTHING;
INSERT INTO public.product (id, title, handle, subtitle, description, is_giftcard, status, thumbnail, weight, length, height, width, origin_country, hs_code, mid_code, material, collection_id, type_id, discountable, external_id, created_at, updated_at, deleted_at, metadata) VALUES ('prod_01KRNSQBQWDX5Q71H2DJSK00V9', 'Elo Fiscal', 'elo-fiscal', NULL, 'Elo fiscal  é uma solução de gestão e automação de documentos fiscais eletrônicos, projetada para descomplicar e otimizar a conformidade fiscal das empresas. Com recursos avançados, como a automação no cálculo do ICMS-ST e DIFAL, e o módulo de auditoria Análise Tax e Sped, o Elo fiscal se destaca por sua capacidade de transformar processos fiscais complexos em operações simples, seguras e eficientes.', false, 'published', 'https://placehold.co/600x400/2563eb/ffffff?text=Elo%20Fiscal', NULL, NULL, NULL, NULL, NULL, NULL, NULL, NULL, NULL, NULL, true, NULL, '2026-05-15 12:28:03.709+00', '2026-05-15 12:28:03.709+00', NULL, NULL) ON CONFLICT DO NOTHING;
INSERT INTO public.product (id, title, handle, subtitle, description, is_giftcard, status, thumbnail, weight, length, height, width, origin_country, hs_code, mid_code, material, collection_id, type_id, discountable, external_id, created_at, updated_at, deleted_at, metadata) VALUES ('prod_01KRNSQBTRJ7VDZJRA9FZZA776', 'Tax Sheets', 'tax-sheets', NULL, 'Agilidade e autonomia com arquivos fiscais do SPED. Transforme arquivos fiscais do SPED em planilhas editáveis do Excel e dê um salto na sua produtividade.', false, 'published', 'https://placehold.co/600x400/2563eb/ffffff?text=Tax%20Sheets', NULL, NULL, NULL, NULL, NULL, NULL, NULL, NULL, NULL, NULL, true, NULL, '2026-05-15 12:28:03.801+00', '2026-05-15 12:28:03.801+00', NULL, NULL) ON CONFLICT DO NOTHING;
INSERT INTO public.product (id, title, handle, subtitle, description, is_giftcard, status, thumbnail, weight, length, height, width, origin_country, hs_code, mid_code, material, collection_id, type_id, discountable, external_id, created_at, updated_at, deleted_at, metadata) VALUES ('prod_01KRNSQBXVM9E010A6HMPKWANJ', 'Sistema MA', 'sistema-ma', NULL, 'O Sistema MA é uma ferramenta para análise de dados dedicada para realização dos trabalhos de auditorias, perícias, consultorias, Due Diligence, levantamento de crédito administrativo e judicial, recuperação judicial de empresas, retificação de arquivos SPED, geração de arquivos como CAT42-SP, e-CredAc, DRCST-SC, ADRC-ST-PR, Fichas das PER/DCOMP, entre outros.', false, 'published', 'https://placehold.co/600x400/2563eb/ffffff?text=Sistema%20MA', NULL, NULL, NULL, NULL, NULL, NULL, NULL, NULL, NULL, NULL, true, NULL, '2026-05-15 12:28:03.899+00', '2026-05-15 12:28:03.899+00', NULL, NULL) ON CONFLICT DO NOTHING;
INSERT INTO public.product (id, title, handle, subtitle, description, is_giftcard, status, thumbnail, weight, length, height, width, origin_country, hs_code, mid_code, material, collection_id, type_id, discountable, external_id, created_at, updated_at, deleted_at, metadata) VALUES ('prod_01KRNSQBZ223ZK21DV2RVAR25S', 'Tax Dashs', 'tax-dashs', NULL, 'Data analytics aplicado à gestão tributária. Visualize as suas informações fiscais em relatórios interativos no Power BI e obtenha insights valiosos para sua empresa.', false, 'published', 'https://placehold.co/600x400/2563eb/ffffff?text=Tax%20Dashs', NULL, NULL, NULL, NULL, NULL, NULL, NULL, NULL, NULL, NULL, true, NULL, '2026-05-15 12:28:03.939+00', '2026-05-15 12:28:03.939+00', NULL, NULL) ON CONFLICT DO NOTHING;
INSERT INTO public.product (id, title, handle, subtitle, description, is_giftcard, status, thumbnail, weight, length, height, width, origin_country, hs_code, mid_code, material, collection_id, type_id, discountable, external_id, created_at, updated_at, deleted_at, metadata) VALUES ('prod_01KRNSQC07HDVW24JB2KFD1YQE', 'Busca Legal T2', 'busca-legal-t2', NULL, 'Já pensou em abrir a tela de seu computador e perguntar qual é a tributação de um produto, tanto em operações internas quanto interestaduais? Pois é, isso já é possível com o Busca.Legal T2, seu Assistente Pessoal Tributário! E se você tiver a NCM ou o Código de Barras desse produto, fica mais fácil ainda!', false, 'published', 'https://placehold.co/600x400/2563eb/ffffff?text=Busca%20Legal%20T2', NULL, NULL, NULL, NULL, NULL, NULL, NULL, NULL, NULL, NULL, true, NULL, '2026-05-15 12:28:03.976+00', '2026-05-15 12:28:03.976+00', NULL, NULL) ON CONFLICT DO NOTHING;
INSERT INTO public.product (id, title, handle, subtitle, description, is_giftcard, status, thumbnail, weight, length, height, width, origin_country, hs_code, mid_code, material, collection_id, type_id, discountable, external_id, created_at, updated_at, deleted_at, metadata) VALUES ('prod_01KRNSQC1G8MVTF3FZ92XTNWHH', 'Busca Legal TS', 'busca-legal-ts', NULL, 'O Busca Legal TS (Tax Search) é uma plataforma tecnológica que combina recursos de Inteligência Artificial com a curadoria humana de consultores experts em Tributação. o resultado disso vai além de acompanhar as mudanças diárias na tributação, pois conseguimos não apenas avisar nossos clientes dos novos atos legais e normativos, mas chegamos a resumir e identificar o que impacta cada negócio. Chegamos ao detalhe de entregar tarefas individuais, para cada colaborador dentro dos times do nosso clientes, diretamente em ferramentas de workflow de mercado, para suportar os impactos das mudanças diárias nos negócios, facilitando com isso a manutenção da empresa em Conformidade.', false, 'published', 'https://placehold.co/600x400/2563eb/ffffff?text=Busca%20Legal%20TS', NULL, NULL, NULL, NULL, NULL, NULL, NULL, NULL, NULL, NULL, true, NULL, '2026-05-15 12:28:04.017+00', '2026-05-15 12:28:04.017+00', NULL, NULL) ON CONFLICT DO NOTHING;
INSERT INTO public.product (id, title, handle, subtitle, description, is_giftcard, status, thumbnail, weight, length, height, width, origin_country, hs_code, mid_code, material, collection_id, type_id, discountable, external_id, created_at, updated_at, deleted_at, metadata) VALUES ('prod_01KRNSQC351254WDSB681S4R2Y', 'Brinta Cloud', 'brinta-cloud', NULL, 'Brinta é uma plataforma em nuvem de compliance fiscal para a América Latina e Brasil. Realiza o cálculo de impostos em tempo real; faz a busca e emissão de documentos fiscais, e; realiza o preparo, cruzamento e transmissão de obrigações acessórias. Integra com qualquer ERP e pode ser implementado em até 7 dias.', false, 'published', 'https://placehold.co/600x400/2563eb/ffffff?text=Brinta%20Cloud', NULL, NULL, NULL, NULL, NULL, NULL, NULL, NULL, NULL, NULL, true, NULL, '2026-05-15 12:28:04.069+00', '2026-05-15 12:28:04.069+00', NULL, NULL) ON CONFLICT DO NOTHING;
INSERT INTO public.product (id, title, handle, subtitle, description, is_giftcard, status, thumbnail, weight, length, height, width, origin_country, hs_code, mid_code, material, collection_id, type_id, discountable, external_id, created_at, updated_at, deleted_at, metadata) VALUES ('prod_01KRNSQC4D6JHJV7GJVTHX8T7E', 'Revizia', 'revizia', NULL, 'Uma das principais funcionalidades do Revizia é sua capacidade de automatizar o processo de conformidade tributária', false, 'published', 'https://placehold.co/600x400/2563eb/ffffff?text=Revizia', NULL, NULL, NULL, NULL, NULL, NULL, NULL, NULL, NULL, NULL, true, NULL, '2026-05-15 12:28:04.109+00', '2026-05-15 12:28:04.109+00', NULL, NULL) ON CONFLICT DO NOTHING;
INSERT INTO public.product (id, title, handle, subtitle, description, is_giftcard, status, thumbnail, weight, length, height, width, origin_country, hs_code, mid_code, material, collection_id, type_id, discountable, external_id, created_at, updated_at, deleted_at, metadata) VALUES ('prod_01KRNSQC6S1GHA149S77ZM9YXQ', 'Discovery', 'discovery', NULL, 'Com o Discovery, você enxerga o que pode melhorar, quanto pode recuperar e qual será o impacto real no seu resultado, tudo de forma integrada e visual. Uma análise tributária profunda, que vai além da superfície, revelando oportunidades ocultas de recuperação e garantindo a competitividade da sua empresa durante a transição da Reforma Tributária. Tecnologia de ponta a serviço da saúde financeira e da inteligência fiscal do seu negócio.', false, 'published', 'https://placehold.co/600x400/2563eb/ffffff?text=Discovery', NULL, NULL, NULL, NULL, NULL, NULL, NULL, NULL, NULL, NULL, true, NULL, '2026-05-15 12:28:04.185+00', '2026-05-15 12:28:04.185+00', NULL, NULL) ON CONFLICT DO NOTHING;
INSERT INTO public.product (id, title, handle, subtitle, description, is_giftcard, status, thumbnail, weight, length, height, width, origin_country, hs_code, mid_code, material, collection_id, type_id, discountable, external_id, created_at, updated_at, deleted_at, metadata) VALUES ('prod_01KRNSQC7XBMZ52NB0BW430SAP', 'Legal tech', 'legal-tech', NULL, 'Legal tech com base em IA para auxiliar nas demandas do dia a dia, revisão de contratos e documentos, análise com auxílio do chat conversacional.', false, 'published', 'https://placehold.co/600x400/2563eb/ffffff?text=Legal%20tech', NULL, NULL, NULL, NULL, NULL, NULL, NULL, NULL, NULL, NULL, true, NULL, '2026-05-15 12:28:04.222+00', '2026-05-15 12:28:04.222+00', NULL, NULL) ON CONFLICT DO NOTHING;
INSERT INTO public.product (id, title, handle, subtitle, description, is_giftcard, status, thumbnail, weight, length, height, width, origin_country, hs_code, mid_code, material, collection_id, type_id, discountable, external_id, created_at, updated_at, deleted_at, metadata) VALUES ('prod_01KRNSQC91T059MEKK2H3P1Q1H', 'Camu - Recebimento de Notas fiscais', 'camu-recebimento-de-notas-fiscais', NULL, 'Recebimento de notas fiscais e integração com o ERP', false, 'published', 'https://placehold.co/600x400/2563eb/ffffff?text=Camu%20-%20Recebimento%20de%20Notas%20fi', NULL, NULL, NULL, NULL, NULL, NULL, NULL, NULL, NULL, NULL, true, NULL, '2026-05-15 12:28:04.258+00', '2026-05-15 12:28:04.258+00', NULL, NULL) ON CONFLICT DO NOTHING;
INSERT INTO public.product (id, title, handle, subtitle, description, is_giftcard, status, thumbnail, weight, length, height, width, origin_country, hs_code, mid_code, material, collection_id, type_id, discountable, external_id, created_at, updated_at, deleted_at, metadata) VALUES ('prod_01KRNSQCA9D2ZQXQPH986KNARS', 'Numix', 'numix', NULL, 'Numix automatiza a comunicação com clientes de escritórios de contabilidade no Brasil, entregando respostas instantâneas e humanizadas por meio de IA. A plataforma se integra diretamente às ferramentas de gestão de tarefas existentes, reduzindo a comunicação manual e aumentando a eficiência.', false, 'published', 'https://placehold.co/600x400/2563eb/ffffff?text=Numix', NULL, NULL, NULL, NULL, NULL, NULL, NULL, NULL, NULL, NULL, true, NULL, '2026-05-15 12:28:04.297+00', '2026-05-15 12:28:04.297+00', NULL, NULL) ON CONFLICT DO NOTHING;
INSERT INTO public.product (id, title, handle, subtitle, description, is_giftcard, status, thumbnail, weight, length, height, width, origin_country, hs_code, mid_code, material, collection_id, type_id, discountable, external_id, created_at, updated_at, deleted_at, metadata) VALUES ('prod_01KRNSQCBFMBXF08AB1Z2EB6XE', 'Simões Pires', 'simoes-pires', NULL, 'Sendo base para a tomada de decisão de negócios, temos como propósito estar perto e junto dos nossos clientes e time. Entregando soluções com eficiência, excelência e tecnologia', false, 'published', 'https://placehold.co/600x400/2563eb/ffffff?text=Sim%C3%B5es%20Pires', NULL, NULL, NULL, NULL, NULL, NULL, NULL, NULL, NULL, NULL, true, NULL, '2026-05-15 12:28:04.336+00', '2026-05-15 12:28:04.336+00', NULL, NULL) ON CONFLICT DO NOTHING;
INSERT INTO public.product (id, title, handle, subtitle, description, is_giftcard, status, thumbnail, weight, length, height, width, origin_country, hs_code, mid_code, material, collection_id, type_id, discountable, external_id, created_at, updated_at, deleted_at, metadata) VALUES ('prod_01KRNSQCCYAAN5E41XBQV7SABC', 'SynTAX', 'syntax', NULL, 'O motor de Cálculo Tributário da Mastery, projetado para transformar a complexidade tributária brasileira em um processo ágil e preciso.', false, 'published', 'https://placehold.co/600x400/2563eb/ffffff?text=SynTAX', NULL, NULL, NULL, NULL, NULL, NULL, NULL, NULL, NULL, NULL, true, NULL, '2026-05-15 12:28:04.382+00', '2026-05-15 12:28:04.382+00', NULL, NULL) ON CONFLICT DO NOTHING;
INSERT INTO public.product (id, title, handle, subtitle, description, is_giftcard, status, thumbnail, weight, length, height, width, origin_country, hs_code, mid_code, material, collection_id, type_id, discountable, external_id, created_at, updated_at, deleted_at, metadata) VALUES ('prod_01KRNSQCFG5CE0JWK0T524EPW8', 'Supplier Manager', 'supplier-manager', NULL, 'O Portal Supplier Manager é a mais moderna tecnologia, para o gerenciamento dos seus prestadores de serviço. Controle todas as entradas e saídas de NFs, escrituração, divergências de dados, capturas de notas, guarda e registro de evidências, conversão dos dados, dentre muitas outras funcionalidades. Desenvolvida e aplicada com foco em Governança & Compliance, dando segurança à gestão do processo e tranquilidade para o board das empresas.', false, 'published', 'https://placehold.co/600x400/2563eb/ffffff?text=Supplier%20Manager', NULL, NULL, NULL, NULL, NULL, NULL, NULL, NULL, NULL, NULL, true, NULL, '2026-05-15 12:28:04.464+00', '2026-05-15 12:28:04.464+00', NULL, NULL) ON CONFLICT DO NOTHING;
INSERT INTO public.product (id, title, handle, subtitle, description, is_giftcard, status, thumbnail, weight, length, height, width, origin_country, hs_code, mid_code, material, collection_id, type_id, discountable, external_id, created_at, updated_at, deleted_at, metadata) VALUES ('prod_01KRNSQCGK1XVNWM462E6DX362', 'Corretor Automático do SPED e-Auditoria', 'corretor-automatico-do-sped-e-auditoria', NULL, 'Corrija SPEDs com rapidez e precisão. O Corretor Automático identifica erros, aplica regras fiscais e gera um novo arquivo pronto para envio, sem complicação nem retrabalho. Mais que isso, ele identifica omissões, divergências e dados inválidos automaticamente; gera novo SPED corrigido em segundos, com base nas regras mais atualizadas; e elimina erros que impedem transmissão, geram autuações e multas por informações inconsistentes.', false, 'published', 'https://placehold.co/600x400/2563eb/ffffff?text=Corretor%20Autom%C3%A1tico%20do%20SPED%20e-', NULL, NULL, NULL, NULL, NULL, NULL, NULL, NULL, NULL, NULL, true, NULL, '2026-05-15 12:28:04.499+00', '2026-05-15 12:28:04.499+00', NULL, NULL) ON CONFLICT DO NOTHING;
INSERT INTO public.product (id, title, handle, subtitle, description, is_giftcard, status, thumbnail, weight, length, height, width, origin_country, hs_code, mid_code, material, collection_id, type_id, discountable, external_id, created_at, updated_at, deleted_at, metadata) VALUES ('prod_01KRNSQCJV08C6MC82KFY7WEM4', 'Programa Avançado Implementação da Reforma Tributária', 'programa-avancado-implementacao-da-reforma-tributaria', NULL, 'O Programa Avançado da Reforma Tributária oferece uma formação aprofundada sobre as mais recentes mudanças no sistema tributário brasileiro, com foco aplicado e prático. Ele abrange os principais temas da reforma — incluindo impostos federais, estaduais e municipais — apresentando estudos de caso, impactos econômicos e estratégias de adequação para profissionais de contabilidade, auditoria, advocacia tributária, consultoria e gestão pública.', false, 'published', 'https://placehold.co/600x400/2563eb/ffffff?text=Programa%20Avan%C3%A7ado%20Implementa%C3%A7%C3%A3', NULL, NULL, NULL, NULL, NULL, NULL, NULL, NULL, NULL, NULL, true, NULL, '2026-05-15 12:28:04.571+00', '2026-05-15 12:28:04.571+00', NULL, NULL) ON CONFLICT DO NOTHING;
INSERT INTO public.product (id, title, handle, subtitle, description, is_giftcard, status, thumbnail, weight, length, height, width, origin_country, hs_code, mid_code, material, collection_id, type_id, discountable, external_id, created_at, updated_at, deleted_at, metadata) VALUES ('prod_01KRNSQCN5ZAC7889GDFS0XKG5', 'Consultoria de implementação da Reforma Tributária', 'consultoria-de-implementacao-da-reforma-tributaria', NULL, 'Consultoria de implementação da Reforma Tributária, contemplando: Capacitação, Diagnóstico de impactos, Modelagem de cenários, Calculadora, Classificação fiscal, Saneamento cadastral e Operação assistida.', false, 'published', 'https://placehold.co/600x400/2563eb/ffffff?text=Consultoria%20de%20implementa%C3%A7%C3%A3o%20d', NULL, NULL, NULL, NULL, NULL, NULL, NULL, NULL, NULL, NULL, true, NULL, '2026-05-15 12:28:04.646+00', '2026-05-15 12:28:04.646+00', NULL, NULL) ON CONFLICT DO NOTHING;
INSERT INTO public.product (id, title, handle, subtitle, description, is_giftcard, status, thumbnail, weight, length, height, width, origin_country, hs_code, mid_code, material, collection_id, type_id, discountable, external_id, created_at, updated_at, deleted_at, metadata) VALUES ('prod_01KRNSQCQSMKEP1MMZSTKSFZ4S', 'Total Compliance', 'total-compliance', NULL, 'A solução fiscal SAP TOTAL COMPLIANCE atende em sua plenitude todas as necessidades e demandas impostas pelo fisco ao contribuinte brasileiro.

Desenvolvida para SAP ECC e SAP S/4HANA , os resultados são vistos em tempo real possibilitando ao usuário navegar nos documentos de origem.', false, 'published', 'https://placehold.co/600x400/2563eb/ffffff?text=Total%20Compliance', NULL, NULL, NULL, NULL, NULL, NULL, NULL, NULL, NULL, NULL, true, NULL, '2026-05-15 12:28:04.729+00', '2026-05-15 12:28:04.729+00', NULL, NULL);
INSERT INTO public.product (id, title, handle, subtitle, description, is_giftcard, status, thumbnail, weight, length, height, width, origin_country, hs_code, mid_code, material, collection_id, type_id, discountable, external_id, created_at, updated_at, deleted_at, metadata) VALUES ('prod_01KRNSQCT0AR40A3WCVXMX0NC2', 'Consultoria Planing', 'consultoria-planing', NULL, 'A Planning oferece soluções completas em consultoria contábil, tributária, societária e estratégica.', false, 'published', 'https://placehold.co/600x400/2563eb/ffffff?text=Consultoria%20Planing', NULL, NULL, NULL, NULL, NULL, NULL, NULL, NULL, NULL, NULL, true, NULL, '2026-05-15 12:28:04.8+00', '2026-05-15 12:28:04.8+00', NULL, NULL) ON CONFLICT DO NOTHING;
INSERT INTO public.product (id, title, handle, subtitle, description, is_giftcard, status, thumbnail, weight, length, height, width, origin_country, hs_code, mid_code, material, collection_id, type_id, discountable, external_id, created_at, updated_at, deleted_at, metadata) VALUES ('prod_01KRNSQCW7438HQX7JCCJ4M8ZF', 'FS4YOU Consultoria', 'fs4you-consultoria', NULL, 'A FS4YOU é uma agência de Assessoria e Gestão de Patrocínios, que auxilia empresas a destinar seus impostos Federias, Estaduais e Municipais para causas, projetos que estejam atrelados ao seu DNA.', false, 'published', 'https://placehold.co/600x400/2563eb/ffffff?text=FS4YOU%20Consultoria', NULL, NULL, NULL, NULL, NULL, NULL, NULL, NULL, NULL, NULL, true, NULL, '2026-05-15 12:28:04.871+00', '2026-05-15 12:28:04.871+00', NULL, NULL) ON CONFLICT DO NOTHING;
INSERT INTO public.product (id, title, handle, subtitle, description, is_giftcard, status, thumbnail, weight, length, height, width, origin_country, hs_code, mid_code, material, collection_id, type_id, discountable, external_id, created_at, updated_at, deleted_at, metadata) VALUES ('prod_01KRNSQCZ60QW28WGD1MJ5S0CF', 'Tools', 'tools', NULL, 'A solução oferece uma experiência integrada para retificação de arquivos, comparativos inteligentes e geração de relatórios padronizados, permitindo que empresas e escritórios mantenham conformidade com agilidade e segurança.
Com interface intuitiva e recursos de automação, transforma tarefas complexas em processos simples e confiáveis, reduzindo erros e aumentando a eficiência operacional.', false, 'published', 'https://placehold.co/600x400/2563eb/ffffff?text=Tools', NULL, NULL, NULL, NULL, NULL, NULL, NULL, NULL, NULL, NULL, true, NULL, '2026-05-15 12:28:04.967+00', '2026-05-15 12:28:04.967+00', NULL, NULL);
INSERT INTO public.product (id, title, handle, subtitle, description, is_giftcard, status, thumbnail, weight, length, height, width, origin_country, hs_code, mid_code, material, collection_id, type_id, discountable, external_id, created_at, updated_at, deleted_at, metadata) VALUES ('prod_01KRNSQD2Z35FGX5WKDJNBC29A', 'LINC - Gestão Inteligente de Investimentos Sociais', 'linc-gestao-inteligente-de-investimentos-sociais', NULL, 'A LINC é uma plataforma desenvolvida para facilitar a gestão de projetos incentivados por leis de incentivo fiscal. Com uma interface intuitiva e funcionalidades estratégicas, a plataforma permite que empresas acompanhem o andamento dos projetos que apoiam e visualizem indicadores de impacto e conformidade.', false, 'published', 'https://placehold.co/600x400/2563eb/ffffff?text=LINC%20-%20Gest%C3%A3o%20Inteligente%20de%20I', NULL, NULL, NULL, NULL, NULL, NULL, NULL, NULL, NULL, NULL, true, NULL, '2026-05-15 12:28:05.087+00', '2026-05-15 12:28:05.087+00', NULL, NULL) ON CONFLICT DO NOTHING;
INSERT INTO public.product (id, title, handle, subtitle, description, is_giftcard, status, thumbnail, weight, length, height, width, origin_country, hs_code, mid_code, material, collection_id, type_id, discountable, external_id, created_at, updated_at, deleted_at, metadata) VALUES ('prod_01KRNSQD5HW64MPF9QNRCZNG08', 'Reforma Tributária', 'reforma-tributaria', NULL, 'O ambiente oferece uma visão clara e estruturada dos impactos fiscais, permitindo simulações de cenários, parametrização de alíquotas e análise detalhada por item, fornecedor e cliente. 
Com interface intuitiva e recursos de automação, transforma a complexidade da legislação em informações práticas e acionáveis, facilitando o planejamento estratégico e a tomada de decisão.', false, 'published', 'https://placehold.co/600x400/2563eb/ffffff?text=Reforma%20Tribut%C3%A1ria', NULL, NULL, NULL, NULL, NULL, NULL, NULL, NULL, NULL, NULL, true, NULL, '2026-05-15 12:28:05.169+00', '2026-05-15 12:28:05.169+00', NULL, NULL);
INSERT INTO public.product (id, title, handle, subtitle, description, is_giftcard, status, thumbnail, weight, length, height, width, origin_country, hs_code, mid_code, material, collection_id, type_id, discountable, external_id, created_at, updated_at, deleted_at, metadata) VALUES ('prod_01KRNSQDFXQBMC9TZVDWSD6XYK', 'Strategy', 'strategy', NULL, 'O ROIT Strategy é um sistema de inteligência tributária projetado para orquestrar a operação real da Reforma Tributária, indo além da simples simulação para conectar dados, decisões e execução integrada. Ele realiza um diagnóstico profundo da operação, expondo impactos tributários de forma granular , item a item e fornecedor a fornecedor, enquanto antecipa efeitos no capital de giro e fluxo de caixa ao longo dos anos', false, 'published', 'https://placehold.co/600x400/2563eb/ffffff?text=Strategy', NULL, NULL, NULL, NULL, NULL, NULL, NULL, NULL, NULL, NULL, true, NULL, '2026-05-15 12:28:05.501+00', '2026-05-15 12:28:05.501+00', NULL, NULL) ON CONFLICT DO NOTHING;
INSERT INTO public.product (id, title, handle, subtitle, description, is_giftcard, status, thumbnail, weight, length, height, width, origin_country, hs_code, mid_code, material, collection_id, type_id, discountable, external_id, created_at, updated_at, deleted_at, metadata) VALUES ('prod_01KRNSQDKQRTQ6ERP4JAKZS8BT', 'Conta-Corrente Fiscal', 'conta-corrente-fiscal', NULL, 'Módulo voltado a consolidar e “estruturar” a conta-corrente fiscal (situação de débitos, pendências e inconsistências) mediante a consulta recorrente do relatório/extrato de débitos e sua transformação em um arquivo com formato acionável (para Excel). A proposta é sair do PDF/consulta manual sem abrir mão da sua manutenção em histórico, e transformar em dados organizados para priorização, acompanhamento e atuação rápida do time (ex.: o que é risco, o que é divergência, o que exige ação).', false, 'published', 'https://placehold.co/600x400/2563eb/ffffff?text=Conta-Corrente%20Fiscal', NULL, NULL, NULL, NULL, NULL, NULL, NULL, NULL, NULL, NULL, true, NULL, '2026-05-15 12:28:05.623+00', '2026-05-15 12:28:05.623+00', NULL, NULL) ON CONFLICT DO NOTHING;
INSERT INTO public.product (id, title, handle, subtitle, description, is_giftcard, status, thumbnail, weight, length, height, width, origin_country, hs_code, mid_code, material, collection_id, type_id, discountable, external_id, created_at, updated_at, deleted_at, metadata) VALUES ('prod_01KRNSQCHNGY2WR10TNQRT9NND', 'V360', 'v360', NULL, 'O V360 começa pela captura multicanal e leitura inteligente de notas fiscais, pronta para os novos campos da Reforma Tributária. A partir daí, aplica validações totalmente customizáveis, com regras de negócio no code que podem ser configuradas do zero, além de workflows automáticos de tratativa para qualquer divergência. Assim, já automatizamos milhares de tarefas manuais e liberamos as maiores empresas do Brasil para focar no que fazem melhor: crescer. Com a complexidade da Reforma, nosso papel é ainda mais estratégico — simplificar o impossível e transformar sua esteira de pagamentos em vantagem competitiva.', false, 'published', 'https://placehold.co/600x400/2563eb/ffffff?text=V360', NULL, NULL, NULL, NULL, NULL, NULL, NULL, NULL, NULL, NULL, true, NULL, '2026-05-15 12:28:04.534+00', '2026-05-15 12:28:04.534+00', NULL, NULL) ON CONFLICT DO NOTHING;
INSERT INTO public.product (id, title, handle, subtitle, description, is_giftcard, status, thumbnail, weight, length, height, width, origin_country, hs_code, mid_code, material, collection_id, type_id, discountable, external_id, created_at, updated_at, deleted_at, metadata) VALUES ('prod_01KRNSQCKYQFWCW178RPVBX8PE', 'Full Tax Service', 'full-tax-service', NULL, 'No escritório Menndel & Melo Advocacia oferecemos uma solução completa em consultoria, controladoria e gestão fiscal e tributária com nosso serviço Full Tax Service.', false, 'published', 'https://placehold.co/600x400/2563eb/ffffff?text=Full%20Tax%20Service', NULL, NULL, NULL, NULL, NULL, NULL, NULL, NULL, NULL, NULL, true, NULL, '2026-05-15 12:28:04.606+00', '2026-05-15 12:28:04.606+00', NULL, NULL) ON CONFLICT DO NOTHING;
INSERT INTO public.product (id, title, handle, subtitle, description, is_giftcard, status, thumbnail, weight, length, height, width, origin_country, hs_code, mid_code, material, collection_id, type_id, discountable, external_id, created_at, updated_at, deleted_at, metadata) VALUES ('prod_01KRNSQCPPGZN4JY1WGHSD86EA', 'Conta Digital Empresarial Logisbank', 'conta-digital-empresarial-logisbank', NULL, 'A Conta Digital Empresarial Logisbank é uma solução completa para empresas que buscam praticidade, segurança e autonomia na gestão financeira. Permite realizar transferências (Pix, TED, boletos), acompanhar o fluxo de caixa e centralizar operações bancárias em uma plataforma simples e eficiente — mesmo para negócios com restrições financeiras.', false, 'published', 'https://placehold.co/600x400/2563eb/ffffff?text=Conta%20Digital%20Empresarial%20Logi', NULL, NULL, NULL, NULL, NULL, NULL, NULL, NULL, NULL, NULL, true, NULL, '2026-05-15 12:28:04.694+00', '2026-05-15 12:28:04.694+00', NULL, NULL) ON CONFLICT DO NOTHING;
INSERT INTO public.product (id, title, handle, subtitle, description, is_giftcard, status, thumbnail, weight, length, height, width, origin_country, hs_code, mid_code, material, collection_id, type_id, discountable, external_id, created_at, updated_at, deleted_at, metadata) VALUES ('prod_01KRNSQCRX9WWGTW4C4Z23K39T', 'Educação e Mentoria Tributária', 'educacao-e-mentoria-tributaria', NULL, 'A Tributariou Educational Services desenvolve programas educacionais e mentorias voltadas à formação de profissionais e empresas na nova era tributária. A metodologia é prática, atualizada e baseada em dados reais, com foco na Reforma Tributária e em estratégias de precificação e gestão fiscal.', false, 'published', 'https://placehold.co/600x400/2563eb/ffffff?text=Educa%C3%A7%C3%A3o%20e%20Mentoria%20Tribut%C3%A1ria', NULL, NULL, NULL, NULL, NULL, NULL, NULL, NULL, NULL, NULL, true, NULL, '2026-05-15 12:28:04.766+00', '2026-05-15 12:28:04.766+00', NULL, NULL) ON CONFLICT DO NOTHING;
INSERT INTO public.product (id, title, handle, subtitle, description, is_giftcard, status, thumbnail, weight, length, height, width, origin_country, hs_code, mid_code, material, collection_id, type_id, discountable, external_id, created_at, updated_at, deleted_at, metadata) VALUES ('prod_01KRNSQCV7SDMMW41HRB61RVYT', 'Consultoria Tributária Especializada', 'consultoria-tributaria-especializada', NULL, 'A Tributariou Business Consulting oferece consultoria completa para adequação à Reforma Tributária (LC 214/2025), com foco em diagnóstico, revisão fiscal, conformidade e planejamento estratégico. O serviço alia técnica jurídica e inteligência de negócios para transformar a complexidade tributária em vantagem competitiva.', false, 'published', 'https://placehold.co/600x400/2563eb/ffffff?text=Consultoria%20Tribut%C3%A1ria%20Especia', NULL, NULL, NULL, NULL, NULL, NULL, NULL, NULL, NULL, NULL, true, NULL, '2026-05-15 12:28:04.839+00', '2026-05-15 12:28:04.839+00', NULL, NULL) ON CONFLICT DO NOTHING;
INSERT INTO public.product (id, title, handle, subtitle, description, is_giftcard, status, thumbnail, weight, length, height, width, origin_country, hs_code, mid_code, material, collection_id, type_id, discountable, external_id, created_at, updated_at, deleted_at, metadata) VALUES ('prod_01KRNSQCXS53KYEYF194BZQ4RF', 'Total Inbound', 'total-inbound', NULL, 'O SAP TOTAL INBOUND é um produto que garante o recebimento dos XML’s no ERP SAP, automatizando o processo de entrada física e fiscal de mercadorias, CTe, serviços e outros documentos.

Solução desenvolvida em ABAP, com “name space” próprio, nativo no ERP SAP ECC ou S/4 Hana , mantendo a padronização de tecnologia.', false, 'published', 'https://placehold.co/600x400/2563eb/ffffff?text=Total%20Inbound', NULL, NULL, NULL, NULL, NULL, NULL, NULL, NULL, NULL, NULL, true, NULL, '2026-05-15 12:28:04.922+00', '2026-05-15 12:28:04.922+00', NULL, NULL);
INSERT INTO public.product (id, title, handle, subtitle, description, is_giftcard, status, thumbnail, weight, length, height, width, origin_country, hs_code, mid_code, material, collection_id, type_id, discountable, external_id, created_at, updated_at, deleted_at, metadata) VALUES ('prod_01KRNSQD18WP92YPY9EGFKQATZ', 'Monitor', 'monitor', NULL, 'Plataforma para gestão integrada de documentos fiscais e certidões.
O Monitor centraliza em um único ambiente todas as informações fiscais da empresa, automatizando processos e garantindo conformidade com os órgãos reguladores.', false, 'published', 'https://placehold.co/600x400/2563eb/ffffff?text=Monitor', NULL, NULL, NULL, NULL, NULL, NULL, NULL, NULL, NULL, NULL, true, NULL, '2026-05-15 12:28:05.036+00', '2026-05-15 12:28:05.036+00', NULL, NULL);
INSERT INTO public.product (id, title, handle, subtitle, description, is_giftcard, status, thumbnail, weight, length, height, width, origin_country, hs_code, mid_code, material, collection_id, type_id, discountable, external_id, created_at, updated_at, deleted_at, metadata) VALUES ('prod_01KRNSQD4EZXNV9N52MV130Z3X', 'Prime', 'prime', NULL, 'Visão detalhada e abrangente, com insights que revelam oportunidades tributárias e previdenciárias de forma automatizada.
Trata-se de uma plataforma digital que centraliza a gestão de credenciais fiscais e autorizações eletrônicas em um ambiente seguro e integrado. Com interface moderna e intuitiva, simplifica processos complexos, elimina controles manuais e garante que todas as credenciais estejam sempre atualizadas.', false, 'published', 'https://placehold.co/600x400/2563eb/ffffff?text=Prime', NULL, NULL, NULL, NULL, NULL, NULL, NULL, NULL, NULL, NULL, true, NULL, '2026-05-15 12:28:05.134+00', '2026-05-15 12:28:05.134+00', NULL, NULL);
INSERT INTO public.product (id, title, handle, subtitle, description, is_giftcard, status, thumbnail, weight, length, height, width, origin_country, hs_code, mid_code, material, collection_id, type_id, discountable, external_id, created_at, updated_at, deleted_at, metadata) VALUES ('prod_01KRNSQD72GB26BCJVS0X19YG1', 'Gerenciador de Certidões', 'gerenciador-de-certidoes', NULL, 'Módulo para automatizar a consulta e renovação de mais de 200 tipos de certidões (federais, estaduais, municipais e outras), centralizando tudo em um único lugar. 
Entrega visões de status (a vencer / vencida / positiva), guarda o histórico e os PDFs, e permite exportações/relatórios para auditoria e rotinas internas.', false, 'published', 'https://placehold.co/600x400/2563eb/ffffff?text=Gerenciador%20de%20Certid%C3%B5es', NULL, NULL, NULL, NULL, NULL, NULL, NULL, NULL, NULL, NULL, true, NULL, '2026-05-15 12:28:05.218+00', '2026-05-15 12:28:05.218+00', NULL, NULL);
INSERT INTO public.product (id, title, handle, subtitle, description, is_giftcard, status, thumbnail, weight, length, height, width, origin_country, hs_code, mid_code, material, collection_id, type_id, discountable, external_id, created_at, updated_at, deleted_at, metadata) VALUES ('prod_01KRNSQDHW0CVX1MKVVWRZ2Y5T', 'Tax Transformation as a Service (Projetos Customizáveis)', 'tax-transformation-as-a-service-projetos-customizaveis', NULL, 'A frente de “Tax Transformation as a Service” (ou projetos de customização) na Taxly é, na prática, quando a gente combina a plataforma (SaaS) com um modelo de projeto para desenhar, adaptar e implementar fluxos específicos do cliente — indo além do “módulo padrão”. Normalmente envolve: discovery do processo atual, prototipação/definição funcional, especificação técnica, configuração/parametrizações, integração ou automação sob medida, homologação e operação assistida (com rituais e acompanhamento)

Exemplos desse tipo de projeto com clientes da base (ou frentes correlatas de customização):

1) Gestão de Alvarás via Tax Kanban (custom workflow)

- Rollout/piloto do fluxo de alvarás usando cards no Kanban, com treinamento interno e ajustes de usabilidade/permissões/filtros para encaixar no processo real do time.

2) Projeto de XML 

- Demanda de uma área (“AP”) por um projeto de recuperação de XMLs junto à RFB, tratado como projeto paralelo/customizado, com proposta dedicada (não é “só ligar um módulo”, é escopo específico).

3) Dashboards/indicadores customizados para substituir planilhas operacionais

- Construção priorizada de gráficos e visões para migrar indicadores que hoje vivem em planilhas descentralizadas para dentro da Taxly, como parte de uma agenda de “matar o Excel” e aumentar valor percebido na expansão (com pré-requisito de sanitização de dados manuais).', false, 'published', 'https://placehold.co/600x400/2563eb/ffffff?text=Tax%20Transformation%20as%20a%20Servic', NULL, NULL, NULL, NULL, NULL, NULL, NULL, NULL, NULL, NULL, true, NULL, '2026-05-15 12:28:05.565+00', '2026-05-15 12:28:05.565+00', NULL, NULL);
INSERT INTO public.product (id, title, handle, subtitle, description, is_giftcard, status, thumbnail, weight, length, height, width, origin_country, hs_code, mid_code, material, collection_id, type_id, discountable, external_id, created_at, updated_at, deleted_at, metadata) VALUES ('prod_01KRNSQDQYEWA41104P4GRCXXF', 'Caixa Postal Fiscal (DTE)', 'caixa-postal-fiscal-dte', NULL, 'O módulo/produto de Caixa Postal Fiscal (DTE/DEC) da Taxly centraliza e automatiza o monitoramento das comunicações oficiais (intimações, notificações e avisos) que chegam nas “caixas postais” dos órgãos fiscais (ex.: e-CAC/Receita Federal e DTEs estaduais). A ideia é tirar o time do fluxo manual de “logar CNPJ por CNPJ” e "acessar caixa de e-mail por caixa de e-mail), reduzir risco de ciência tácita/perda de prazo e dar governança sobre o que chegou, quando, quem abriu/deu ciência e como foi tratado.', false, 'published', 'https://placehold.co/600x400/2563eb/ffffff?text=Caixa%20Postal%20Fiscal%20(DTE)', NULL, NULL, NULL, NULL, NULL, NULL, NULL, NULL, NULL, NULL, true, NULL, '2026-05-15 12:28:05.759+00', '2026-05-15 12:28:05.759+00', NULL, NULL) ON CONFLICT DO NOTHING;
INSERT INTO public.product (id, title, handle, subtitle, description, is_giftcard, status, thumbnail, weight, length, height, width, origin_country, hs_code, mid_code, material, collection_id, type_id, discountable, external_id, created_at, updated_at, deleted_at, metadata) VALUES ('prod_01KRNSQC5JETE0XT40GVX19BRW', 'Tax True', 'tax-true', NULL, 'O TAX TRUE é uma solução tecnológica da ROIT voltada à conciliação das apurações assistidas. Ele valida as informações fiscais através da conferência sistemática entre cinco bases de dados: os documentos fiscais eletrônicos (DF-e), a Receita Federal, o Comitê Gestor do IBS, o ERP e o extrato bancário.', false, 'published', 'http://localhost:9100/medusa-media/image_wDG60WCaptura de tela 2026-03-02 124216 (1)-01KRV2NXK7WV6S8KEJ49TWCSHV.png', NULL, NULL, NULL, NULL, NULL, NULL, NULL, NULL, NULL, NULL, true, NULL, '2026-05-15 12:28:04.147+00', '2026-05-17 13:40:45.903+00', NULL, NULL) ON CONFLICT DO NOTHING;


ALTER TABLE public.product ENABLE TRIGGER ALL;

--
-- Data for Name: image; Type: TABLE DATA; Schema: public; Owner: -
--

ALTER TABLE public.image DISABLE TRIGGER ALL;

INSERT INTO public.image (id, url, metadata, created_at, updated_at, deleted_at, rank, product_id) VALUES ('img_01KRNSQBM1D5A0KQQCP9EVRKKF', 'https://placehold.co/600x400/2563eb/ffffff?text=Sittax%20Simples', NULL, '2026-05-15 12:28:03.586+00', '2026-05-15 12:28:03.586+00', NULL, 0, 'prod_01KRNSQBKZJRY3PMWV07MAVKEV') ON CONFLICT DO NOTHING;
INSERT INTO public.image (id, url, metadata, created_at, updated_at, deleted_at, rank, product_id) VALUES ('img_01KRNSQBQXVVNCFR4RWC5XKCFS', 'https://placehold.co/600x400/2563eb/ffffff?text=Elo%20Fiscal', NULL, '2026-05-15 12:28:03.709+00', '2026-05-15 12:28:03.709+00', NULL, 0, 'prod_01KRNSQBQWDX5Q71H2DJSK00V9') ON CONFLICT DO NOTHING;
INSERT INTO public.image (id, url, metadata, created_at, updated_at, deleted_at, rank, product_id) VALUES ('img_01KRNSQBTRT0B418MGPVYNHXW1', 'https://placehold.co/600x400/2563eb/ffffff?text=Tax%20Sheets', NULL, '2026-05-15 12:28:03.801+00', '2026-05-15 12:28:03.801+00', NULL, 0, 'prod_01KRNSQBTRJ7VDZJRA9FZZA776') ON CONFLICT DO NOTHING;
INSERT INTO public.image (id, url, metadata, created_at, updated_at, deleted_at, rank, product_id) VALUES ('img_01KRNSQBXVKZZQGVGZ5EQ898KM', 'https://placehold.co/600x400/2563eb/ffffff?text=Sistema%20MA', NULL, '2026-05-15 12:28:03.899+00', '2026-05-15 12:28:03.899+00', NULL, 0, 'prod_01KRNSQBXVM9E010A6HMPKWANJ') ON CONFLICT DO NOTHING;
INSERT INTO public.image (id, url, metadata, created_at, updated_at, deleted_at, rank, product_id) VALUES ('img_01KRNSQBZ3V0NZ4PV8F5VSVMBJ', 'https://placehold.co/600x400/2563eb/ffffff?text=Tax%20Dashs', NULL, '2026-05-15 12:28:03.939+00', '2026-05-15 12:28:03.939+00', NULL, 0, 'prod_01KRNSQBZ223ZK21DV2RVAR25S') ON CONFLICT DO NOTHING;
INSERT INTO public.image (id, url, metadata, created_at, updated_at, deleted_at, rank, product_id) VALUES ('img_01KRNSQC083EQ91Y8PDFV7QCA0', 'https://placehold.co/600x400/2563eb/ffffff?text=Busca%20Legal%20T2', NULL, '2026-05-15 12:28:03.976+00', '2026-05-15 12:28:03.976+00', NULL, 0, 'prod_01KRNSQC07HDVW24JB2KFD1YQE') ON CONFLICT DO NOTHING;
INSERT INTO public.image (id, url, metadata, created_at, updated_at, deleted_at, rank, product_id) VALUES ('img_01KRNSQC1HRX4XMX45DJJ12N4G', 'https://placehold.co/600x400/2563eb/ffffff?text=Busca%20Legal%20TS', NULL, '2026-05-15 12:28:04.017+00', '2026-05-15 12:28:04.017+00', NULL, 0, 'prod_01KRNSQC1G8MVTF3FZ92XTNWHH') ON CONFLICT DO NOTHING;
INSERT INTO public.image (id, url, metadata, created_at, updated_at, deleted_at, rank, product_id) VALUES ('img_01KRNSQC35HF03KAS0JBA50FV4', 'https://placehold.co/600x400/2563eb/ffffff?text=Brinta%20Cloud', NULL, '2026-05-15 12:28:04.069+00', '2026-05-15 12:28:04.069+00', NULL, 0, 'prod_01KRNSQC351254WDSB681S4R2Y') ON CONFLICT DO NOTHING;
INSERT INTO public.image (id, url, metadata, created_at, updated_at, deleted_at, rank, product_id) VALUES ('img_01KRNSQC4DAH0MWD72VCP5WE1X', 'https://placehold.co/600x400/2563eb/ffffff?text=Revizia', NULL, '2026-05-15 12:28:04.109+00', '2026-05-15 12:28:04.109+00', NULL, 0, 'prod_01KRNSQC4D6JHJV7GJVTHX8T7E') ON CONFLICT DO NOTHING;
INSERT INTO public.image (id, url, metadata, created_at, updated_at, deleted_at, rank, product_id) VALUES ('img_01KRNSQC6SYH0NBGHCDRMPQ2HK', 'https://placehold.co/600x400/2563eb/ffffff?text=Discovery', NULL, '2026-05-15 12:28:04.185+00', '2026-05-15 12:28:04.185+00', NULL, 0, 'prod_01KRNSQC6S1GHA149S77ZM9YXQ') ON CONFLICT DO NOTHING;
INSERT INTO public.image (id, url, metadata, created_at, updated_at, deleted_at, rank, product_id) VALUES ('img_01KRNSQC7YBTJ0QVWR5THV6CH0', 'https://placehold.co/600x400/2563eb/ffffff?text=Legal%20tech', NULL, '2026-05-15 12:28:04.222+00', '2026-05-15 12:28:04.222+00', NULL, 0, 'prod_01KRNSQC7XBMZ52NB0BW430SAP') ON CONFLICT DO NOTHING;
INSERT INTO public.image (id, url, metadata, created_at, updated_at, deleted_at, rank, product_id) VALUES ('img_01KRNSQC92R7B54QFXXX9BNG8Y', 'https://placehold.co/600x400/2563eb/ffffff?text=Camu%20-%20Recebimento%20de%20Notas%20fi', NULL, '2026-05-15 12:28:04.258+00', '2026-05-15 12:28:04.258+00', NULL, 0, 'prod_01KRNSQC91T059MEKK2H3P1Q1H') ON CONFLICT DO NOTHING;
INSERT INTO public.image (id, url, metadata, created_at, updated_at, deleted_at, rank, product_id) VALUES ('img_01KRNSQCA9CRQRS28F1G777R22', 'https://placehold.co/600x400/2563eb/ffffff?text=Numix', NULL, '2026-05-15 12:28:04.297+00', '2026-05-15 12:28:04.297+00', NULL, 0, 'prod_01KRNSQCA9D2ZQXQPH986KNARS') ON CONFLICT DO NOTHING;
INSERT INTO public.image (id, url, metadata, created_at, updated_at, deleted_at, rank, product_id) VALUES ('img_01KRNSQCBG1E7CD16DH2YDQXGF', 'https://placehold.co/600x400/2563eb/ffffff?text=Sim%C3%B5es%20Pires', NULL, '2026-05-15 12:28:04.336+00', '2026-05-15 12:28:04.336+00', NULL, 0, 'prod_01KRNSQCBFMBXF08AB1Z2EB6XE') ON CONFLICT DO NOTHING;
INSERT INTO public.image (id, url, metadata, created_at, updated_at, deleted_at, rank, product_id) VALUES ('img_01KRNSQCCYP1JWV2FER69DC25P', 'https://placehold.co/600x400/2563eb/ffffff?text=SynTAX', NULL, '2026-05-15 12:28:04.382+00', '2026-05-15 12:28:04.382+00', NULL, 0, 'prod_01KRNSQCCYAAN5E41XBQV7SABC') ON CONFLICT DO NOTHING;
INSERT INTO public.image (id, url, metadata, created_at, updated_at, deleted_at, rank, product_id) VALUES ('img_01KRNSQCFGGCGP4S32JPP4K2XF', 'https://placehold.co/600x400/2563eb/ffffff?text=Supplier%20Manager', NULL, '2026-05-15 12:28:04.464+00', '2026-05-15 12:28:04.464+00', NULL, 0, 'prod_01KRNSQCFG5CE0JWK0T524EPW8') ON CONFLICT DO NOTHING;
INSERT INTO public.image (id, url, metadata, created_at, updated_at, deleted_at, rank, product_id) VALUES ('img_01KRNSQCGKNTATFTM9FYJ2735R', 'https://placehold.co/600x400/2563eb/ffffff?text=Corretor%20Autom%C3%A1tico%20do%20SPED%20e-', NULL, '2026-05-15 12:28:04.499+00', '2026-05-15 12:28:04.499+00', NULL, 0, 'prod_01KRNSQCGK1XVNWM462E6DX362') ON CONFLICT DO NOTHING;
INSERT INTO public.image (id, url, metadata, created_at, updated_at, deleted_at, rank, product_id) VALUES ('img_01KRNSQCHPQSG12QYPJQBN4JZR', 'https://placehold.co/600x400/2563eb/ffffff?text=V360', NULL, '2026-05-15 12:28:04.534+00', '2026-05-15 12:28:04.534+00', NULL, 0, 'prod_01KRNSQCHNGY2WR10TNQRT9NND') ON CONFLICT DO NOTHING;
INSERT INTO public.image (id, url, metadata, created_at, updated_at, deleted_at, rank, product_id) VALUES ('img_01KRNSQCJVP35A8B5C362XSNBJ', 'https://placehold.co/600x400/2563eb/ffffff?text=Programa%20Avan%C3%A7ado%20Implementa%C3%A7%C3%A3', NULL, '2026-05-15 12:28:04.571+00', '2026-05-15 12:28:04.571+00', NULL, 0, 'prod_01KRNSQCJV08C6MC82KFY7WEM4') ON CONFLICT DO NOTHING;
INSERT INTO public.image (id, url, metadata, created_at, updated_at, deleted_at, rank, product_id) VALUES ('img_01KRNSQCKYKJQX2WTQYQ4K4CRG', 'https://placehold.co/600x400/2563eb/ffffff?text=Full%20Tax%20Service', NULL, '2026-05-15 12:28:04.606+00', '2026-05-15 12:28:04.606+00', NULL, 0, 'prod_01KRNSQCKYQFWCW178RPVBX8PE') ON CONFLICT DO NOTHING;
INSERT INTO public.image (id, url, metadata, created_at, updated_at, deleted_at, rank, product_id) VALUES ('img_01KRNSQCN6XKC0PHB72H9T3Y1A', 'https://placehold.co/600x400/2563eb/ffffff?text=Consultoria%20de%20implementa%C3%A7%C3%A3o%20d', NULL, '2026-05-15 12:28:04.646+00', '2026-05-15 12:28:04.646+00', NULL, 0, 'prod_01KRNSQCN5ZAC7889GDFS0XKG5') ON CONFLICT DO NOTHING;
INSERT INTO public.image (id, url, metadata, created_at, updated_at, deleted_at, rank, product_id) VALUES ('img_01KRNSQCPPABXHPV3EP0Q5N7JF', 'https://placehold.co/600x400/2563eb/ffffff?text=Conta%20Digital%20Empresarial%20Logi', NULL, '2026-05-15 12:28:04.694+00', '2026-05-15 12:28:04.694+00', NULL, 0, 'prod_01KRNSQCPPGZN4JY1WGHSD86EA') ON CONFLICT DO NOTHING;
INSERT INTO public.image (id, url, metadata, created_at, updated_at, deleted_at, rank, product_id) VALUES ('img_01KRNSQCQS2MQHXBHF72Z7HWS1', 'https://placehold.co/600x400/2563eb/ffffff?text=Total%20Compliance', NULL, '2026-05-15 12:28:04.729+00', '2026-05-15 12:28:04.729+00', NULL, 0, 'prod_01KRNSQCQSMKEP1MMZSTKSFZ4S') ON CONFLICT DO NOTHING;
INSERT INTO public.image (id, url, metadata, created_at, updated_at, deleted_at, rank, product_id) VALUES ('img_01KRNSQCRY8BX6D52ANW6TP0R5', 'https://placehold.co/600x400/2563eb/ffffff?text=Educa%C3%A7%C3%A3o%20e%20Mentoria%20Tribut%C3%A1ria', NULL, '2026-05-15 12:28:04.766+00', '2026-05-15 12:28:04.766+00', NULL, 0, 'prod_01KRNSQCRX9WWGTW4C4Z23K39T') ON CONFLICT DO NOTHING;
INSERT INTO public.image (id, url, metadata, created_at, updated_at, deleted_at, rank, product_id) VALUES ('img_01KRNSQCT0BHXWD1QYE2YP0B94', 'https://placehold.co/600x400/2563eb/ffffff?text=Consultoria%20Planing', NULL, '2026-05-15 12:28:04.8+00', '2026-05-15 12:28:04.8+00', NULL, 0, 'prod_01KRNSQCT0AR40A3WCVXMX0NC2') ON CONFLICT DO NOTHING;
INSERT INTO public.image (id, url, metadata, created_at, updated_at, deleted_at, rank, product_id) VALUES ('img_01KRNSQCV7YG1CTWYTMBXTJ7AT', 'https://placehold.co/600x400/2563eb/ffffff?text=Consultoria%20Tribut%C3%A1ria%20Especia', NULL, '2026-05-15 12:28:04.839+00', '2026-05-15 12:28:04.839+00', NULL, 0, 'prod_01KRNSQCV7SDMMW41HRB61RVYT') ON CONFLICT DO NOTHING;
INSERT INTO public.image (id, url, metadata, created_at, updated_at, deleted_at, rank, product_id) VALUES ('img_01KRNSQCW71KNJ26NN3ZDRRKD2', 'https://placehold.co/600x400/2563eb/ffffff?text=FS4YOU%20Consultoria', NULL, '2026-05-15 12:28:04.871+00', '2026-05-15 12:28:04.871+00', NULL, 0, 'prod_01KRNSQCW7438HQX7JCCJ4M8ZF') ON CONFLICT DO NOTHING;
INSERT INTO public.image (id, url, metadata, created_at, updated_at, deleted_at, rank, product_id) VALUES ('img_01KRNSQCXSFMJZGKP23Q6T7J25', 'https://placehold.co/600x400/2563eb/ffffff?text=Total%20Inbound', NULL, '2026-05-15 12:28:04.922+00', '2026-05-15 12:28:04.922+00', NULL, 0, 'prod_01KRNSQCXS53KYEYF194BZQ4RF') ON CONFLICT DO NOTHING;
INSERT INTO public.image (id, url, metadata, created_at, updated_at, deleted_at, rank, product_id) VALUES ('img_01KRNSQCZ7969RAW4HDKR1RVVG', 'https://placehold.co/600x400/2563eb/ffffff?text=Tools', NULL, '2026-05-15 12:28:04.967+00', '2026-05-15 12:28:04.967+00', NULL, 0, 'prod_01KRNSQCZ60QW28WGD1MJ5S0CF') ON CONFLICT DO NOTHING;
INSERT INTO public.image (id, url, metadata, created_at, updated_at, deleted_at, rank, product_id) VALUES ('img_01KRNSQD1A3Y2G66T8RVBVS68Y', 'https://placehold.co/600x400/2563eb/ffffff?text=Monitor', NULL, '2026-05-15 12:28:05.036+00', '2026-05-15 12:28:05.036+00', NULL, 0, 'prod_01KRNSQD18WP92YPY9EGFKQATZ') ON CONFLICT DO NOTHING;
INSERT INTO public.image (id, url, metadata, created_at, updated_at, deleted_at, rank, product_id) VALUES ('img_01KRNSQD2Z0505VG9Q1KBWAB89', 'https://placehold.co/600x400/2563eb/ffffff?text=LINC%20-%20Gest%C3%A3o%20Inteligente%20de%20I', NULL, '2026-05-15 12:28:05.087+00', '2026-05-15 12:28:05.087+00', NULL, 0, 'prod_01KRNSQD2Z35FGX5WKDJNBC29A') ON CONFLICT DO NOTHING;
INSERT INTO public.image (id, url, metadata, created_at, updated_at, deleted_at, rank, product_id) VALUES ('img_01KRNSQD4EHTPNXY0CC7VHV4BM', 'https://placehold.co/600x400/2563eb/ffffff?text=Prime', NULL, '2026-05-15 12:28:05.134+00', '2026-05-15 12:28:05.134+00', NULL, 0, 'prod_01KRNSQD4EZXNV9N52MV130Z3X') ON CONFLICT DO NOTHING;
INSERT INTO public.image (id, url, metadata, created_at, updated_at, deleted_at, rank, product_id) VALUES ('img_01KRNSQD5H4BB9GH7ZVD6Y1TPJ', 'https://placehold.co/600x400/2563eb/ffffff?text=Reforma%20Tribut%C3%A1ria', NULL, '2026-05-15 12:28:05.169+00', '2026-05-15 12:28:05.169+00', NULL, 0, 'prod_01KRNSQD5HW64MPF9QNRCZNG08') ON CONFLICT DO NOTHING;
INSERT INTO public.image (id, url, metadata, created_at, updated_at, deleted_at, rank, product_id) VALUES ('img_01KRNSQD72G7EV4KQSP1Z4X1DQ', 'https://placehold.co/600x400/2563eb/ffffff?text=Gerenciador%20de%20Certid%C3%B5es', NULL, '2026-05-15 12:28:05.219+00', '2026-05-15 12:28:05.219+00', NULL, 0, 'prod_01KRNSQD72GB26BCJVS0X19YG1') ON CONFLICT DO NOTHING;
INSERT INTO public.image (id, url, metadata, created_at, updated_at, deleted_at, rank, product_id) VALUES ('img_01KRNSQDFX5ABA2P0VH54ZGM6T', 'https://placehold.co/600x400/2563eb/ffffff?text=Strategy', NULL, '2026-05-15 12:28:05.502+00', '2026-05-15 12:28:05.502+00', NULL, 0, 'prod_01KRNSQDFXQBMC9TZVDWSD6XYK') ON CONFLICT DO NOTHING;
INSERT INTO public.image (id, url, metadata, created_at, updated_at, deleted_at, rank, product_id) VALUES ('img_01KRNSQDHX78893267E8GEBR2G', 'https://placehold.co/600x400/2563eb/ffffff?text=Tax%20Transformation%20as%20a%20Servic', NULL, '2026-05-15 12:28:05.565+00', '2026-05-15 12:28:05.565+00', NULL, 0, 'prod_01KRNSQDHW0CVX1MKVVWRZ2Y5T') ON CONFLICT DO NOTHING;
INSERT INTO public.image (id, url, metadata, created_at, updated_at, deleted_at, rank, product_id) VALUES ('img_01KRNSQDKQXMQE2AS312XRBX97', 'https://placehold.co/600x400/2563eb/ffffff?text=Conta-Corrente%20Fiscal', NULL, '2026-05-15 12:28:05.623+00', '2026-05-15 12:28:05.623+00', NULL, 0, 'prod_01KRNSQDKQRTQ6ERP4JAKZS8BT') ON CONFLICT DO NOTHING;
INSERT INTO public.image (id, url, metadata, created_at, updated_at, deleted_at, rank, product_id) VALUES ('img_01KRNSQDQZ74E3PADKA0PXDFXR', 'https://placehold.co/600x400/2563eb/ffffff?text=Caixa%20Postal%20Fiscal%20(DTE)', NULL, '2026-05-15 12:28:05.76+00', '2026-05-15 12:28:05.76+00', NULL, 0, 'prod_01KRNSQDQYEWA41104P4GRCXXF') ON CONFLICT DO NOTHING;
INSERT INTO public.image (id, url, metadata, created_at, updated_at, deleted_at, rank, product_id) VALUES ('img_01KRV2NXPDKVCR1FTQR67AF8A2', 'http://localhost:9100/medusa-media/image_wDG60WCaptura de tela 2026-03-02 124216 (1)-01KRV2NXK7WV6S8KEJ49TWCSHV.png', NULL, '2026-05-17 13:40:45.902+00', '2026-05-17 13:40:45.903+00', NULL, 0, 'prod_01KRNSQC5JETE0XT40GVX19BRW') ON CONFLICT DO NOTHING;


ALTER TABLE public.image ENABLE TRIGGER ALL;

--
-- Data for Name: inventory_item; Type: TABLE DATA; Schema: public; Owner: -
--

ALTER TABLE public.inventory_item DISABLE TRIGGER ALL;

INSERT INTO public.inventory_item (id, created_at, updated_at, deleted_at, sku, origin_country, hs_code, mid_code, material, weight, length, height, width, requires_shipping, description, title, thumbnail, metadata) VALUES ('iitem_01KRNSQBNPA1T810ZN9WZ7BSVT', '2026-05-15 12:28:03.638+00', '2026-05-15 12:28:03.638+00', NULL, 'sittax-simples-default', NULL, NULL, NULL, NULL, NULL, NULL, NULL, NULL, true, 'Default', 'Default', NULL, NULL) ON CONFLICT DO NOTHING;
INSERT INTO public.inventory_item (id, created_at, updated_at, deleted_at, sku, origin_country, hs_code, mid_code, material, weight, length, height, width, requires_shipping, description, title, thumbnail, metadata) VALUES ('iitem_01KRNSQBRMB6W814DQ51PGYXWZ', '2026-05-15 12:28:03.732+00', '2026-05-15 12:28:03.732+00', NULL, 'elo-fiscal-default', NULL, NULL, NULL, NULL, NULL, NULL, NULL, NULL, true, 'Default', 'Default', NULL, NULL) ON CONFLICT DO NOTHING;
INSERT INTO public.inventory_item (id, created_at, updated_at, deleted_at, sku, origin_country, hs_code, mid_code, material, weight, length, height, width, requires_shipping, description, title, thumbnail, metadata) VALUES ('iitem_01KRNSQBVZ19NNK0FEPXFAHVY5', '2026-05-15 12:28:03.839+00', '2026-05-15 12:28:03.839+00', NULL, 'tax-sheets-default', NULL, NULL, NULL, NULL, NULL, NULL, NULL, NULL, true, 'Default', 'Default', NULL, NULL) ON CONFLICT DO NOTHING;
INSERT INTO public.inventory_item (id, created_at, updated_at, deleted_at, sku, origin_country, hs_code, mid_code, material, weight, length, height, width, requires_shipping, description, title, thumbnail, metadata) VALUES ('iitem_01KRNSQBYAD9AF0RS5X3AGCW7Z', '2026-05-15 12:28:03.915+00', '2026-05-15 12:28:03.915+00', NULL, 'sistema-ma-default', NULL, NULL, NULL, NULL, NULL, NULL, NULL, NULL, true, 'Default', 'Default', NULL, NULL) ON CONFLICT DO NOTHING;
INSERT INTO public.inventory_item (id, created_at, updated_at, deleted_at, sku, origin_country, hs_code, mid_code, material, weight, length, height, width, requires_shipping, description, title, thumbnail, metadata) VALUES ('iitem_01KRNSQBZFG9Y63JBDMVVAP647', '2026-05-15 12:28:03.952+00', '2026-05-15 12:28:03.952+00', NULL, 'tax-dashs-default', NULL, NULL, NULL, NULL, NULL, NULL, NULL, NULL, true, 'Default', 'Default', NULL, NULL) ON CONFLICT DO NOTHING;
INSERT INTO public.inventory_item (id, created_at, updated_at, deleted_at, sku, origin_country, hs_code, mid_code, material, weight, length, height, width, requires_shipping, description, title, thumbnail, metadata) VALUES ('iitem_01KRNSQC0NSNNC4QHJ86PVS1HH', '2026-05-15 12:28:03.989+00', '2026-05-15 12:28:03.989+00', NULL, 'busca-legal-t2-default', NULL, NULL, NULL, NULL, NULL, NULL, NULL, NULL, true, 'Default', 'Default', NULL, NULL) ON CONFLICT DO NOTHING;
INSERT INTO public.inventory_item (id, created_at, updated_at, deleted_at, sku, origin_country, hs_code, mid_code, material, weight, length, height, width, requires_shipping, description, title, thumbnail, metadata) VALUES ('iitem_01KRNSQC2CNWN6J6GDN3V0RFNP', '2026-05-15 12:28:04.044+00', '2026-05-15 12:28:04.044+00', NULL, 'busca-legal-ts-default', NULL, NULL, NULL, NULL, NULL, NULL, NULL, NULL, true, 'Default', 'Default', NULL, NULL) ON CONFLICT DO NOTHING;
INSERT INTO public.inventory_item (id, created_at, updated_at, deleted_at, sku, origin_country, hs_code, mid_code, material, weight, length, height, width, requires_shipping, description, title, thumbnail, metadata) VALUES ('iitem_01KRNSQC3J99YPGDCMNZSBVMW1', '2026-05-15 12:28:04.083+00', '2026-05-15 12:28:04.083+00', NULL, 'brinta-cloud-default', NULL, NULL, NULL, NULL, NULL, NULL, NULL, NULL, true, 'Default', 'Default', NULL, NULL) ON CONFLICT DO NOTHING;
INSERT INTO public.inventory_item (id, created_at, updated_at, deleted_at, sku, origin_country, hs_code, mid_code, material, weight, length, height, width, requires_shipping, description, title, thumbnail, metadata) VALUES ('iitem_01KRNSQC4W0FWMVZHN2MFVD2VZ', '2026-05-15 12:28:04.124+00', '2026-05-15 12:28:04.124+00', NULL, 'revizia-default', NULL, NULL, NULL, NULL, NULL, NULL, NULL, NULL, true, 'Default', 'Default', NULL, NULL) ON CONFLICT DO NOTHING;
INSERT INTO public.inventory_item (id, created_at, updated_at, deleted_at, sku, origin_country, hs_code, mid_code, material, weight, length, height, width, requires_shipping, description, title, thumbnail, metadata) VALUES ('iitem_01KRNSQC60RHMWRDNY84VFBSP4', '2026-05-15 12:28:04.16+00', '2026-05-15 12:28:04.16+00', NULL, 'tax-true-default', NULL, NULL, NULL, NULL, NULL, NULL, NULL, NULL, true, 'Default', 'Default', NULL, NULL) ON CONFLICT DO NOTHING;
INSERT INTO public.inventory_item (id, created_at, updated_at, deleted_at, sku, origin_country, hs_code, mid_code, material, weight, length, height, width, requires_shipping, description, title, thumbnail, metadata) VALUES ('iitem_01KRNSQC77WS31MEMVMB10EM1J', '2026-05-15 12:28:04.199+00', '2026-05-15 12:28:04.199+00', NULL, 'discovery-default', NULL, NULL, NULL, NULL, NULL, NULL, NULL, NULL, true, 'Default', 'Default', NULL, NULL) ON CONFLICT DO NOTHING;
INSERT INTO public.inventory_item (id, created_at, updated_at, deleted_at, sku, origin_country, hs_code, mid_code, material, weight, length, height, width, requires_shipping, description, title, thumbnail, metadata) VALUES ('iitem_01KRNSQC8ARTBV8V89373WWD7M', '2026-05-15 12:28:04.234+00', '2026-05-15 12:28:04.234+00', NULL, 'legal-tech-default', NULL, NULL, NULL, NULL, NULL, NULL, NULL, NULL, true, 'Default', 'Default', NULL, NULL) ON CONFLICT DO NOTHING;
INSERT INTO public.inventory_item (id, created_at, updated_at, deleted_at, sku, origin_country, hs_code, mid_code, material, weight, length, height, width, requires_shipping, description, title, thumbnail, metadata) VALUES ('iitem_01KRNSQC9D15ZNAQ8FXEPTF60S', '2026-05-15 12:28:04.269+00', '2026-05-15 12:28:04.269+00', NULL, 'camu-recebimento-de-notas-fiscais-default', NULL, NULL, NULL, NULL, NULL, NULL, NULL, NULL, true, 'Default', 'Default', NULL, NULL) ON CONFLICT DO NOTHING;
INSERT INTO public.inventory_item (id, created_at, updated_at, deleted_at, sku, origin_country, hs_code, mid_code, material, weight, length, height, width, requires_shipping, description, title, thumbnail, metadata) VALUES ('iitem_01KRNSQCANHXAP5Z28PSCGAKNR', '2026-05-15 12:28:04.309+00', '2026-05-15 12:28:04.309+00', NULL, 'numix-default', NULL, NULL, NULL, NULL, NULL, NULL, NULL, NULL, true, 'Default', 'Default', NULL, NULL) ON CONFLICT DO NOTHING;
INSERT INTO public.inventory_item (id, created_at, updated_at, deleted_at, sku, origin_country, hs_code, mid_code, material, weight, length, height, width, requires_shipping, description, title, thumbnail, metadata) VALUES ('iitem_01KRNSQCBXZJGSK2VKMRH5AM15', '2026-05-15 12:28:04.349+00', '2026-05-15 12:28:04.349+00', NULL, 'simoes-pires-default', NULL, NULL, NULL, NULL, NULL, NULL, NULL, NULL, true, 'Default', 'Default', NULL, NULL) ON CONFLICT DO NOTHING;
INSERT INTO public.inventory_item (id, created_at, updated_at, deleted_at, sku, origin_country, hs_code, mid_code, material, weight, length, height, width, requires_shipping, description, title, thumbnail, metadata) VALUES ('iitem_01KRNSQCE83J386AXNB0C1ZNA2', '2026-05-15 12:28:04.425+00', '2026-05-15 12:28:04.425+00', NULL, 'syntax-default', NULL, NULL, NULL, NULL, NULL, NULL, NULL, NULL, true, 'Default', 'Default', NULL, NULL) ON CONFLICT DO NOTHING;
INSERT INTO public.inventory_item (id, created_at, updated_at, deleted_at, sku, origin_country, hs_code, mid_code, material, weight, length, height, width, requires_shipping, description, title, thumbnail, metadata) VALUES ('iitem_01KRNSQCFZ2FWESPG8WKDWNB3R', '2026-05-15 12:28:04.479+00', '2026-05-15 12:28:04.479+00', NULL, 'supplier-manager-default', NULL, NULL, NULL, NULL, NULL, NULL, NULL, NULL, true, 'Default', 'Default', NULL, NULL) ON CONFLICT DO NOTHING;
INSERT INTO public.inventory_item (id, created_at, updated_at, deleted_at, sku, origin_country, hs_code, mid_code, material, weight, length, height, width, requires_shipping, description, title, thumbnail, metadata) VALUES ('iitem_01KRNSQCGZ7KJGTJJN2WZYC7KG', '2026-05-15 12:28:04.511+00', '2026-05-15 12:28:04.511+00', NULL, 'corretor-automatico-do-sped-e-auditoria-default', NULL, NULL, NULL, NULL, NULL, NULL, NULL, NULL, true, 'Default', 'Default', NULL, NULL) ON CONFLICT DO NOTHING;
INSERT INTO public.inventory_item (id, created_at, updated_at, deleted_at, sku, origin_country, hs_code, mid_code, material, weight, length, height, width, requires_shipping, description, title, thumbnail, metadata) VALUES ('iitem_01KRNSQCJ1DKHSW216EZ1HMY72', '2026-05-15 12:28:04.545+00', '2026-05-15 12:28:04.545+00', NULL, 'v360-default', NULL, NULL, NULL, NULL, NULL, NULL, NULL, NULL, true, 'Default', 'Default', NULL, NULL) ON CONFLICT DO NOTHING;
INSERT INTO public.inventory_item (id, created_at, updated_at, deleted_at, sku, origin_country, hs_code, mid_code, material, weight, length, height, width, requires_shipping, description, title, thumbnail, metadata) VALUES ('iitem_01KRNSQCK5YE472E4N5EVKJKRJ', '2026-05-15 12:28:04.581+00', '2026-05-15 12:28:04.581+00', NULL, 'programa-avancado-implementacao-da-reforma-tributaria-default', NULL, NULL, NULL, NULL, NULL, NULL, NULL, NULL, true, 'Default', 'Default', NULL, NULL) ON CONFLICT DO NOTHING;
INSERT INTO public.inventory_item (id, created_at, updated_at, deleted_at, sku, origin_country, hs_code, mid_code, material, weight, length, height, width, requires_shipping, description, title, thumbnail, metadata) VALUES ('iitem_01KRNSQCME639X17V4GQD2EMHT', '2026-05-15 12:28:04.622+00', '2026-05-15 12:28:04.622+00', NULL, 'full-tax-service-default', NULL, NULL, NULL, NULL, NULL, NULL, NULL, NULL, true, 'Default', 'Default', NULL, NULL) ON CONFLICT DO NOTHING;
INSERT INTO public.inventory_item (id, created_at, updated_at, deleted_at, sku, origin_country, hs_code, mid_code, material, weight, length, height, width, requires_shipping, description, title, thumbnail, metadata) VALUES ('iitem_01KRNSQCNYRWR7VATD5ENZB94A', '2026-05-15 12:28:04.67+00', '2026-05-15 12:28:04.67+00', NULL, 'consultoria-de-implementacao-da-reforma-tributaria-default', NULL, NULL, NULL, NULL, NULL, NULL, NULL, NULL, true, 'Default', 'Default', NULL, NULL) ON CONFLICT DO NOTHING;
INSERT INTO public.inventory_item (id, created_at, updated_at, deleted_at, sku, origin_country, hs_code, mid_code, material, weight, length, height, width, requires_shipping, description, title, thumbnail, metadata) VALUES ('iitem_01KRNSQCQ3M24K0WCR214AH6D5', '2026-05-15 12:28:04.707+00', '2026-05-15 12:28:04.707+00', NULL, 'conta-digital-empresarial-logisbank-default', NULL, NULL, NULL, NULL, NULL, NULL, NULL, NULL, true, 'Default', 'Default', NULL, NULL) ON CONFLICT DO NOTHING;
INSERT INTO public.inventory_item (id, created_at, updated_at, deleted_at, sku, origin_country, hs_code, mid_code, material, weight, length, height, width, requires_shipping, description, title, thumbnail, metadata) VALUES ('iitem_01KRNSQCR590DCZ03AGND2JCPN', '2026-05-15 12:28:04.741+00', '2026-05-15 12:28:04.741+00', NULL, 'total-compliance-default', NULL, NULL, NULL, NULL, NULL, NULL, NULL, NULL, true, 'Default', 'Default', NULL, NULL) ON CONFLICT DO NOTHING;
INSERT INTO public.inventory_item (id, created_at, updated_at, deleted_at, sku, origin_country, hs_code, mid_code, material, weight, length, height, width, requires_shipping, description, title, thumbnail, metadata) VALUES ('iitem_01KRNSQCSAGTKPSC23M22DHJ2A', '2026-05-15 12:28:04.778+00', '2026-05-15 12:28:04.778+00', NULL, 'educacao-e-mentoria-tributaria-default', NULL, NULL, NULL, NULL, NULL, NULL, NULL, NULL, true, 'Default', 'Default', NULL, NULL) ON CONFLICT DO NOTHING;
INSERT INTO public.inventory_item (id, created_at, updated_at, deleted_at, sku, origin_country, hs_code, mid_code, material, weight, length, height, width, requires_shipping, description, title, thumbnail, metadata) VALUES ('iitem_01KRNSQCTA93BG6HBCK7EK200R', '2026-05-15 12:28:04.81+00', '2026-05-15 12:28:04.81+00', NULL, 'consultoria-planing-default', NULL, NULL, NULL, NULL, NULL, NULL, NULL, NULL, true, 'Default', 'Default', NULL, NULL) ON CONFLICT DO NOTHING;
INSERT INTO public.inventory_item (id, created_at, updated_at, deleted_at, sku, origin_country, hs_code, mid_code, material, weight, length, height, width, requires_shipping, description, title, thumbnail, metadata) VALUES ('iitem_01KRNSQCVHX20S696DB2Q847KP', '2026-05-15 12:28:04.849+00', '2026-05-15 12:28:04.849+00', NULL, 'consultoria-tributaria-especializada-default', NULL, NULL, NULL, NULL, NULL, NULL, NULL, NULL, true, 'Default', 'Default', NULL, NULL) ON CONFLICT DO NOTHING;
INSERT INTO public.inventory_item (id, created_at, updated_at, deleted_at, sku, origin_country, hs_code, mid_code, material, weight, length, height, width, requires_shipping, description, title, thumbnail, metadata) VALUES ('iitem_01KRNSQCWJZ5RHDEF6923P9G12', '2026-05-15 12:28:04.882+00', '2026-05-15 12:28:04.882+00', NULL, 'fs4you-consultoria-default', NULL, NULL, NULL, NULL, NULL, NULL, NULL, NULL, true, 'Default', 'Default', NULL, NULL) ON CONFLICT DO NOTHING;
INSERT INTO public.inventory_item (id, created_at, updated_at, deleted_at, sku, origin_country, hs_code, mid_code, material, weight, length, height, width, requires_shipping, description, title, thumbnail, metadata) VALUES ('iitem_01KRNSQCYJ02CD7R7BMK1DPF0Z', '2026-05-15 12:28:04.946+00', '2026-05-15 12:28:04.946+00', NULL, 'total-inbound-default', NULL, NULL, NULL, NULL, NULL, NULL, NULL, NULL, true, 'Default', 'Default', NULL, NULL) ON CONFLICT DO NOTHING;
INSERT INTO public.inventory_item (id, created_at, updated_at, deleted_at, sku, origin_country, hs_code, mid_code, material, weight, length, height, width, requires_shipping, description, title, thumbnail, metadata) VALUES ('iitem_01KRNSQCZQESH4HSKB4B870T80', '2026-05-15 12:28:04.983+00', '2026-05-15 12:28:04.983+00', NULL, 'tools-default', NULL, NULL, NULL, NULL, NULL, NULL, NULL, NULL, true, 'Default', 'Default', NULL, NULL) ON CONFLICT DO NOTHING;
INSERT INTO public.inventory_item (id, created_at, updated_at, deleted_at, sku, origin_country, hs_code, mid_code, material, weight, length, height, width, requires_shipping, description, title, thumbnail, metadata) VALUES ('iitem_01KRNSQD24FT2CH05PBBST3HD5', '2026-05-15 12:28:05.06+00', '2026-05-15 12:28:05.06+00', NULL, 'monitor-default', NULL, NULL, NULL, NULL, NULL, NULL, NULL, NULL, true, 'Default', 'Default', NULL, NULL) ON CONFLICT DO NOTHING;
INSERT INTO public.inventory_item (id, created_at, updated_at, deleted_at, sku, origin_country, hs_code, mid_code, material, weight, length, height, width, requires_shipping, description, title, thumbnail, metadata) VALUES ('iitem_01KRNSQD3H1APJ42N6NV74P8VW', '2026-05-15 12:28:05.106+00', '2026-05-15 12:28:05.106+00', NULL, 'linc-gestao-inteligente-de-investimentos-sociais-default', NULL, NULL, NULL, NULL, NULL, NULL, NULL, NULL, true, 'Default', 'Default', NULL, NULL) ON CONFLICT DO NOTHING;
INSERT INTO public.inventory_item (id, created_at, updated_at, deleted_at, sku, origin_country, hs_code, mid_code, material, weight, length, height, width, requires_shipping, description, title, thumbnail, metadata) VALUES ('iitem_01KRNSQD4VVDW0W2NGXVX37RX7', '2026-05-15 12:28:05.147+00', '2026-05-15 12:28:05.147+00', NULL, 'prime-default', NULL, NULL, NULL, NULL, NULL, NULL, NULL, NULL, true, 'Default', 'Default', NULL, NULL) ON CONFLICT DO NOTHING;
INSERT INTO public.inventory_item (id, created_at, updated_at, deleted_at, sku, origin_country, hs_code, mid_code, material, weight, length, height, width, requires_shipping, description, title, thumbnail, metadata) VALUES ('iitem_01KRNSQD663S4EMXXZFM99YNEF', '2026-05-15 12:28:05.19+00', '2026-05-15 12:28:05.19+00', NULL, 'reforma-tributaria-default', NULL, NULL, NULL, NULL, NULL, NULL, NULL, NULL, true, 'Default', 'Default', NULL, NULL) ON CONFLICT DO NOTHING;
INSERT INTO public.inventory_item (id, created_at, updated_at, deleted_at, sku, origin_country, hs_code, mid_code, material, weight, length, height, width, requires_shipping, description, title, thumbnail, metadata) VALUES ('iitem_01KRNSQDA6M05ZXYNEFWN0N05E', '2026-05-15 12:28:05.319+00', '2026-05-15 12:28:05.319+00', NULL, 'gerenciador-de-certidoes-default', NULL, NULL, NULL, NULL, NULL, NULL, NULL, NULL, true, 'Default', 'Default', NULL, NULL) ON CONFLICT DO NOTHING;
INSERT INTO public.inventory_item (id, created_at, updated_at, deleted_at, sku, origin_country, hs_code, mid_code, material, weight, length, height, width, requires_shipping, description, title, thumbnail, metadata) VALUES ('iitem_01KRNSQDGMG9TGVXQEXSP46NT2', '2026-05-15 12:28:05.524+00', '2026-05-15 12:28:05.524+00', NULL, 'strategy-default', NULL, NULL, NULL, NULL, NULL, NULL, NULL, NULL, true, 'Default', 'Default', NULL, NULL) ON CONFLICT DO NOTHING;
INSERT INTO public.inventory_item (id, created_at, updated_at, deleted_at, sku, origin_country, hs_code, mid_code, material, weight, length, height, width, requires_shipping, description, title, thumbnail, metadata) VALUES ('iitem_01KRNSQDJHDPXEGM35FCG8Q9Y5', '2026-05-15 12:28:05.586+00', '2026-05-15 12:28:05.586+00', NULL, 'tax-transformation-as-a-service-projetos-customizaveis-default', NULL, NULL, NULL, NULL, NULL, NULL, NULL, NULL, true, 'Default', 'Default', NULL, NULL) ON CONFLICT DO NOTHING;
INSERT INTO public.inventory_item (id, created_at, updated_at, deleted_at, sku, origin_country, hs_code, mid_code, material, weight, length, height, width, requires_shipping, description, title, thumbnail, metadata) VALUES ('iitem_01KRNSQDMMK2RSPN35AK6G6ZYE', '2026-05-15 12:28:05.652+00', '2026-05-15 12:28:05.652+00', NULL, 'conta-corrente-fiscal-default', NULL, NULL, NULL, NULL, NULL, NULL, NULL, NULL, true, 'Default', 'Default', NULL, NULL) ON CONFLICT DO NOTHING;
INSERT INTO public.inventory_item (id, created_at, updated_at, deleted_at, sku, origin_country, hs_code, mid_code, material, weight, length, height, width, requires_shipping, description, title, thumbnail, metadata) VALUES ('iitem_01KRNSQDRP97G3RC18Q105F512', '2026-05-15 12:28:05.782+00', '2026-05-15 12:28:05.782+00', NULL, 'caixa-postal-fiscal-dte-default', NULL, NULL, NULL, NULL, NULL, NULL, NULL, NULL, true, 'Default', 'Default', NULL, NULL) ON CONFLICT DO NOTHING;


ALTER TABLE public.inventory_item ENABLE TRIGGER ALL;

--
-- Data for Name: inventory_level; Type: TABLE DATA; Schema: public; Owner: -
--

ALTER TABLE public.inventory_level DISABLE TRIGGER ALL;

INSERT INTO public.inventory_level (id, created_at, updated_at, deleted_at, inventory_item_id, location_id, stocked_quantity, reserved_quantity, incoming_quantity, metadata, raw_stocked_quantity, raw_reserved_quantity, raw_incoming_quantity) VALUES ('ilev_01KRNSQDTWDPQ88DWKC0JZACTE', '2026-05-15 12:28:05.852+00', '2026-05-15 12:28:05.852+00', NULL, 'iitem_01KRNSQBNPA1T810ZN9WZ7BSVT', 'sloc_01KRNSQ9N65CHYH9WZJHPK7VNH', 100, 0, 0, NULL, '{"value": "100", "precision": 20}', '{"value": "0", "precision": 20}', '{"value": "0", "precision": 20}') ON CONFLICT DO NOTHING;
INSERT INTO public.inventory_level (id, created_at, updated_at, deleted_at, inventory_item_id, location_id, stocked_quantity, reserved_quantity, incoming_quantity, metadata, raw_stocked_quantity, raw_reserved_quantity, raw_incoming_quantity) VALUES ('ilev_01KRNSQDV710E5FTB40XDQ4QED', '2026-05-15 12:28:05.863+00', '2026-05-15 12:28:05.863+00', NULL, 'iitem_01KRNSQBRMB6W814DQ51PGYXWZ', 'sloc_01KRNSQ9FSSQXVH5B9FK7EBEN8', 100, 0, 0, NULL, '{"value": "100", "precision": 20}', '{"value": "0", "precision": 20}', '{"value": "0", "precision": 20}') ON CONFLICT DO NOTHING;
INSERT INTO public.inventory_level (id, created_at, updated_at, deleted_at, inventory_item_id, location_id, stocked_quantity, reserved_quantity, incoming_quantity, metadata, raw_stocked_quantity, raw_reserved_quantity, raw_incoming_quantity) VALUES ('ilev_01KRNSQDVGPZ2QASDPKFAV3JAA', '2026-05-15 12:28:05.873+00', '2026-05-15 12:28:05.873+00', NULL, 'iitem_01KRNSQBVZ19NNK0FEPXFAHVY5', 'sloc_01KRNSQ7P6BDSD40XW97GPEGHY', 100, 0, 0, NULL, '{"value": "100", "precision": 20}', '{"value": "0", "precision": 20}', '{"value": "0", "precision": 20}') ON CONFLICT DO NOTHING;
INSERT INTO public.inventory_level (id, created_at, updated_at, deleted_at, inventory_item_id, location_id, stocked_quantity, reserved_quantity, incoming_quantity, metadata, raw_stocked_quantity, raw_reserved_quantity, raw_incoming_quantity) VALUES ('ilev_01KRNSQDVHVK692GKYKCF9Q80N', '2026-05-15 12:28:05.873+00', '2026-05-15 12:28:05.873+00', NULL, 'iitem_01KRNSQBZFG9Y63JBDMVVAP647', 'sloc_01KRNSQ7P6BDSD40XW97GPEGHY', 100, 0, 0, NULL, '{"value": "100", "precision": 20}', '{"value": "0", "precision": 20}', '{"value": "0", "precision": 20}') ON CONFLICT DO NOTHING;
INSERT INTO public.inventory_level (id, created_at, updated_at, deleted_at, inventory_item_id, location_id, stocked_quantity, reserved_quantity, incoming_quantity, metadata, raw_stocked_quantity, raw_reserved_quantity, raw_incoming_quantity) VALUES ('ilev_01KRNSQDVT3SB4T3XZ5N2BH19J', '2026-05-15 12:28:05.882+00', '2026-05-15 12:28:05.882+00', NULL, 'iitem_01KRNSQBYAD9AF0RS5X3AGCW7Z', 'sloc_01KRNSQ8A9KH8J4X52TTYFKMHZ', 100, 0, 0, NULL, '{"value": "100", "precision": 20}', '{"value": "0", "precision": 20}', '{"value": "0", "precision": 20}') ON CONFLICT DO NOTHING;
INSERT INTO public.inventory_level (id, created_at, updated_at, deleted_at, inventory_item_id, location_id, stocked_quantity, reserved_quantity, incoming_quantity, metadata, raw_stocked_quantity, raw_reserved_quantity, raw_incoming_quantity) VALUES ('ilev_01KRNSQDW1N9ZEYYXVFCJRVTMC', '2026-05-15 12:28:05.89+00', '2026-05-15 12:28:05.89+00', NULL, 'iitem_01KRNSQC0NSNNC4QHJ86PVS1HH', 'sloc_01KRNSQ80J5W3XTTBZW4HE00Z7', 100, 0, 0, NULL, '{"value": "100", "precision": 20}', '{"value": "0", "precision": 20}', '{"value": "0", "precision": 20}') ON CONFLICT DO NOTHING;
INSERT INTO public.inventory_level (id, created_at, updated_at, deleted_at, inventory_item_id, location_id, stocked_quantity, reserved_quantity, incoming_quantity, metadata, raw_stocked_quantity, raw_reserved_quantity, raw_incoming_quantity) VALUES ('ilev_01KRNSQDW1H4BZVR0VDM2GHNW4', '2026-05-15 12:28:05.89+00', '2026-05-15 12:28:05.89+00', NULL, 'iitem_01KRNSQC2CNWN6J6GDN3V0RFNP', 'sloc_01KRNSQ80J5W3XTTBZW4HE00Z7', 100, 0, 0, NULL, '{"value": "100", "precision": 20}', '{"value": "0", "precision": 20}', '{"value": "0", "precision": 20}') ON CONFLICT DO NOTHING;
INSERT INTO public.inventory_level (id, created_at, updated_at, deleted_at, inventory_item_id, location_id, stocked_quantity, reserved_quantity, incoming_quantity, metadata, raw_stocked_quantity, raw_reserved_quantity, raw_incoming_quantity) VALUES ('ilev_01KRNSQDWB4TBKHZ4X10PJBSWW', '2026-05-15 12:28:05.899+00', '2026-05-15 12:28:05.899+00', NULL, 'iitem_01KRNSQC3J99YPGDCMNZSBVMW1', 'sloc_01KRNSQ99P7JGHBP9FQGG8HKP1', 100, 0, 0, NULL, '{"value": "100", "precision": 20}', '{"value": "0", "precision": 20}', '{"value": "0", "precision": 20}') ON CONFLICT DO NOTHING;
INSERT INTO public.inventory_level (id, created_at, updated_at, deleted_at, inventory_item_id, location_id, stocked_quantity, reserved_quantity, incoming_quantity, metadata, raw_stocked_quantity, raw_reserved_quantity, raw_incoming_quantity) VALUES ('ilev_01KRNSQDWHVSPX2Q12N4T86QRT', '2026-05-15 12:28:05.905+00', '2026-05-15 12:28:05.906+00', NULL, 'iitem_01KRNSQC4W0FWMVZHN2MFVD2VZ', 'sloc_01KRNSQ8R1GGW991RZA9A7PP7G', 100, 0, 0, NULL, '{"value": "100", "precision": 20}', '{"value": "0", "precision": 20}', '{"value": "0", "precision": 20}') ON CONFLICT DO NOTHING;
INSERT INTO public.inventory_level (id, created_at, updated_at, deleted_at, inventory_item_id, location_id, stocked_quantity, reserved_quantity, incoming_quantity, metadata, raw_stocked_quantity, raw_reserved_quantity, raw_incoming_quantity) VALUES ('ilev_01KRNSQDWT5MYB2ACAJBKSZSA5', '2026-05-15 12:28:05.914+00', '2026-05-15 12:28:05.914+00', NULL, 'iitem_01KRNSQC60RHMWRDNY84VFBSP4', 'sloc_01KRNSQ93HJ02QH24P968KTC2C', 100, 0, 0, NULL, '{"value": "100", "precision": 20}', '{"value": "0", "precision": 20}', '{"value": "0", "precision": 20}') ON CONFLICT DO NOTHING;
INSERT INTO public.inventory_level (id, created_at, updated_at, deleted_at, inventory_item_id, location_id, stocked_quantity, reserved_quantity, incoming_quantity, metadata, raw_stocked_quantity, raw_reserved_quantity, raw_incoming_quantity) VALUES ('ilev_01KRNSQDWT7QJA4P2VXVW3F2WK', '2026-05-15 12:28:05.915+00', '2026-05-15 12:28:05.915+00', NULL, 'iitem_01KRNSQC77WS31MEMVMB10EM1J', 'sloc_01KRNSQ93HJ02QH24P968KTC2C', 100, 0, 0, NULL, '{"value": "100", "precision": 20}', '{"value": "0", "precision": 20}', '{"value": "0", "precision": 20}') ON CONFLICT DO NOTHING;
INSERT INTO public.inventory_level (id, created_at, updated_at, deleted_at, inventory_item_id, location_id, stocked_quantity, reserved_quantity, incoming_quantity, metadata, raw_stocked_quantity, raw_reserved_quantity, raw_incoming_quantity) VALUES ('ilev_01KRNSQDWT05D42ZED6PX2NYWR', '2026-05-15 12:28:05.915+00', '2026-05-15 12:28:05.915+00', NULL, 'iitem_01KRNSQDGMG9TGVXQEXSP46NT2', 'sloc_01KRNSQ93HJ02QH24P968KTC2C', 100, 0, 0, NULL, '{"value": "100", "precision": 20}', '{"value": "0", "precision": 20}', '{"value": "0", "precision": 20}') ON CONFLICT DO NOTHING;
INSERT INTO public.inventory_level (id, created_at, updated_at, deleted_at, inventory_item_id, location_id, stocked_quantity, reserved_quantity, incoming_quantity, metadata, raw_stocked_quantity, raw_reserved_quantity, raw_incoming_quantity) VALUES ('ilev_01KRNSQDXKK4P8J33ASBZ5JYGJ', '2026-05-15 12:28:05.939+00', '2026-05-15 12:28:05.939+00', NULL, 'iitem_01KRNSQC8ARTBV8V89373WWD7M', 'sloc_01KRNSQA3KVD6HXFY1QCWAK797', 100, 0, 0, NULL, '{"value": "100", "precision": 20}', '{"value": "0", "precision": 20}', '{"value": "0", "precision": 20}') ON CONFLICT DO NOTHING;
INSERT INTO public.inventory_level (id, created_at, updated_at, deleted_at, inventory_item_id, location_id, stocked_quantity, reserved_quantity, incoming_quantity, metadata, raw_stocked_quantity, raw_reserved_quantity, raw_incoming_quantity) VALUES ('ilev_01KRNSQDXX5579ZFXJ4M12MMPJ', '2026-05-15 12:28:05.949+00', '2026-05-15 12:28:05.949+00', NULL, 'iitem_01KRNSQC9D15ZNAQ8FXEPTF60S', 'sloc_01KRNSQ9T6V0X3DZVRP8DP1FSH', 100, 0, 0, NULL, '{"value": "100", "precision": 20}', '{"value": "0", "precision": 20}', '{"value": "0", "precision": 20}') ON CONFLICT DO NOTHING;
INSERT INTO public.inventory_level (id, created_at, updated_at, deleted_at, inventory_item_id, location_id, stocked_quantity, reserved_quantity, incoming_quantity, metadata, raw_stocked_quantity, raw_reserved_quantity, raw_incoming_quantity) VALUES ('ilev_01KRNSQDY4MN0PJFNAQSBVEJJH', '2026-05-15 12:28:05.956+00', '2026-05-15 12:28:05.956+00', NULL, 'iitem_01KRNSQCANHXAP5Z28PSCGAKNR', 'sloc_01KRNSQA8ZFXJTT7M1DKN9CFN2', 100, 0, 0, NULL, '{"value": "100", "precision": 20}', '{"value": "0", "precision": 20}', '{"value": "0", "precision": 20}') ON CONFLICT DO NOTHING;
INSERT INTO public.inventory_level (id, created_at, updated_at, deleted_at, inventory_item_id, location_id, stocked_quantity, reserved_quantity, incoming_quantity, metadata, raw_stocked_quantity, raw_reserved_quantity, raw_incoming_quantity) VALUES ('ilev_01KRNSQDYD805Z65RY5PP5Y1V1', '2026-05-15 12:28:05.965+00', '2026-05-15 12:28:05.965+00', NULL, 'iitem_01KRNSQCBXZJGSK2VKMRH5AM15', 'sloc_01KRNSQ9Z79HRG9YNQ5SEXEFB5', 100, 0, 0, NULL, '{"value": "100", "precision": 20}', '{"value": "0", "precision": 20}', '{"value": "0", "precision": 20}') ON CONFLICT DO NOTHING;
INSERT INTO public.inventory_level (id, created_at, updated_at, deleted_at, inventory_item_id, location_id, stocked_quantity, reserved_quantity, incoming_quantity, metadata, raw_stocked_quantity, raw_reserved_quantity, raw_incoming_quantity) VALUES ('ilev_01KRNSQDYMKJ9VKAJM9HC3KRKX', '2026-05-15 12:28:05.973+00', '2026-05-15 12:28:05.973+00', NULL, 'iitem_01KRNSQCE83J386AXNB0C1ZNA2', 'sloc_01KRNSQABS902PXNXNE4DDXXJ8', 100, 0, 0, NULL, '{"value": "100", "precision": 20}', '{"value": "0", "precision": 20}', '{"value": "0", "precision": 20}') ON CONFLICT DO NOTHING;
INSERT INTO public.inventory_level (id, created_at, updated_at, deleted_at, inventory_item_id, location_id, stocked_quantity, reserved_quantity, incoming_quantity, metadata, raw_stocked_quantity, raw_reserved_quantity, raw_incoming_quantity) VALUES ('ilev_01KRNSQDYWN6CMEC71P9DF6JV5', '2026-05-15 12:28:05.98+00', '2026-05-15 12:28:05.98+00', NULL, 'iitem_01KRNSQCFZ2FWESPG8WKDWNB3R', 'sloc_01KRNSQA6AV9ZVA9VC62PPHCAM', 100, 0, 0, NULL, '{"value": "100", "precision": 20}', '{"value": "0", "precision": 20}', '{"value": "0", "precision": 20}') ON CONFLICT DO NOTHING;
INSERT INTO public.inventory_level (id, created_at, updated_at, deleted_at, inventory_item_id, location_id, stocked_quantity, reserved_quantity, incoming_quantity, metadata, raw_stocked_quantity, raw_reserved_quantity, raw_incoming_quantity) VALUES ('ilev_01KRNSQDZ7P0Y024VCGQ07MRWT', '2026-05-15 12:28:05.991+00', '2026-05-15 12:28:05.991+00', NULL, 'iitem_01KRNSQCGZ7KJGTJJN2WZYC7KG', 'sloc_01KRNSQASD80ERPPESRJ2BB1KQ', 100, 0, 0, NULL, '{"value": "100", "precision": 20}', '{"value": "0", "precision": 20}', '{"value": "0", "precision": 20}') ON CONFLICT DO NOTHING;
INSERT INTO public.inventory_level (id, created_at, updated_at, deleted_at, inventory_item_id, location_id, stocked_quantity, reserved_quantity, incoming_quantity, metadata, raw_stocked_quantity, raw_reserved_quantity, raw_incoming_quantity) VALUES ('ilev_01KRNSQDZKYDS7TAEYW7F4E65Z', '2026-05-15 12:28:06.003+00', '2026-05-15 12:28:06.003+00', NULL, 'iitem_01KRNSQCJ1DKHSW216EZ1HMY72', 'sloc_01KRNSQAHHSJA84HVJ1YZ3AY3K', 100, 0, 0, NULL, '{"value": "100", "precision": 20}', '{"value": "0", "precision": 20}', '{"value": "0", "precision": 20}') ON CONFLICT DO NOTHING;
INSERT INTO public.inventory_level (id, created_at, updated_at, deleted_at, inventory_item_id, location_id, stocked_quantity, reserved_quantity, incoming_quantity, metadata, raw_stocked_quantity, raw_reserved_quantity, raw_incoming_quantity) VALUES ('ilev_01KRNSQE0AAC8VCT737QEDDJVE', '2026-05-15 12:28:06.027+00', '2026-05-15 12:28:06.027+00', NULL, 'iitem_01KRNSQCK5YE472E4N5EVKJKRJ', 'sloc_01KRNSQB0V22PF3957DZKGJ5G5', 100, 0, 0, NULL, '{"value": "100", "precision": 20}', '{"value": "0", "precision": 20}', '{"value": "0", "precision": 20}') ON CONFLICT DO NOTHING;
INSERT INTO public.inventory_level (id, created_at, updated_at, deleted_at, inventory_item_id, location_id, stocked_quantity, reserved_quantity, incoming_quantity, metadata, raw_stocked_quantity, raw_reserved_quantity, raw_incoming_quantity) VALUES ('ilev_01KRNSQE0X9EG43TSVGZ34FRMG', '2026-05-15 12:28:06.045+00', '2026-05-15 12:28:06.045+00', NULL, 'iitem_01KRNSQCME639X17V4GQD2EMHT', 'sloc_01KRNSQ9QQAZ4HWDQHGXVME0FR', 100, 0, 0, NULL, '{"value": "100", "precision": 20}', '{"value": "0", "precision": 20}', '{"value": "0", "precision": 20}') ON CONFLICT DO NOTHING;
INSERT INTO public.inventory_level (id, created_at, updated_at, deleted_at, inventory_item_id, location_id, stocked_quantity, reserved_quantity, incoming_quantity, metadata, raw_stocked_quantity, raw_reserved_quantity, raw_incoming_quantity) VALUES ('ilev_01KRNSQE157N4MM5HV3Z70CFVB', '2026-05-15 12:28:06.053+00', '2026-05-15 12:28:06.053+00', NULL, 'iitem_01KRNSQCNYRWR7VATD5ENZB94A', 'sloc_01KRNSQAPXV3EKPV3HK2T16Y05', 100, 0, 0, NULL, '{"value": "100", "precision": 20}', '{"value": "0", "precision": 20}', '{"value": "0", "precision": 20}') ON CONFLICT DO NOTHING;
INSERT INTO public.inventory_level (id, created_at, updated_at, deleted_at, inventory_item_id, location_id, stocked_quantity, reserved_quantity, incoming_quantity, metadata, raw_stocked_quantity, raw_reserved_quantity, raw_incoming_quantity) VALUES ('ilev_01KRNSQE1BH496XJBXMEBA79GT', '2026-05-15 12:28:06.059+00', '2026-05-15 12:28:06.059+00', NULL, 'iitem_01KRNSQCQ3M24K0WCR214AH6D5', 'sloc_01KRNSQAY5CAV5J5NZSVXQ3FHY', 100, 0, 0, NULL, '{"value": "100", "precision": 20}', '{"value": "0", "precision": 20}', '{"value": "0", "precision": 20}') ON CONFLICT DO NOTHING;
INSERT INTO public.inventory_level (id, created_at, updated_at, deleted_at, inventory_item_id, location_id, stocked_quantity, reserved_quantity, incoming_quantity, metadata, raw_stocked_quantity, raw_reserved_quantity, raw_incoming_quantity) VALUES ('ilev_01KRNSQE1G7DEN1BDFCCXBJ82K', '2026-05-15 12:28:06.064+00', '2026-05-15 12:28:06.064+00', NULL, 'iitem_01KRNSQCR590DCZ03AGND2JCPN', 'sloc_01KRNSQB3HJ5BM5TWDSZAPST0K', 100, 0, 0, NULL, '{"value": "100", "precision": 20}', '{"value": "0", "precision": 20}', '{"value": "0", "precision": 20}') ON CONFLICT DO NOTHING;
INSERT INTO public.inventory_level (id, created_at, updated_at, deleted_at, inventory_item_id, location_id, stocked_quantity, reserved_quantity, incoming_quantity, metadata, raw_stocked_quantity, raw_reserved_quantity, raw_incoming_quantity) VALUES ('ilev_01KRNSQE1GERERRJAJ31GF514A', '2026-05-15 12:28:06.064+00', '2026-05-15 12:28:06.064+00', NULL, 'iitem_01KRNSQCYJ02CD7R7BMK1DPF0Z', 'sloc_01KRNSQB3HJ5BM5TWDSZAPST0K', 100, 0, 0, NULL, '{"value": "100", "precision": 20}', '{"value": "0", "precision": 20}', '{"value": "0", "precision": 20}') ON CONFLICT DO NOTHING;
INSERT INTO public.inventory_level (id, created_at, updated_at, deleted_at, inventory_item_id, location_id, stocked_quantity, reserved_quantity, incoming_quantity, metadata, raw_stocked_quantity, raw_reserved_quantity, raw_incoming_quantity) VALUES ('ilev_01KRNSQE1PCPM0P3ZHSDS6FKBM', '2026-05-15 12:28:06.07+00', '2026-05-15 12:28:06.07+00', NULL, 'iitem_01KRNSQCSAGTKPSC23M22DHJ2A', 'sloc_01KRNSQBBF42HVZJ5J355A0ETC', 100, 0, 0, NULL, '{"value": "100", "precision": 20}', '{"value": "0", "precision": 20}', '{"value": "0", "precision": 20}') ON CONFLICT DO NOTHING;
INSERT INTO public.inventory_level (id, created_at, updated_at, deleted_at, inventory_item_id, location_id, stocked_quantity, reserved_quantity, incoming_quantity, metadata, raw_stocked_quantity, raw_reserved_quantity, raw_incoming_quantity) VALUES ('ilev_01KRNSQE1PPH7NJ512G5K13GW1', '2026-05-15 12:28:06.07+00', '2026-05-15 12:28:06.07+00', NULL, 'iitem_01KRNSQCVHX20S696DB2Q847KP', 'sloc_01KRNSQBBF42HVZJ5J355A0ETC', 100, 0, 0, NULL, '{"value": "100", "precision": 20}', '{"value": "0", "precision": 20}', '{"value": "0", "precision": 20}') ON CONFLICT DO NOTHING;
INSERT INTO public.inventory_level (id, created_at, updated_at, deleted_at, inventory_item_id, location_id, stocked_quantity, reserved_quantity, incoming_quantity, metadata, raw_stocked_quantity, raw_reserved_quantity, raw_incoming_quantity) VALUES ('ilev_01KRNSQE1ZAXRNAJ7ZMHPB0E7K', '2026-05-15 12:28:06.079+00', '2026-05-15 12:28:06.079+00', NULL, 'iitem_01KRNSQCTA93BG6HBCK7EK200R', 'sloc_01KRNSQB67KY4S66N1YFQT3030', 100, 0, 0, NULL, '{"value": "100", "precision": 20}', '{"value": "0", "precision": 20}', '{"value": "0", "precision": 20}') ON CONFLICT DO NOTHING;
INSERT INTO public.inventory_level (id, created_at, updated_at, deleted_at, inventory_item_id, location_id, stocked_quantity, reserved_quantity, incoming_quantity, metadata, raw_stocked_quantity, raw_reserved_quantity, raw_incoming_quantity) VALUES ('ilev_01KRNSQE25806AW7HMS4MWJGH3', '2026-05-15 12:28:06.085+00', '2026-05-15 12:28:06.085+00', NULL, 'iitem_01KRNSQCWJZ5RHDEF6923P9G12', 'sloc_01KRNSQ9JBZX6HRZ8APMFAHKYH', 100, 0, 0, NULL, '{"value": "100", "precision": 20}', '{"value": "0", "precision": 20}', '{"value": "0", "precision": 20}') ON CONFLICT DO NOTHING;
INSERT INTO public.inventory_level (id, created_at, updated_at, deleted_at, inventory_item_id, location_id, stocked_quantity, reserved_quantity, incoming_quantity, metadata, raw_stocked_quantity, raw_reserved_quantity, raw_incoming_quantity) VALUES ('ilev_01KRNSQE25C347BPFJPQHT79QV', '2026-05-15 12:28:06.085+00', '2026-05-15 12:28:06.085+00', NULL, 'iitem_01KRNSQD3H1APJ42N6NV74P8VW', 'sloc_01KRNSQ9JBZX6HRZ8APMFAHKYH', 100, 0, 0, NULL, '{"value": "100", "precision": 20}', '{"value": "0", "precision": 20}', '{"value": "0", "precision": 20}') ON CONFLICT DO NOTHING;
INSERT INTO public.inventory_level (id, created_at, updated_at, deleted_at, inventory_item_id, location_id, stocked_quantity, reserved_quantity, incoming_quantity, metadata, raw_stocked_quantity, raw_reserved_quantity, raw_incoming_quantity) VALUES ('ilev_01KRNSQE2C0YF6F4N90E2V8V8Y', '2026-05-15 12:28:06.092+00', '2026-05-15 12:28:06.092+00', NULL, 'iitem_01KRNSQCZQESH4HSKB4B870T80', 'sloc_01KRNSQ9C8TC9XBJQPC31E0FCQ', 100, 0, 0, NULL, '{"value": "100", "precision": 20}', '{"value": "0", "precision": 20}', '{"value": "0", "precision": 20}') ON CONFLICT DO NOTHING;
INSERT INTO public.inventory_level (id, created_at, updated_at, deleted_at, inventory_item_id, location_id, stocked_quantity, reserved_quantity, incoming_quantity, metadata, raw_stocked_quantity, raw_reserved_quantity, raw_incoming_quantity) VALUES ('ilev_01KRNSQE2C4HPPMZ2VDG578AF8', '2026-05-15 12:28:06.093+00', '2026-05-15 12:28:06.093+00', NULL, 'iitem_01KRNSQD24FT2CH05PBBST3HD5', 'sloc_01KRNSQ9C8TC9XBJQPC31E0FCQ', 100, 0, 0, NULL, '{"value": "100", "precision": 20}', '{"value": "0", "precision": 20}', '{"value": "0", "precision": 20}') ON CONFLICT DO NOTHING;
INSERT INTO public.inventory_level (id, created_at, updated_at, deleted_at, inventory_item_id, location_id, stocked_quantity, reserved_quantity, incoming_quantity, metadata, raw_stocked_quantity, raw_reserved_quantity, raw_incoming_quantity) VALUES ('ilev_01KRNSQE2C59TNGC0S070K8GPJ', '2026-05-15 12:28:06.093+00', '2026-05-15 12:28:06.093+00', NULL, 'iitem_01KRNSQD4VVDW0W2NGXVX37RX7', 'sloc_01KRNSQ9C8TC9XBJQPC31E0FCQ', 100, 0, 0, NULL, '{"value": "100", "precision": 20}', '{"value": "0", "precision": 20}', '{"value": "0", "precision": 20}') ON CONFLICT DO NOTHING;
INSERT INTO public.inventory_level (id, created_at, updated_at, deleted_at, inventory_item_id, location_id, stocked_quantity, reserved_quantity, incoming_quantity, metadata, raw_stocked_quantity, raw_reserved_quantity, raw_incoming_quantity) VALUES ('ilev_01KRNSQE2C7SAATV8158WS5HVX', '2026-05-15 12:28:06.093+00', '2026-05-15 12:28:06.093+00', NULL, 'iitem_01KRNSQD663S4EMXXZFM99YNEF', 'sloc_01KRNSQ9C8TC9XBJQPC31E0FCQ', 100, 0, 0, NULL, '{"value": "100", "precision": 20}', '{"value": "0", "precision": 20}', '{"value": "0", "precision": 20}') ON CONFLICT DO NOTHING;
INSERT INTO public.inventory_level (id, created_at, updated_at, deleted_at, inventory_item_id, location_id, stocked_quantity, reserved_quantity, incoming_quantity, metadata, raw_stocked_quantity, raw_reserved_quantity, raw_incoming_quantity) VALUES ('ilev_01KRNSQE2KZSWX8TSKRMT791KT', '2026-05-15 12:28:06.1+00', '2026-05-15 12:28:06.1+00', NULL, 'iitem_01KRNSQDA6M05ZXYNEFWN0N05E', 'sloc_01KRNSQB8WW4B5HB9BWRB8HSNN', 100, 0, 0, NULL, '{"value": "100", "precision": 20}', '{"value": "0", "precision": 20}', '{"value": "0", "precision": 20}') ON CONFLICT DO NOTHING;
INSERT INTO public.inventory_level (id, created_at, updated_at, deleted_at, inventory_item_id, location_id, stocked_quantity, reserved_quantity, incoming_quantity, metadata, raw_stocked_quantity, raw_reserved_quantity, raw_incoming_quantity) VALUES ('ilev_01KRNSQE2M2ZMTXB5KYZRCRQW0', '2026-05-15 12:28:06.1+00', '2026-05-15 12:28:06.1+00', NULL, 'iitem_01KRNSQDJHDPXEGM35FCG8Q9Y5', 'sloc_01KRNSQB8WW4B5HB9BWRB8HSNN', 100, 0, 0, NULL, '{"value": "100", "precision": 20}', '{"value": "0", "precision": 20}', '{"value": "0", "precision": 20}') ON CONFLICT DO NOTHING;
INSERT INTO public.inventory_level (id, created_at, updated_at, deleted_at, inventory_item_id, location_id, stocked_quantity, reserved_quantity, incoming_quantity, metadata, raw_stocked_quantity, raw_reserved_quantity, raw_incoming_quantity) VALUES ('ilev_01KRNSQE2MTVRBVJ1B8YS6Q7PG', '2026-05-15 12:28:06.1+00', '2026-05-15 12:28:06.1+00', NULL, 'iitem_01KRNSQDMMK2RSPN35AK6G6ZYE', 'sloc_01KRNSQB8WW4B5HB9BWRB8HSNN', 100, 0, 0, NULL, '{"value": "100", "precision": 20}', '{"value": "0", "precision": 20}', '{"value": "0", "precision": 20}') ON CONFLICT DO NOTHING;
INSERT INTO public.inventory_level (id, created_at, updated_at, deleted_at, inventory_item_id, location_id, stocked_quantity, reserved_quantity, incoming_quantity, metadata, raw_stocked_quantity, raw_reserved_quantity, raw_incoming_quantity) VALUES ('ilev_01KRNSQE2MQM9KSMJQZCW628SN', '2026-05-15 12:28:06.1+00', '2026-05-15 12:28:06.1+00', NULL, 'iitem_01KRNSQDRP97G3RC18Q105F512', 'sloc_01KRNSQB8WW4B5HB9BWRB8HSNN', 100, 0, 0, NULL, '{"value": "100", "precision": 20}', '{"value": "0", "precision": 20}', '{"value": "0", "precision": 20}') ON CONFLICT DO NOTHING;


ALTER TABLE public.inventory_level ENABLE TRIGGER ALL;

--
-- Data for Name: invite; Type: TABLE DATA; Schema: public; Owner: -
--

ALTER TABLE public.invite DISABLE TRIGGER ALL;



ALTER TABLE public.invite ENABLE TRIGGER ALL;

--
-- Data for Name: link_module_migrations; Type: TABLE DATA; Schema: public; Owner: -
--

ALTER TABLE public.link_module_migrations DISABLE TRIGGER ALL;

INSERT INTO public.link_module_migrations (id, table_name, link_descriptor, created_at) VALUES (2, 'cart_promotion', '{"toModel": "promotions", "toModule": "promotion", "fromModel": "cart", "fromModule": "cart"}', '2026-05-03 01:46:58.585135') ON CONFLICT DO NOTHING;
INSERT INTO public.link_module_migrations (id, table_name, link_descriptor, created_at) VALUES (13, 'region_payment_provider', '{"toModel": "payment_provider", "toModule": "payment", "fromModel": "region", "fromModule": "region"}', '2026-05-03 01:46:58.619603') ON CONFLICT DO NOTHING;
INSERT INTO public.link_module_migrations (id, table_name, link_descriptor, created_at) VALUES (26, 'order_order_split_order_payment_split_order_payment', '{"toModel": "split_order_payment", "toModule": "split_order_payment", "fromModel": "order", "fromModule": "order"}', '2026-05-03 01:46:58.660501') ON CONFLICT DO NOTHING;
INSERT INTO public.link_module_migrations (id, table_name, link_descriptor, created_at) VALUES (33, 'seller_seller_order_order', '{"toModel": "order", "toModule": "order", "fromModel": "seller", "fromModule": "seller"}', '2026-05-03 01:46:58.69901') ON CONFLICT DO NOTHING;
INSERT INTO public.link_module_migrations (id, table_name, link_descriptor, created_at) VALUES (43, 'wishlist_wishlist_product_product', '{"toModel": "product", "toModule": "product", "fromModel": "wishlist", "fromModule": "wishlist"}', '2026-05-03 01:46:58.739728') ON CONFLICT DO NOTHING;
INSERT INTO public.link_module_migrations (id, table_name, link_descriptor, created_at) VALUES (1, 'location_fulfillment_provider', '{"toModel": "fulfillment_provider", "toModule": "fulfillment", "fromModel": "location", "fromModule": "stock_location"}', '2026-05-03 01:46:58.58521') ON CONFLICT DO NOTHING;
INSERT INTO public.link_module_migrations (id, table_name, link_descriptor, created_at) VALUES (14, 'sales_channel_stock_location', '{"toModel": "location", "toModule": "stock_location", "fromModel": "sales_channel", "fromModule": "sales_channel"}', '2026-05-03 01:46:58.619889') ON CONFLICT DO NOTHING;
INSERT INTO public.link_module_migrations (id, table_name, link_descriptor, created_at) VALUES (25, 'marketplace_order_set_order_order', '{"toModel": "order", "toModule": "order", "fromModel": "order_set", "fromModule": "marketplace"}', '2026-05-03 01:46:58.660033') ON CONFLICT DO NOTHING;
INSERT INTO public.link_module_migrations (id, table_name, link_descriptor, created_at) VALUES (36, 'seller_seller_product_product', '{"toModel": "product", "toModule": "product", "fromModel": "seller", "fromModule": "seller"}', '2026-05-03 01:46:58.702663') ON CONFLICT DO NOTHING;
INSERT INTO public.link_module_migrations (id, table_name, link_descriptor, created_at) VALUES (46, 'product_product_review_review', '{"toModel": "review", "toModule": "review", "fromModel": "product", "fromModule": "product"}', '2026-05-03 01:46:58.739972') ON CONFLICT DO NOTHING;
INSERT INTO public.link_module_migrations (id, table_name, link_descriptor, created_at) VALUES (3, 'location_fulfillment_set', '{"toModel": "fulfillment_set", "toModule": "fulfillment", "fromModel": "location", "fromModule": "stock_location"}', '2026-05-03 01:46:58.585269') ON CONFLICT DO NOTHING;
INSERT INTO public.link_module_migrations (id, table_name, link_descriptor, created_at) VALUES (4, 'order_cart', '{"toModel": "cart", "toModule": "cart", "fromModel": "order", "fromModule": "order"}', '2026-05-03 01:46:58.585376') ON CONFLICT DO NOTHING;
INSERT INTO public.link_module_migrations (id, table_name, link_descriptor, created_at) VALUES (5, 'order_fulfillment', '{"toModel": "fulfillments", "toModule": "fulfillment", "fromModel": "order", "fromModule": "order"}', '2026-05-03 01:46:58.585418') ON CONFLICT DO NOTHING;
INSERT INTO public.link_module_migrations (id, table_name, link_descriptor, created_at) VALUES (6, 'order_payment_collection', '{"toModel": "payment_collection", "toModule": "payment", "fromModel": "order", "fromModule": "order"}', '2026-05-03 01:46:58.585497') ON CONFLICT DO NOTHING;
INSERT INTO public.link_module_migrations (id, table_name, link_descriptor, created_at) VALUES (7, 'order_promotion', '{"toModel": "promotions", "toModule": "promotion", "fromModel": "order", "fromModule": "order"}', '2026-05-03 01:46:58.585684') ON CONFLICT DO NOTHING;
INSERT INTO public.link_module_migrations (id, table_name, link_descriptor, created_at) VALUES (8, 'return_fulfillment', '{"toModel": "fulfillments", "toModule": "fulfillment", "fromModel": "return", "fromModule": "order"}', '2026-05-03 01:46:58.586264') ON CONFLICT DO NOTHING;
INSERT INTO public.link_module_migrations (id, table_name, link_descriptor, created_at) VALUES (9, 'product_sales_channel', '{"toModel": "sales_channel", "toModule": "sales_channel", "fromModel": "product", "fromModule": "product"}', '2026-05-03 01:46:58.587251') ON CONFLICT DO NOTHING;
INSERT INTO public.link_module_migrations (id, table_name, link_descriptor, created_at) VALUES (10, 'product_variant_inventory_item', '{"toModel": "inventory", "toModule": "inventory", "fromModel": "variant", "fromModule": "product"}', '2026-05-03 01:46:58.590328') ON CONFLICT DO NOTHING;
INSERT INTO public.link_module_migrations (id, table_name, link_descriptor, created_at) VALUES (11, 'product_variant_price_set', '{"toModel": "price_set", "toModule": "pricing", "fromModel": "variant", "fromModule": "product"}', '2026-05-03 01:46:58.616133') ON CONFLICT DO NOTHING;
INSERT INTO public.link_module_migrations (id, table_name, link_descriptor, created_at) VALUES (12, 'publishable_api_key_sales_channel', '{"toModel": "sales_channel", "toModule": "sales_channel", "fromModel": "api_key", "fromModule": "api_key"}', '2026-05-03 01:46:58.616231') ON CONFLICT DO NOTHING;
INSERT INTO public.link_module_migrations (id, table_name, link_descriptor, created_at) VALUES (15, 'shipping_option_price_set', '{"toModel": "price_set", "toModule": "pricing", "fromModel": "shipping_option", "fromModule": "fulfillment"}', '2026-05-03 01:46:58.619979') ON CONFLICT DO NOTHING;
INSERT INTO public.link_module_migrations (id, table_name, link_descriptor, created_at) VALUES (16, 'product_shipping_profile', '{"toModel": "shipping_profile", "toModule": "fulfillment", "fromModel": "product", "fromModule": "product"}', '2026-05-03 01:46:58.620098') ON CONFLICT DO NOTHING;
INSERT INTO public.link_module_migrations (id, table_name, link_descriptor, created_at) VALUES (17, 'customer_account_holder', '{"toModel": "account_holder", "toModule": "payment", "fromModel": "customer", "fromModule": "customer"}', '2026-05-03 01:46:58.623222') ON CONFLICT DO NOTHING;
INSERT INTO public.link_module_migrations (id, table_name, link_descriptor, created_at) VALUES (18, 'order_return_order_return_request_order_order', '{"toModel": "order", "toModule": "order", "fromModel": "order_return_request", "fromModule": "order_return"}', '2026-05-03 01:46:58.623397') ON CONFLICT DO NOTHING;
INSERT INTO public.link_module_migrations (id, table_name, link_descriptor, created_at) VALUES (19, 'seller_seller_requests_request', '{"toModel": "request", "toModule": "requests", "fromModel": "seller", "fromModule": "seller"}', '2026-05-03 01:46:58.624142') ON CONFLICT DO NOTHING;
INSERT INTO public.link_module_migrations (id, table_name, link_descriptor, created_at) VALUES (20, 'seller_seller_order_return_order_return_request', '{"toModel": "order_return_request", "toModule": "order_return", "fromModel": "seller", "fromModule": "seller"}', '2026-05-03 01:46:58.627121') ON CONFLICT DO NOTHING;
INSERT INTO public.link_module_migrations (id, table_name, link_descriptor, created_at) VALUES (21, 'product_product_category_attribute_attribute', '{"toModel": "attribute", "toModule": "attribute", "fromModel": "product_category", "fromModule": "product"}', '2026-05-03 01:46:58.651226') ON CONFLICT DO NOTHING;
INSERT INTO public.link_module_migrations (id, table_name, link_descriptor, created_at) VALUES (22, 'product_product_category_taxcode_tax_code', '{"toModel": "tax_code", "toModule": "taxcode", "fromModel": "product_category", "fromModule": "product"}', '2026-05-03 01:46:58.655454') ON CONFLICT DO NOTHING;
INSERT INTO public.link_module_migrations (id, table_name, link_descriptor, created_at) VALUES (23, 'customer_customer_wishlist_wishlist', '{"toModel": "wishlist", "toModule": "wishlist", "fromModel": "customer", "fromModule": "customer"}', '2026-05-03 01:46:58.659475') ON CONFLICT DO NOTHING;
INSERT INTO public.link_module_migrations (id, table_name, link_descriptor, created_at) VALUES (24, 'order_payout', '{"toModel": "payout", "toModule": "payout", "fromModel": "order", "fromModule": "order"}', '2026-05-03 01:46:58.659781') ON CONFLICT DO NOTHING;
INSERT INTO public.link_module_migrations (id, table_name, link_descriptor, created_at) VALUES (27, 'product_product_attribute_attribute_value', '{"toModel": "attribute_value", "toModule": "attribute", "fromModel": "product", "fromModule": "product"}', '2026-05-03 01:46:58.663021') ON CONFLICT DO NOTHING;
INSERT INTO public.link_module_migrations (id, table_name, link_descriptor, created_at) VALUES (28, 'product_product_secondary_category_secondary_category', '{"toModel": "secondary_category", "toModule": "secondary_category", "fromModel": "product", "fromModule": "product"}', '2026-05-03 01:46:58.664833') ON CONFLICT DO NOTHING;
INSERT INTO public.link_module_migrations (id, table_name, link_descriptor, created_at) VALUES (29, 'seller_seller_promotion_campaign', '{"toModel": "campaign", "toModule": "promotion", "fromModel": "seller", "fromModule": "seller"}', '2026-05-03 01:46:58.667758') ON CONFLICT DO NOTHING;
INSERT INTO public.link_module_migrations (id, table_name, link_descriptor, created_at) VALUES (30, 'seller_seller_customer_customer_group', '{"toModel": "customer_group", "toModule": "customer", "fromModel": "seller", "fromModule": "seller"}', '2026-05-03 01:46:58.668567') ON CONFLICT DO NOTHING;
INSERT INTO public.link_module_migrations (id, table_name, link_descriptor, created_at) VALUES (31, 'seller_seller_fulfillment_fulfillment_set', '{"toModel": "fulfillment_set", "toModule": "fulfillment", "fromModel": "seller", "fromModule": "seller"}', '2026-05-03 01:46:58.682304') ON CONFLICT DO NOTHING;
INSERT INTO public.link_module_migrations (id, table_name, link_descriptor, created_at) VALUES (32, 'seller_seller_inventory_inventory_item', '{"toModel": "inventory_item", "toModule": "inventory", "fromModel": "seller", "fromModule": "seller"}', '2026-05-03 01:46:58.69547') ON CONFLICT DO NOTHING;
INSERT INTO public.link_module_migrations (id, table_name, link_descriptor, created_at) VALUES (34, 'seller_seller_payout_payout_account', '{"toModel": "payout_account", "toModule": "payout", "fromModel": "seller", "fromModule": "seller"}', '2026-05-03 01:46:58.699226') ON CONFLICT DO NOTHING;
INSERT INTO public.link_module_migrations (id, table_name, link_descriptor, created_at) VALUES (35, 'seller_seller_pricing_price_list', '{"toModel": "price_list", "toModule": "pricing", "fromModel": "seller", "fromModule": "seller"}', '2026-05-03 01:46:58.700768') ON CONFLICT DO NOTHING;
INSERT INTO public.link_module_migrations (id, table_name, link_descriptor, created_at) VALUES (37, 'seller_seller_promotion_promotion', '{"toModel": "promotion", "toModule": "promotion", "fromModel": "seller", "fromModule": "seller"}', '2026-05-03 01:46:58.704201') ON CONFLICT DO NOTHING;
INSERT INTO public.link_module_migrations (id, table_name, link_descriptor, created_at) VALUES (38, 'seller_seller_order_return', '{"toModel": "return", "toModule": "order", "fromModel": "seller", "fromModule": "seller"}', '2026-05-03 01:46:58.70548') ON CONFLICT DO NOTHING;
INSERT INTO public.link_module_migrations (id, table_name, link_descriptor, created_at) VALUES (39, 'seller_seller_fulfillment_service_zone', '{"toModel": "service_zone", "toModule": "fulfillment", "fromModel": "seller", "fromModule": "seller"}', '2026-05-03 01:46:58.706294') ON CONFLICT DO NOTHING;
INSERT INTO public.link_module_migrations (id, table_name, link_descriptor, created_at) VALUES (40, 'seller_seller_fulfillment_shipping_option', '{"toModel": "shipping_option", "toModule": "fulfillment", "fromModel": "seller", "fromModule": "seller"}', '2026-05-03 01:46:58.706586') ON CONFLICT DO NOTHING;
INSERT INTO public.link_module_migrations (id, table_name, link_descriptor, created_at) VALUES (41, 'seller_seller_fulfillment_shipping_profile', '{"toModel": "shipping_profile", "toModule": "fulfillment", "fromModel": "seller", "fromModule": "seller"}', '2026-05-03 01:46:58.719126') ON CONFLICT DO NOTHING;
INSERT INTO public.link_module_migrations (id, table_name, link_descriptor, created_at) VALUES (42, 'seller_seller_stock_location_stock_location', '{"toModel": "stock_location", "toModule": "stock_location", "fromModel": "seller", "fromModule": "seller"}', '2026-05-03 01:46:58.73446') ON CONFLICT DO NOTHING;
INSERT INTO public.link_module_migrations (id, table_name, link_descriptor, created_at) VALUES (44, 'customer_customer_review_review', '{"toModel": "review", "toModule": "review", "fromModel": "customer", "fromModule": "customer"}', '2026-05-03 01:46:58.739828') ON CONFLICT DO NOTHING;
INSERT INTO public.link_module_migrations (id, table_name, link_descriptor, created_at) VALUES (45, 'order_order_review_review', '{"toModel": "review", "toModule": "review", "fromModel": "order", "fromModule": "order"}', '2026-05-03 01:46:58.739917') ON CONFLICT DO NOTHING;
INSERT INTO public.link_module_migrations (id, table_name, link_descriptor, created_at) VALUES (47, 'seller_seller_review_review', '{"toModel": "review", "toModule": "review", "fromModel": "seller", "fromModule": "seller"}', '2026-05-03 01:46:58.740642') ON CONFLICT DO NOTHING;
INSERT INTO public.link_module_migrations (id, table_name, link_descriptor, created_at) VALUES (48, 'cart_payment_collection', '{"toModel": "payment_collection", "toModule": "payment", "fromModel": "cart", "fromModule": "cart"}', '2026-05-03 01:46:58.740732') ON CONFLICT DO NOTHING;


ALTER TABLE public.link_module_migrations ENABLE TRIGGER ALL;

--
-- Data for Name: location_fulfillment_provider; Type: TABLE DATA; Schema: public; Owner: -
--

ALTER TABLE public.location_fulfillment_provider DISABLE TRIGGER ALL;

INSERT INTO public.location_fulfillment_provider (stock_location_id, fulfillment_provider_id, id, created_at, updated_at, deleted_at) VALUES ('sloc_01KQNRBAMRPD0WQ7WH56QHGTVX', 'manual_manual', 'locfp_01KQNRBAMWH5DSP1WC99YT655F', '2026-05-03 01:48:18.971919+00', '2026-05-03 01:48:18.971919+00', NULL) ON CONFLICT DO NOTHING;
INSERT INTO public.location_fulfillment_provider (stock_location_id, fulfillment_provider_id, id, created_at, updated_at, deleted_at) VALUES ('sloc_01KRBB56HDSK12S1QHVC3KXGTW', 'manual_manual', 'locfp_01KRBB56HSEHW23Y632HE7P5PJ', '2026-05-11 11:01:04.18456+00', '2026-05-11 11:01:04.18456+00', NULL) ON CONFLICT DO NOTHING;
INSERT INTO public.location_fulfillment_provider (stock_location_id, fulfillment_provider_id, id, created_at, updated_at, deleted_at) VALUES ('sloc_01KRBV95BEDCZAW4ESDTWSPDC5', 'manual_manual', 'locfp_01KRBV95BVN24WP1MMAF40B366', '2026-05-11 15:42:51.258231+00', '2026-05-11 15:42:51.258231+00', NULL) ON CONFLICT DO NOTHING;
INSERT INTO public.location_fulfillment_provider (stock_location_id, fulfillment_provider_id, id, created_at, updated_at, deleted_at) VALUES ('sloc_01KRBV95R9TJ1RV1XWVN33Q03J', 'manual_manual', 'locfp_01KRBV95REPD7R4NH3H8FKSE20', '2026-05-11 15:42:51.661676+00', '2026-05-11 15:42:51.661676+00', NULL) ON CONFLICT DO NOTHING;
INSERT INTO public.location_fulfillment_provider (stock_location_id, fulfillment_provider_id, id, created_at, updated_at, deleted_at) VALUES ('sloc_01KRBV95VA0BA55EQF08APBP6T', 'manual_manual', 'locfp_01KRBV95VEW62NHSQPCT53V8NH', '2026-05-11 15:42:51.757099+00', '2026-05-11 15:42:51.757099+00', NULL) ON CONFLICT DO NOTHING;
INSERT INTO public.location_fulfillment_provider (stock_location_id, fulfillment_provider_id, id, created_at, updated_at, deleted_at) VALUES ('sloc_01KRBV961147RQJ23XGCVG15V9', 'manual_manual', 'locfp_01KRBV961DAPEMAQD9BS5M7R3V', '2026-05-11 15:42:51.947311+00', '2026-05-11 15:42:51.947311+00', NULL) ON CONFLICT DO NOTHING;
INSERT INTO public.location_fulfillment_provider (stock_location_id, fulfillment_provider_id, id, created_at, updated_at, deleted_at) VALUES ('sloc_01KRBV964747ZNG6F613VTPMRB', 'manual_manual', 'locfp_01KRBV964BY8208484N89GXWY0', '2026-05-11 15:42:52.042334+00', '2026-05-11 15:42:52.042334+00', NULL) ON CONFLICT DO NOTHING;
INSERT INTO public.location_fulfillment_provider (stock_location_id, fulfillment_provider_id, id, created_at, updated_at, deleted_at) VALUES ('sloc_01KRBV969NP152NCASBAW70J5C', 'manual_manual', 'locfp_01KRBV969RHBBENMAFE6EEACS7', '2026-05-11 15:42:52.215666+00', '2026-05-11 15:42:52.215666+00', NULL) ON CONFLICT DO NOTHING;
INSERT INTO public.location_fulfillment_provider (stock_location_id, fulfillment_provider_id, id, created_at, updated_at, deleted_at) VALUES ('sloc_01KRBV96C4TD6E7P78H5ZTXBHX', 'manual_manual', 'locfp_01KRBV96C82DQBRXMAB99TTXR0', '2026-05-11 15:42:52.29558+00', '2026-05-11 15:42:52.29558+00', NULL) ON CONFLICT DO NOTHING;
INSERT INTO public.location_fulfillment_provider (stock_location_id, fulfillment_provider_id, id, created_at, updated_at, deleted_at) VALUES ('sloc_01KRBV96EH364REY4VJR1YRXPC', 'manual_manual', 'locfp_01KRBV96EMYHCWWW971KA272DP', '2026-05-11 15:42:52.372025+00', '2026-05-11 15:42:52.372025+00', NULL) ON CONFLICT DO NOTHING;
INSERT INTO public.location_fulfillment_provider (stock_location_id, fulfillment_provider_id, id, created_at, updated_at, deleted_at) VALUES ('sloc_01KRBV96H095J1ZBDHG48A048B', 'manual_manual', 'locfp_01KRBV96H4WC8Q3A3NEET0W0Y6', '2026-05-11 15:42:52.451532+00', '2026-05-11 15:42:52.451532+00', NULL) ON CONFLICT DO NOTHING;
INSERT INTO public.location_fulfillment_provider (stock_location_id, fulfillment_provider_id, id, created_at, updated_at, deleted_at) VALUES ('sloc_01KRBV96KSNV6XDV1G2CR0XP82', 'manual_manual', 'locfp_01KRBV96KXED1TFSP8PYS90MBR', '2026-05-11 15:42:52.540915+00', '2026-05-11 15:42:52.540915+00', NULL) ON CONFLICT DO NOTHING;
INSERT INTO public.location_fulfillment_provider (stock_location_id, fulfillment_provider_id, id, created_at, updated_at, deleted_at) VALUES ('sloc_01KRBV96Q3JRTHZ8XRJ9D68ST3', 'manual_manual', 'locfp_01KRBV96Q8DP8397WSN0GR6VRG', '2026-05-11 15:42:52.647307+00', '2026-05-11 15:42:52.647307+00', NULL) ON CONFLICT DO NOTHING;
INSERT INTO public.location_fulfillment_provider (stock_location_id, fulfillment_provider_id, id, created_at, updated_at, deleted_at) VALUES ('sloc_01KRBV96T5P3GMN8RMF76D4MD2', 'manual_manual', 'locfp_01KRBV96T8NWCAPYHD82YB05XZ', '2026-05-11 15:42:52.744204+00', '2026-05-11 15:42:52.744204+00', NULL) ON CONFLICT DO NOTHING;
INSERT INTO public.location_fulfillment_provider (stock_location_id, fulfillment_provider_id, id, created_at, updated_at, deleted_at) VALUES ('sloc_01KRBV96WKS5QCPRVTQRRF13V8', 'manual_manual', 'locfp_01KRBV96WNBRJ08C0VCAQ57ZQF', '2026-05-11 15:42:52.821397+00', '2026-05-11 15:42:52.821397+00', NULL) ON CONFLICT DO NOTHING;
INSERT INTO public.location_fulfillment_provider (stock_location_id, fulfillment_provider_id, id, created_at, updated_at, deleted_at) VALUES ('sloc_01KRBV96Z4N12B73XMT12VB7YB', 'manual_manual', 'locfp_01KRBV96Z852CN8ZWY1JZAJKD7', '2026-05-11 15:42:52.903554+00', '2026-05-11 15:42:52.903554+00', NULL) ON CONFLICT DO NOTHING;
INSERT INTO public.location_fulfillment_provider (stock_location_id, fulfillment_provider_id, id, created_at, updated_at, deleted_at) VALUES ('sloc_01KRBV9736ECZKJ6382Z8EPCN0', 'manual_manual', 'locfp_01KRBV97395M8AR2WCJT424EMY', '2026-05-11 15:42:53.032346+00', '2026-05-11 15:42:53.032346+00', NULL) ON CONFLICT DO NOTHING;
INSERT INTO public.location_fulfillment_provider (stock_location_id, fulfillment_provider_id, id, created_at, updated_at, deleted_at) VALUES ('sloc_01KRBV975PQXH73DBPDJN5T9GK', 'manual_manual', 'locfp_01KRBV975T8QGQ6BYNVZ09R00W', '2026-05-11 15:42:53.113075+00', '2026-05-11 15:42:53.113075+00', NULL) ON CONFLICT DO NOTHING;
INSERT INTO public.location_fulfillment_provider (stock_location_id, fulfillment_provider_id, id, created_at, updated_at, deleted_at) VALUES ('sloc_01KRBV9786793X9FGVE4RXNA38', 'manual_manual', 'locfp_01KRBV9789Z94R6KSJ2DZK1HFC', '2026-05-11 15:42:53.192247+00', '2026-05-11 15:42:53.192247+00', NULL) ON CONFLICT DO NOTHING;
INSERT INTO public.location_fulfillment_provider (stock_location_id, fulfillment_provider_id, id, created_at, updated_at, deleted_at) VALUES ('sloc_01KRBV97AMTZ5DJVXCWJFPM6D1', 'manual_manual', 'locfp_01KRBV97AQY4Q9QQ2K41AQV4TE', '2026-05-11 15:42:53.270275+00', '2026-05-11 15:42:53.270275+00', NULL) ON CONFLICT DO NOTHING;
INSERT INTO public.location_fulfillment_provider (stock_location_id, fulfillment_provider_id, id, created_at, updated_at, deleted_at) VALUES ('sloc_01KRBV97EE12XP0TCW2TH4SK15', 'manual_manual', 'locfp_01KRBV97EHYE5RG5N4GJZY9ZF2', '2026-05-11 15:42:53.392985+00', '2026-05-11 15:42:53.392985+00', NULL) ON CONFLICT DO NOTHING;
INSERT INTO public.location_fulfillment_provider (stock_location_id, fulfillment_provider_id, id, created_at, updated_at, deleted_at) VALUES ('sloc_01KRBV97MQWRR9DR9A98FS32A4', 'manual_manual', 'locfp_01KRBV97MT2MN6XKBXHKDH7T1B', '2026-05-11 15:42:53.593935+00', '2026-05-11 15:42:53.593935+00', NULL) ON CONFLICT DO NOTHING;
INSERT INTO public.location_fulfillment_provider (stock_location_id, fulfillment_provider_id, id, created_at, updated_at, deleted_at) VALUES ('sloc_01KRBV97RXK7W383M718E7NT52', 'manual_manual', 'locfp_01KRBV97S0JAQ4YA9K29MPVXJS', '2026-05-11 15:42:53.728239+00', '2026-05-11 15:42:53.728239+00', NULL) ON CONFLICT DO NOTHING;
INSERT INTO public.location_fulfillment_provider (stock_location_id, fulfillment_provider_id, id, created_at, updated_at, deleted_at) VALUES ('sloc_01KRBV97ZMFR5NKF3F8C66P5MV', 'manual_manual', 'locfp_01KRBV97ZSK9NFBK165EENM770', '2026-05-11 15:42:53.942502+00', '2026-05-11 15:42:53.942502+00', NULL) ON CONFLICT DO NOTHING;
INSERT INTO public.location_fulfillment_provider (stock_location_id, fulfillment_provider_id, id, created_at, updated_at, deleted_at) VALUES ('sloc_01KRBV9822W24QND6HWST7Y9ZD', 'manual_manual', 'locfp_01KRBV9824RGFA9N42JBJ87JNB', '2026-05-11 15:42:54.020097+00', '2026-05-11 15:42:54.020097+00', NULL) ON CONFLICT DO NOTHING;
INSERT INTO public.location_fulfillment_provider (stock_location_id, fulfillment_provider_id, id, created_at, updated_at, deleted_at) VALUES ('sloc_01KRBV985FW9Q7WF3ZD3255SN3', 'manual_manual', 'locfp_01KRBV985H5HY2GS13XNPX9SWT', '2026-05-11 15:42:54.129123+00', '2026-05-11 15:42:54.129123+00', NULL) ON CONFLICT DO NOTHING;
INSERT INTO public.location_fulfillment_provider (stock_location_id, fulfillment_provider_id, id, created_at, updated_at, deleted_at) VALUES ('sloc_01KRBV9899DC2SH28BC38TTPC4', 'manual_manual', 'locfp_01KRBV989GBZWCPWV4QH5J4SPK', '2026-05-11 15:42:54.255431+00', '2026-05-11 15:42:54.255431+00', NULL) ON CONFLICT DO NOTHING;
INSERT INTO public.location_fulfillment_provider (stock_location_id, fulfillment_provider_id, id, created_at, updated_at, deleted_at) VALUES ('sloc_01KRBV98GJ1B9G0ZRYEZ75ZXKG', 'manual_manual', 'locfp_01KRBV98GPXR5B3THWVPH0XB5S', '2026-05-11 15:42:54.485189+00', '2026-05-11 15:42:54.485189+00', NULL) ON CONFLICT DO NOTHING;
INSERT INTO public.location_fulfillment_provider (stock_location_id, fulfillment_provider_id, id, created_at, updated_at, deleted_at) VALUES ('sloc_01KRBV98M66K2HH3DN17M1SMF3', 'manual_manual', 'locfp_01KRBV98M95Q5BWVJKN507JECH', '2026-05-11 15:42:54.601027+00', '2026-05-11 15:42:54.601027+00', NULL) ON CONFLICT DO NOTHING;
INSERT INTO public.location_fulfillment_provider (stock_location_id, fulfillment_provider_id, id, created_at, updated_at, deleted_at) VALUES ('sloc_01KRBV98PSH69PTAVF9YANC4B7', 'manual_manual', 'locfp_01KRBV98PWKK935798T3DW9G6F', '2026-05-11 15:42:54.683486+00', '2026-05-11 15:42:54.683486+00', NULL) ON CONFLICT DO NOTHING;
INSERT INTO public.location_fulfillment_provider (stock_location_id, fulfillment_provider_id, id, created_at, updated_at, deleted_at) VALUES ('sloc_01KRBV98S5TVF08Q7DCAS6SP61', 'manual_manual', 'locfp_01KRBV98S79WGYS0H31K0EBMYK', '2026-05-11 15:42:54.75915+00', '2026-05-11 15:42:54.75915+00', NULL) ON CONFLICT DO NOTHING;
INSERT INTO public.location_fulfillment_provider (stock_location_id, fulfillment_provider_id, id, created_at, updated_at, deleted_at) VALUES ('sloc_01KRNSQ7P6BDSD40XW97GPEGHY', 'manual_manual', 'locfp_01KRNSQ7PHJ7A7VZ4YZ1P8T6V7', '2026-05-15 12:27:59.568025+00', '2026-05-15 12:27:59.568025+00', NULL) ON CONFLICT DO NOTHING;
INSERT INTO public.location_fulfillment_provider (stock_location_id, fulfillment_provider_id, id, created_at, updated_at, deleted_at) VALUES ('sloc_01KRNSQ80J5W3XTTBZW4HE00Z7', 'manual_manual', 'locfp_01KRNSQ80VS2D9WHQ74Z65A9VJ', '2026-05-15 12:27:59.898089+00', '2026-05-15 12:27:59.898089+00', NULL) ON CONFLICT DO NOTHING;
INSERT INTO public.location_fulfillment_provider (stock_location_id, fulfillment_provider_id, id, created_at, updated_at, deleted_at) VALUES ('sloc_01KRNSQ8A9KH8J4X52TTYFKMHZ', 'manual_manual', 'locfp_01KRNSQ8AH731CW01Z0HJQC4C6', '2026-05-15 12:28:00.208224+00', '2026-05-15 12:28:00.208224+00', NULL) ON CONFLICT DO NOTHING;
INSERT INTO public.location_fulfillment_provider (stock_location_id, fulfillment_provider_id, id, created_at, updated_at, deleted_at) VALUES ('sloc_01KRNSQ8R1GGW991RZA9A7PP7G', 'manual_manual', 'locfp_01KRNSQ8RGYRCQZ44TDVS7844K', '2026-05-15 12:28:00.652806+00', '2026-05-15 12:28:00.652806+00', NULL) ON CONFLICT DO NOTHING;
INSERT INTO public.location_fulfillment_provider (stock_location_id, fulfillment_provider_id, id, created_at, updated_at, deleted_at) VALUES ('sloc_01KRNSQ8ZSEPVVD79VAZXWDREY', 'manual_manual', 'locfp_01KRNSQ905EE0FV6JM8WZTZRDP', '2026-05-15 12:28:00.900189+00', '2026-05-15 12:28:00.900189+00', NULL) ON CONFLICT DO NOTHING;
INSERT INTO public.location_fulfillment_provider (stock_location_id, fulfillment_provider_id, id, created_at, updated_at, deleted_at) VALUES ('sloc_01KRNSQ93HJ02QH24P968KTC2C', 'manual_manual', 'locfp_01KRNSQ93TH8NV19K84DX8FR61', '2026-05-15 12:28:01.013336+00', '2026-05-15 12:28:01.013336+00', NULL) ON CONFLICT DO NOTHING;
INSERT INTO public.location_fulfillment_provider (stock_location_id, fulfillment_provider_id, id, created_at, updated_at, deleted_at) VALUES ('sloc_01KRNSQ99P7JGHBP9FQGG8HKP1', 'manual_manual', 'locfp_01KRNSQ99VDYKZH5V0KPV1KB8M', '2026-05-15 12:28:01.210429+00', '2026-05-15 12:28:01.210429+00', NULL) ON CONFLICT DO NOTHING;
INSERT INTO public.location_fulfillment_provider (stock_location_id, fulfillment_provider_id, id, created_at, updated_at, deleted_at) VALUES ('sloc_01KRNSQ9C8TC9XBJQPC31E0FCQ', 'manual_manual', 'locfp_01KRNSQ9CBJ2GXV430H19MH33S', '2026-05-15 12:28:01.29077+00', '2026-05-15 12:28:01.29077+00', NULL) ON CONFLICT DO NOTHING;
INSERT INTO public.location_fulfillment_provider (stock_location_id, fulfillment_provider_id, id, created_at, updated_at, deleted_at) VALUES ('sloc_01KRNSQ9FSSQXVH5B9FK7EBEN8', 'manual_manual', 'locfp_01KRNSQ9FXATBMJSAEHZHJGDVN', '2026-05-15 12:28:01.404972+00', '2026-05-15 12:28:01.404972+00', NULL) ON CONFLICT DO NOTHING;
INSERT INTO public.location_fulfillment_provider (stock_location_id, fulfillment_provider_id, id, created_at, updated_at, deleted_at) VALUES ('sloc_01KRNSQ9JBZX6HRZ8APMFAHKYH', 'manual_manual', 'locfp_01KRNSQ9JGM5M6JFH7QSV8SVKF', '2026-05-15 12:28:01.486954+00', '2026-05-15 12:28:01.486954+00', NULL) ON CONFLICT DO NOTHING;
INSERT INTO public.location_fulfillment_provider (stock_location_id, fulfillment_provider_id, id, created_at, updated_at, deleted_at) VALUES ('sloc_01KRNSQ9N65CHYH9WZJHPK7VNH', 'manual_manual', 'locfp_01KRNSQ9NA95BTC32GAMFKCDX1', '2026-05-15 12:28:01.577436+00', '2026-05-15 12:28:01.577436+00', NULL) ON CONFLICT DO NOTHING;
INSERT INTO public.location_fulfillment_provider (stock_location_id, fulfillment_provider_id, id, created_at, updated_at, deleted_at) VALUES ('sloc_01KRNSQ9QQAZ4HWDQHGXVME0FR', 'manual_manual', 'locfp_01KRNSQ9QVPB2QF81DH15W64C1', '2026-05-15 12:28:01.659271+00', '2026-05-15 12:28:01.659271+00', NULL) ON CONFLICT DO NOTHING;
INSERT INTO public.location_fulfillment_provider (stock_location_id, fulfillment_provider_id, id, created_at, updated_at, deleted_at) VALUES ('sloc_01KRNSQ9T6V0X3DZVRP8DP1FSH', 'manual_manual', 'locfp_01KRNSQ9TA84TB15WG8E9G1BA3', '2026-05-15 12:28:01.737253+00', '2026-05-15 12:28:01.737253+00', NULL) ON CONFLICT DO NOTHING;
INSERT INTO public.location_fulfillment_provider (stock_location_id, fulfillment_provider_id, id, created_at, updated_at, deleted_at) VALUES ('sloc_01KRNSQ9Z79HRG9YNQ5SEXEFB5', 'manual_manual', 'locfp_01KRNSQ9ZB8129DT591KB8JP6D', '2026-05-15 12:28:01.89843+00', '2026-05-15 12:28:01.89843+00', NULL) ON CONFLICT DO NOTHING;
INSERT INTO public.location_fulfillment_provider (stock_location_id, fulfillment_provider_id, id, created_at, updated_at, deleted_at) VALUES ('sloc_01KRNSQA3KVD6HXFY1QCWAK797', 'manual_manual', 'locfp_01KRNSQA3S7W11TKW7P6X1CCEJ', '2026-05-15 12:28:02.040327+00', '2026-05-15 12:28:02.040327+00', NULL) ON CONFLICT DO NOTHING;
INSERT INTO public.location_fulfillment_provider (stock_location_id, fulfillment_provider_id, id, created_at, updated_at, deleted_at) VALUES ('sloc_01KRNSQA6AV9ZVA9VC62PPHCAM', 'manual_manual', 'locfp_01KRNSQA6EDRFE5W4C7Z8VTAJP', '2026-05-15 12:28:02.125904+00', '2026-05-15 12:28:02.125904+00', NULL) ON CONFLICT DO NOTHING;
INSERT INTO public.location_fulfillment_provider (stock_location_id, fulfillment_provider_id, id, created_at, updated_at, deleted_at) VALUES ('sloc_01KRNSQA8ZFXJTT7M1DKN9CFN2', 'manual_manual', 'locfp_01KRNSQA95G3Z6G95TQDSD3NND', '2026-05-15 12:28:02.212405+00', '2026-05-15 12:28:02.212405+00', NULL) ON CONFLICT DO NOTHING;
INSERT INTO public.location_fulfillment_provider (stock_location_id, fulfillment_provider_id, id, created_at, updated_at, deleted_at) VALUES ('sloc_01KRNSQABS902PXNXNE4DDXXJ8', 'manual_manual', 'locfp_01KRNSQABWJQPVC3K5ADMJD7CG', '2026-05-15 12:28:02.300372+00', '2026-05-15 12:28:02.300372+00', NULL) ON CONFLICT DO NOTHING;
INSERT INTO public.location_fulfillment_provider (stock_location_id, fulfillment_provider_id, id, created_at, updated_at, deleted_at) VALUES ('sloc_01KRNSQAEWTT4N1ABDQVJZXETF', 'manual_manual', 'locfp_01KRNSQAEZ1PE49SVHDAAQP55G', '2026-05-15 12:28:02.398975+00', '2026-05-15 12:28:02.398975+00', NULL) ON CONFLICT DO NOTHING;
INSERT INTO public.location_fulfillment_provider (stock_location_id, fulfillment_provider_id, id, created_at, updated_at, deleted_at) VALUES ('sloc_01KRNSQAHHSJA84HVJ1YZ3AY3K', 'manual_manual', 'locfp_01KRNSQAHPG9VNGHKXVVKCMN8G', '2026-05-15 12:28:02.484818+00', '2026-05-15 12:28:02.484818+00', NULL) ON CONFLICT DO NOTHING;
INSERT INTO public.location_fulfillment_provider (stock_location_id, fulfillment_provider_id, id, created_at, updated_at, deleted_at) VALUES ('sloc_01KRNSQAPXV3EKPV3HK2T16Y05', 'manual_manual', 'locfp_01KRNSQAQ162DA2ZE96DC96XSB', '2026-05-15 12:28:02.656981+00', '2026-05-15 12:28:02.656981+00', NULL) ON CONFLICT DO NOTHING;
INSERT INTO public.location_fulfillment_provider (stock_location_id, fulfillment_provider_id, id, created_at, updated_at, deleted_at) VALUES ('sloc_01KRNSQASD80ERPPESRJ2BB1KQ', 'manual_manual', 'locfp_01KRNSQASHPPX3GF9KKWDAT52J', '2026-05-15 12:28:02.73664+00', '2026-05-15 12:28:02.73664+00', NULL) ON CONFLICT DO NOTHING;
INSERT INTO public.location_fulfillment_provider (stock_location_id, fulfillment_provider_id, id, created_at, updated_at, deleted_at) VALUES ('sloc_01KRNSQAY5CAV5J5NZSVXQ3FHY', 'manual_manual', 'locfp_01KRNSQAY9NZ1ZS6K4C6XB2WTY', '2026-05-15 12:28:02.888807+00', '2026-05-15 12:28:02.888807+00', NULL) ON CONFLICT DO NOTHING;
INSERT INTO public.location_fulfillment_provider (stock_location_id, fulfillment_provider_id, id, created_at, updated_at, deleted_at) VALUES ('sloc_01KRNSQB0V22PF3957DZKGJ5G5', 'manual_manual', 'locfp_01KRNSQB104Z8M24F705Q6VZB9', '2026-05-15 12:28:02.975089+00', '2026-05-15 12:28:02.975089+00', NULL) ON CONFLICT DO NOTHING;
INSERT INTO public.location_fulfillment_provider (stock_location_id, fulfillment_provider_id, id, created_at, updated_at, deleted_at) VALUES ('sloc_01KRNSQB3HJ5BM5TWDSZAPST0K', 'manual_manual', 'locfp_01KRNSQB3QFAW12GKPEKSBR25K', '2026-05-15 12:28:03.061514+00', '2026-05-15 12:28:03.061514+00', NULL) ON CONFLICT DO NOTHING;
INSERT INTO public.location_fulfillment_provider (stock_location_id, fulfillment_provider_id, id, created_at, updated_at, deleted_at) VALUES ('sloc_01KRNSQB67KY4S66N1YFQT3030', 'manual_manual', 'locfp_01KRNSQB6D0RAQWX0E14ES2H74', '2026-05-15 12:28:03.148605+00', '2026-05-15 12:28:03.148605+00', NULL) ON CONFLICT DO NOTHING;
INSERT INTO public.location_fulfillment_provider (stock_location_id, fulfillment_provider_id, id, created_at, updated_at, deleted_at) VALUES ('sloc_01KRNSQB8WW4B5HB9BWRB8HSNN', 'manual_manual', 'locfp_01KRNSQB8ZRHQ5ZJ0D11H0VZRF', '2026-05-15 12:28:03.230193+00', '2026-05-15 12:28:03.230193+00', NULL) ON CONFLICT DO NOTHING;
INSERT INTO public.location_fulfillment_provider (stock_location_id, fulfillment_provider_id, id, created_at, updated_at, deleted_at) VALUES ('sloc_01KRNSQBBF42HVZJ5J355A0ETC', 'manual_manual', 'locfp_01KRNSQBBK10B34DTZ612SB2AV', '2026-05-15 12:28:03.314919+00', '2026-05-15 12:28:03.314919+00', NULL) ON CONFLICT DO NOTHING;
INSERT INTO public.location_fulfillment_provider (stock_location_id, fulfillment_provider_id, id, created_at, updated_at, deleted_at) VALUES ('sloc_01KRNSQBK8DM68YZTJJF2X20BZ', 'manual_manual', 'locfp_01KRNSQBKC7GKXDMCKSR67KF4A', '2026-05-15 12:28:03.563257+00', '2026-05-15 12:28:03.563257+00', NULL) ON CONFLICT DO NOTHING;


ALTER TABLE public.location_fulfillment_provider ENABLE TRIGGER ALL;

--
-- Data for Name: location_fulfillment_set; Type: TABLE DATA; Schema: public; Owner: -
--

ALTER TABLE public.location_fulfillment_set DISABLE TRIGGER ALL;

INSERT INTO public.location_fulfillment_set (stock_location_id, fulfillment_set_id, id, created_at, updated_at, deleted_at) VALUES ('sloc_01KQNRBAMRPD0WQ7WH56QHGTVX', 'fuset_01KQNRBAN13ACG38HGF9QP01RN', 'locfs_01KQNRBAN90111WVG61P1GJQ8F', '2026-05-03 01:48:18.985194+00', '2026-05-03 01:48:18.985194+00', NULL) ON CONFLICT DO NOTHING;
INSERT INTO public.location_fulfillment_set (stock_location_id, fulfillment_set_id, id, created_at, updated_at, deleted_at) VALUES ('sloc_01KRBB56HDSK12S1QHVC3KXGTW', 'fuset_01KRBB56J9BXZQBEGX42R2CSSN', 'locfs_01KRBB56JJWSQZQ3V0S0PB67XE', '2026-05-11 11:01:04.209939+00', '2026-05-11 11:01:04.209939+00', NULL) ON CONFLICT DO NOTHING;
INSERT INTO public.location_fulfillment_set (stock_location_id, fulfillment_set_id, id, created_at, updated_at, deleted_at) VALUES ('sloc_01KRBV95BEDCZAW4ESDTWSPDC5', 'fuset_01KRBV95C875FC7D173WVXXMMC', 'locfs_01KRBV95CJDSWJEEE8QEX4GTRA', '2026-05-11 15:42:51.281948+00', '2026-05-11 15:42:51.281948+00', NULL) ON CONFLICT DO NOTHING;
INSERT INTO public.location_fulfillment_set (stock_location_id, fulfillment_set_id, id, created_at, updated_at, deleted_at) VALUES ('sloc_01KRBV95R9TJ1RV1XWVN33Q03J', 'fuset_01KRBV95RMP7H5N8PBRYSAF56E', 'locfs_01KRBV95RQSK19J1XDVTM09G4S', '2026-05-11 15:42:51.671178+00', '2026-05-11 15:42:51.671178+00', NULL) ON CONFLICT DO NOTHING;
INSERT INTO public.location_fulfillment_set (stock_location_id, fulfillment_set_id, id, created_at, updated_at, deleted_at) VALUES ('sloc_01KRBV95VA0BA55EQF08APBP6T', 'fuset_01KRBV95VPGWWZTEH0WS229EAJ', 'locfs_01KRBV95VWWSGRP3ZB8XTPWN0G', '2026-05-11 15:42:51.771789+00', '2026-05-11 15:42:51.771789+00', NULL) ON CONFLICT DO NOTHING;
INSERT INTO public.location_fulfillment_set (stock_location_id, fulfillment_set_id, id, created_at, updated_at, deleted_at) VALUES ('sloc_01KRBV961147RQJ23XGCVG15V9', 'fuset_01KRBV961K83DZA3A0QVMX3WZA', 'locfs_01KRBV961VCH3VGDX046K0D7PA', '2026-05-11 15:42:51.963452+00', '2026-05-11 15:42:51.963452+00', NULL) ON CONFLICT DO NOTHING;
INSERT INTO public.location_fulfillment_set (stock_location_id, fulfillment_set_id, id, created_at, updated_at, deleted_at) VALUES ('sloc_01KRBV964747ZNG6F613VTPMRB', 'fuset_01KRBV964G9QMFE4FD118QATT8', 'locfs_01KRBV964J5DE9S5D8B8SKXTRA', '2026-05-11 15:42:52.050401+00', '2026-05-11 15:42:52.050401+00', NULL) ON CONFLICT DO NOTHING;
INSERT INTO public.location_fulfillment_set (stock_location_id, fulfillment_set_id, id, created_at, updated_at, deleted_at) VALUES ('sloc_01KRBV969NP152NCASBAW70J5C', 'fuset_01KRBV969VEMWR0MW7GYTN30N9', 'locfs_01KRBV969YZHPJZ155SBKWAD81', '2026-05-11 15:42:52.222056+00', '2026-05-11 15:42:52.222056+00', NULL) ON CONFLICT DO NOTHING;
INSERT INTO public.location_fulfillment_set (stock_location_id, fulfillment_set_id, id, created_at, updated_at, deleted_at) VALUES ('sloc_01KRBV96C4TD6E7P78H5ZTXBHX', 'fuset_01KRBV96CCZ1H4G6WB6PJX5ME2', 'locfs_01KRBV96CEEJ78819F31QHN4AW', '2026-05-11 15:42:52.302584+00', '2026-05-11 15:42:52.302584+00', NULL) ON CONFLICT DO NOTHING;
INSERT INTO public.location_fulfillment_set (stock_location_id, fulfillment_set_id, id, created_at, updated_at, deleted_at) VALUES ('sloc_01KRBV96EH364REY4VJR1YRXPC', 'fuset_01KRBV96ERHZB77RKMYV0QNJDV', 'locfs_01KRBV96EVVY4KB3XQNQTM8D0V', '2026-05-11 15:42:52.379805+00', '2026-05-11 15:42:52.379805+00', NULL) ON CONFLICT DO NOTHING;
INSERT INTO public.location_fulfillment_set (stock_location_id, fulfillment_set_id, id, created_at, updated_at, deleted_at) VALUES ('sloc_01KRBV96H095J1ZBDHG48A048B', 'fuset_01KRBV96HA9TXKA3S4AGH2FNY0', 'locfs_01KRBV96HCDBSPPMQAHPKPH0KH', '2026-05-11 15:42:52.460651+00', '2026-05-11 15:42:52.460651+00', NULL) ON CONFLICT DO NOTHING;
INSERT INTO public.location_fulfillment_set (stock_location_id, fulfillment_set_id, id, created_at, updated_at, deleted_at) VALUES ('sloc_01KRBV96KSNV6XDV1G2CR0XP82', 'fuset_01KRBV96M02ZE57R8RJTZQWF08', 'locfs_01KRBV96M260AR8XFZZKGGAJPT', '2026-05-11 15:42:52.546295+00', '2026-05-11 15:42:52.546295+00', NULL) ON CONFLICT DO NOTHING;
INSERT INTO public.location_fulfillment_set (stock_location_id, fulfillment_set_id, id, created_at, updated_at, deleted_at) VALUES ('sloc_01KRBV96Q3JRTHZ8XRJ9D68ST3', 'fuset_01KRBV96QB1SHAT5GJTQEC34MK', 'locfs_01KRBV96QFKJ8197RNCQAFJ1E3', '2026-05-11 15:42:52.654723+00', '2026-05-11 15:42:52.654723+00', NULL) ON CONFLICT DO NOTHING;
INSERT INTO public.location_fulfillment_set (stock_location_id, fulfillment_set_id, id, created_at, updated_at, deleted_at) VALUES ('sloc_01KRBV96T5P3GMN8RMF76D4MD2', 'fuset_01KRBV96TD63DBJ2N13FW1ER1M', 'locfs_01KRBV96TFHK6E3KC9HCRKTE0Q', '2026-05-11 15:42:52.751597+00', '2026-05-11 15:42:52.751597+00', NULL) ON CONFLICT DO NOTHING;
INSERT INTO public.location_fulfillment_set (stock_location_id, fulfillment_set_id, id, created_at, updated_at, deleted_at) VALUES ('sloc_01KRBV96WKS5QCPRVTQRRF13V8', 'fuset_01KRBV96WRJ4QX7CDE8FWWH8T4', 'locfs_01KRBV96WT419P410K9ZNB47EC', '2026-05-11 15:42:52.826396+00', '2026-05-11 15:42:52.826396+00', NULL) ON CONFLICT DO NOTHING;
INSERT INTO public.location_fulfillment_set (stock_location_id, fulfillment_set_id, id, created_at, updated_at, deleted_at) VALUES ('sloc_01KRBV96Z4N12B73XMT12VB7YB', 'fuset_01KRBV96ZBA8BT006FCGDGVDN6', 'locfs_01KRBV96ZEBV2AZCFC9JJK22YY', '2026-05-11 15:42:52.910173+00', '2026-05-11 15:42:52.910173+00', NULL) ON CONFLICT DO NOTHING;
INSERT INTO public.location_fulfillment_set (stock_location_id, fulfillment_set_id, id, created_at, updated_at, deleted_at) VALUES ('sloc_01KRBV9736ECZKJ6382Z8EPCN0', 'fuset_01KRBV973DTP6DBH5DAQS9PZVE', 'locfs_01KRBV973FG0GF4K2B56SSSF55', '2026-05-11 15:42:53.039201+00', '2026-05-11 15:42:53.039201+00', NULL) ON CONFLICT DO NOTHING;
INSERT INTO public.location_fulfillment_set (stock_location_id, fulfillment_set_id, id, created_at, updated_at, deleted_at) VALUES ('sloc_01KRBV975PQXH73DBPDJN5T9GK', 'fuset_01KRBV975XA91YW2SWAFF7PE3T', 'locfs_01KRBV97603PEY53T5KQE586DR', '2026-05-11 15:42:53.120001+00', '2026-05-11 15:42:53.120001+00', NULL) ON CONFLICT DO NOTHING;
INSERT INTO public.location_fulfillment_set (stock_location_id, fulfillment_set_id, id, created_at, updated_at, deleted_at) VALUES ('sloc_01KRBV9786793X9FGVE4RXNA38', 'fuset_01KRBV978CHJ52YJEZ3ME2ZD9Q', 'locfs_01KRBV978EW6TSEM35KV1D74JY', '2026-05-11 15:42:53.198549+00', '2026-05-11 15:42:53.198549+00', NULL) ON CONFLICT DO NOTHING;
INSERT INTO public.location_fulfillment_set (stock_location_id, fulfillment_set_id, id, created_at, updated_at, deleted_at) VALUES ('sloc_01KRBV97AMTZ5DJVXCWJFPM6D1', 'fuset_01KRBV97ASH37Q48A5GAQ7K3RK', 'locfs_01KRBV97AWM5035X0FR9W19TJQ', '2026-05-11 15:42:53.276052+00', '2026-05-11 15:42:53.276052+00', NULL) ON CONFLICT DO NOTHING;
INSERT INTO public.location_fulfillment_set (stock_location_id, fulfillment_set_id, id, created_at, updated_at, deleted_at) VALUES ('sloc_01KRBV97EE12XP0TCW2TH4SK15', 'fuset_01KRBV97ENATNHEQ6ZPHPZ5P0F', 'locfs_01KRBV97ER56PK5FWGR2PQPGVA', '2026-05-11 15:42:53.400607+00', '2026-05-11 15:42:53.400607+00', NULL) ON CONFLICT DO NOTHING;
INSERT INTO public.location_fulfillment_set (stock_location_id, fulfillment_set_id, id, created_at, updated_at, deleted_at) VALUES ('sloc_01KRBV97MQWRR9DR9A98FS32A4', 'fuset_01KRBV97MX2Q1B21SG4QWGSB58', 'locfs_01KRBV97MZJ62JMRPCSJ6TES4R', '2026-05-11 15:42:53.599422+00', '2026-05-11 15:42:53.599422+00', NULL) ON CONFLICT DO NOTHING;
INSERT INTO public.location_fulfillment_set (stock_location_id, fulfillment_set_id, id, created_at, updated_at, deleted_at) VALUES ('sloc_01KRBV97RXK7W383M718E7NT52', 'fuset_01KRBV97S3ZMTY06AJR6NVPEWT', 'locfs_01KRBV97S5MP6TSVW8A6SBMBMH', '2026-05-11 15:42:53.73301+00', '2026-05-11 15:42:53.73301+00', NULL) ON CONFLICT DO NOTHING;
INSERT INTO public.location_fulfillment_set (stock_location_id, fulfillment_set_id, id, created_at, updated_at, deleted_at) VALUES ('sloc_01KRBV97ZMFR5NKF3F8C66P5MV', 'fuset_01KRBV97ZYZZR7M0HYCC9PENJV', 'locfs_01KRBV9801EFBY3YASM6BWX9DJ', '2026-05-11 15:42:53.952952+00', '2026-05-11 15:42:53.952952+00', NULL) ON CONFLICT DO NOTHING;
INSERT INTO public.location_fulfillment_set (stock_location_id, fulfillment_set_id, id, created_at, updated_at, deleted_at) VALUES ('sloc_01KRBV9822W24QND6HWST7Y9ZD', 'fuset_01KRBV9826K9P5382N0SWTTGC8', 'locfs_01KRBV98287PJ51GEBFAG6AP7A', '2026-05-11 15:42:54.024469+00', '2026-05-11 15:42:54.024469+00', NULL) ON CONFLICT DO NOTHING;
INSERT INTO public.location_fulfillment_set (stock_location_id, fulfillment_set_id, id, created_at, updated_at, deleted_at) VALUES ('sloc_01KRBV985FW9Q7WF3ZD3255SN3', 'fuset_01KRBV985PVRW0QBDNQ5Q1DNP8', 'locfs_01KRBV985VQ6JPDF838RY77Y0P', '2026-05-11 15:42:54.138861+00', '2026-05-11 15:42:54.138861+00', NULL) ON CONFLICT DO NOTHING;
INSERT INTO public.location_fulfillment_set (stock_location_id, fulfillment_set_id, id, created_at, updated_at, deleted_at) VALUES ('sloc_01KRBV9899DC2SH28BC38TTPC4', 'fuset_01KRBV989RNFTS92173KZ0RY1A', 'locfs_01KRBV989W82KH59S8RK6A9T1T', '2026-05-11 15:42:54.268812+00', '2026-05-11 15:42:54.268812+00', NULL) ON CONFLICT DO NOTHING;
INSERT INTO public.location_fulfillment_set (stock_location_id, fulfillment_set_id, id, created_at, updated_at, deleted_at) VALUES ('sloc_01KRBV98GJ1B9G0ZRYEZ75ZXKG', 'fuset_01KRBV98GTR7Y1CRWGXDV8MM48', 'locfs_01KRBV98GXV4KVJJ5GRJYSB9BD', '2026-05-11 15:42:54.493091+00', '2026-05-11 15:42:54.493091+00', NULL) ON CONFLICT DO NOTHING;
INSERT INTO public.location_fulfillment_set (stock_location_id, fulfillment_set_id, id, created_at, updated_at, deleted_at) VALUES ('sloc_01KRBV98M66K2HH3DN17M1SMF3', 'fuset_01KRBV98MECDJ1YR34AYF7Y4WX', 'locfs_01KRBV98MGP20ZFMMK6513K310', '2026-05-11 15:42:54.608327+00', '2026-05-11 15:42:54.608327+00', NULL) ON CONFLICT DO NOTHING;
INSERT INTO public.location_fulfillment_set (stock_location_id, fulfillment_set_id, id, created_at, updated_at, deleted_at) VALUES ('sloc_01KRBV98PSH69PTAVF9YANC4B7', 'fuset_01KRBV98PZMW9D9EP4JJ8GCTGJ', 'locfs_01KRBV98Q2V5DCGBMC35Q9Y6CR', '2026-05-11 15:42:54.690136+00', '2026-05-11 15:42:54.690136+00', NULL) ON CONFLICT DO NOTHING;
INSERT INTO public.location_fulfillment_set (stock_location_id, fulfillment_set_id, id, created_at, updated_at, deleted_at) VALUES ('sloc_01KRBV98S5TVF08Q7DCAS6SP61', 'fuset_01KRBV98SBK0PB8H5PNXY2Y9NA', 'locfs_01KRBV98SDQN7ESQRZ3NEFR5PY', '2026-05-11 15:42:54.765382+00', '2026-05-11 15:42:54.765382+00', NULL) ON CONFLICT DO NOTHING;
INSERT INTO public.location_fulfillment_set (stock_location_id, fulfillment_set_id, id, created_at, updated_at, deleted_at) VALUES ('sloc_01KRNSQ7P6BDSD40XW97GPEGHY', 'fuset_01KRNSQ7PWQJ398GDDHBPW8YXF', 'locfs_01KRNSQ7QC3VCRQJF0A7C3WAK6', '2026-05-15 12:27:59.595946+00', '2026-05-15 12:27:59.595946+00', NULL) ON CONFLICT DO NOTHING;
INSERT INTO public.location_fulfillment_set (stock_location_id, fulfillment_set_id, id, created_at, updated_at, deleted_at) VALUES ('sloc_01KRNSQ80J5W3XTTBZW4HE00Z7', 'fuset_01KRNSQ8152NXG484FFGC7RND0', 'locfs_01KRNSQ818D0218GZBY4TW0S5T', '2026-05-15 12:27:59.912885+00', '2026-05-15 12:27:59.912885+00', NULL) ON CONFLICT DO NOTHING;
INSERT INTO public.location_fulfillment_set (stock_location_id, fulfillment_set_id, id, created_at, updated_at, deleted_at) VALUES ('sloc_01KRNSQ8A9KH8J4X52TTYFKMHZ', 'fuset_01KRNSQ8ARXBAWA0PY871096AM', 'locfs_01KRNSQ8AZ3YBN3HJQ9V4DAWK5', '2026-05-15 12:28:00.223764+00', '2026-05-15 12:28:00.223764+00', NULL) ON CONFLICT DO NOTHING;
INSERT INTO public.location_fulfillment_set (stock_location_id, fulfillment_set_id, id, created_at, updated_at, deleted_at) VALUES ('sloc_01KRNSQ8R1GGW991RZA9A7PP7G', 'fuset_01KRNSQ8RV7GKQDS1SKRCAXFHG', 'locfs_01KRNSQ8S3CQQX8A104MYJHRCQ', '2026-05-15 12:28:00.675485+00', '2026-05-15 12:28:00.675485+00', NULL) ON CONFLICT DO NOTHING;
INSERT INTO public.location_fulfillment_set (stock_location_id, fulfillment_set_id, id, created_at, updated_at, deleted_at) VALUES ('sloc_01KRNSQ8ZSEPVVD79VAZXWDREY', 'fuset_01KRNSQ90AG3ZCT39QBJ25ATD1', 'locfs_01KRNSQ90C61KPNYCWN764QPAK', '2026-05-15 12:28:00.908511+00', '2026-05-15 12:28:00.908511+00', NULL) ON CONFLICT DO NOTHING;
INSERT INTO public.location_fulfillment_set (stock_location_id, fulfillment_set_id, id, created_at, updated_at, deleted_at) VALUES ('sloc_01KRNSQ93HJ02QH24P968KTC2C', 'fuset_01KRNSQ9460Q7ANZVYB3QXMGKZ', 'locfs_01KRNSQ94AX1MYQXBMMZZSDVXD', '2026-05-15 12:28:01.03472+00', '2026-05-15 12:28:01.03472+00', NULL) ON CONFLICT DO NOTHING;
INSERT INTO public.location_fulfillment_set (stock_location_id, fulfillment_set_id, id, created_at, updated_at, deleted_at) VALUES ('sloc_01KRNSQ99P7JGHBP9FQGG8HKP1', 'fuset_01KRNSQ99YZZSD06ZK62GJCSJ3', 'locfs_01KRNSQ9A18DYX14SQNW2Q7GV9', '2026-05-15 12:28:01.21717+00', '2026-05-15 12:28:01.21717+00', NULL) ON CONFLICT DO NOTHING;
INSERT INTO public.location_fulfillment_set (stock_location_id, fulfillment_set_id, id, created_at, updated_at, deleted_at) VALUES ('sloc_01KRNSQ9C8TC9XBJQPC31E0FCQ', 'fuset_01KRNSQ9CFB1PMZJM8WW75DR8R', 'locfs_01KRNSQ9CHJZF2TCGWMJDFC2R1', '2026-05-15 12:28:01.297733+00', '2026-05-15 12:28:01.297733+00', NULL) ON CONFLICT DO NOTHING;
INSERT INTO public.location_fulfillment_set (stock_location_id, fulfillment_set_id, id, created_at, updated_at, deleted_at) VALUES ('sloc_01KRNSQ9FSSQXVH5B9FK7EBEN8', 'fuset_01KRNSQ9G2WSQZDT0D906HZTWA', 'locfs_01KRNSQ9G5YM2QS6G6KFA9RSYJ', '2026-05-15 12:28:01.412958+00', '2026-05-15 12:28:01.412958+00', NULL) ON CONFLICT DO NOTHING;
INSERT INTO public.location_fulfillment_set (stock_location_id, fulfillment_set_id, id, created_at, updated_at, deleted_at) VALUES ('sloc_01KRNSQ9JBZX6HRZ8APMFAHKYH', 'fuset_01KRNSQ9JRYXD4D946H5DWKQYC', 'locfs_01KRNSQ9JVPV894DBHDYGKWMZF', '2026-05-15 12:28:01.499067+00', '2026-05-15 12:28:01.499067+00', NULL) ON CONFLICT DO NOTHING;
INSERT INTO public.location_fulfillment_set (stock_location_id, fulfillment_set_id, id, created_at, updated_at, deleted_at) VALUES ('sloc_01KRNSQ9N65CHYH9WZJHPK7VNH', 'fuset_01KRNSQ9NDS34PKBTNFAEB4CPW', 'locfs_01KRNSQ9NFYYSCBX44TNPMF885', '2026-05-15 12:28:01.583676+00', '2026-05-15 12:28:01.583676+00', NULL) ON CONFLICT DO NOTHING;
INSERT INTO public.location_fulfillment_set (stock_location_id, fulfillment_set_id, id, created_at, updated_at, deleted_at) VALUES ('sloc_01KRNSQ9QQAZ4HWDQHGXVME0FR', 'fuset_01KRNSQ9QZHKKMV06RK57HTPEF', 'locfs_01KRNSQ9R20WDCTR8D25XA04R6', '2026-05-15 12:28:01.666551+00', '2026-05-15 12:28:01.666551+00', NULL) ON CONFLICT DO NOTHING;
INSERT INTO public.location_fulfillment_set (stock_location_id, fulfillment_set_id, id, created_at, updated_at, deleted_at) VALUES ('sloc_01KRNSQ9T6V0X3DZVRP8DP1FSH', 'fuset_01KRNSQ9TFNHFW7MS6STZSC13H', 'locfs_01KRNSQ9TH4ADXT354TC2VK754', '2026-05-15 12:28:01.745303+00', '2026-05-15 12:28:01.745303+00', NULL) ON CONFLICT DO NOTHING;
INSERT INTO public.location_fulfillment_set (stock_location_id, fulfillment_set_id, id, created_at, updated_at, deleted_at) VALUES ('sloc_01KRNSQ9Z79HRG9YNQ5SEXEFB5', 'fuset_01KRNSQ9ZFP952E3MDAQ4WHMNM', 'locfs_01KRNSQ9ZHAPV5XH044NC312X7', '2026-05-15 12:28:01.905143+00', '2026-05-15 12:28:01.905143+00', NULL) ON CONFLICT DO NOTHING;
INSERT INTO public.location_fulfillment_set (stock_location_id, fulfillment_set_id, id, created_at, updated_at, deleted_at) VALUES ('sloc_01KRNSQA3KVD6HXFY1QCWAK797', 'fuset_01KRNSQA3X4K8D86X8XYMY062S', 'locfs_01KRNSQA40R72MFMQRQ0B02MT7', '2026-05-15 12:28:02.048517+00', '2026-05-15 12:28:02.048517+00', NULL) ON CONFLICT DO NOTHING;
INSERT INTO public.location_fulfillment_set (stock_location_id, fulfillment_set_id, id, created_at, updated_at, deleted_at) VALUES ('sloc_01KRNSQA6AV9ZVA9VC62PPHCAM', 'fuset_01KRNSQA6K7TMSR7MJDEZYMQ0A', 'locfs_01KRNSQA6NXSG07BFE0J4EGE10', '2026-05-15 12:28:02.133601+00', '2026-05-15 12:28:02.133601+00', NULL) ON CONFLICT DO NOTHING;
INSERT INTO public.location_fulfillment_set (stock_location_id, fulfillment_set_id, id, created_at, updated_at, deleted_at) VALUES ('sloc_01KRNSQA8ZFXJTT7M1DKN9CFN2', 'fuset_01KRNSQA9CFSME71YZRQ0YHZQA', 'locfs_01KRNSQA9EC8P4B06VCV03A83D', '2026-05-15 12:28:02.222719+00', '2026-05-15 12:28:02.222719+00', NULL) ON CONFLICT DO NOTHING;
INSERT INTO public.location_fulfillment_set (stock_location_id, fulfillment_set_id, id, created_at, updated_at, deleted_at) VALUES ('sloc_01KRNSQABS902PXNXNE4DDXXJ8', 'fuset_01KRNSQAC0YP42SGHEDMWDK0GN', 'locfs_01KRNSQAC3EJD7YHN80DWKDZJJ', '2026-05-15 12:28:02.307364+00', '2026-05-15 12:28:02.307364+00', NULL) ON CONFLICT DO NOTHING;
INSERT INTO public.location_fulfillment_set (stock_location_id, fulfillment_set_id, id, created_at, updated_at, deleted_at) VALUES ('sloc_01KRNSQAEWTT4N1ABDQVJZXETF', 'fuset_01KRNSQAF6QM49X9WTNH0NWBWT', 'locfs_01KRNSQAF9R1WAZ26XVASGY3C4', '2026-05-15 12:28:02.408957+00', '2026-05-15 12:28:02.408957+00', NULL) ON CONFLICT DO NOTHING;
INSERT INTO public.location_fulfillment_set (stock_location_id, fulfillment_set_id, id, created_at, updated_at, deleted_at) VALUES ('sloc_01KRNSQAHHSJA84HVJ1YZ3AY3K', 'fuset_01KRNSQAHSNVS3VNTKVYERG397', 'locfs_01KRNSQAHWF2CH1AATYBD5D2NZ', '2026-05-15 12:28:02.492284+00', '2026-05-15 12:28:02.492284+00', NULL) ON CONFLICT DO NOTHING;
INSERT INTO public.location_fulfillment_set (stock_location_id, fulfillment_set_id, id, created_at, updated_at, deleted_at) VALUES ('sloc_01KRNSQAPXV3EKPV3HK2T16Y05', 'fuset_01KRNSQAQ421T1N2XHTPTTWNSP', 'locfs_01KRNSQAQ75KNM66FE84NHBBPN', '2026-05-15 12:28:02.662977+00', '2026-05-15 12:28:02.662977+00', NULL) ON CONFLICT DO NOTHING;
INSERT INTO public.location_fulfillment_set (stock_location_id, fulfillment_set_id, id, created_at, updated_at, deleted_at) VALUES ('sloc_01KRNSQASD80ERPPESRJ2BB1KQ', 'fuset_01KRNSQASP99393JPQ2EV42XQ6', 'locfs_01KRNSQASSGD7PF516GVM2CQYH', '2026-05-15 12:28:02.745185+00', '2026-05-15 12:28:02.745185+00', NULL) ON CONFLICT DO NOTHING;
INSERT INTO public.location_fulfillment_set (stock_location_id, fulfillment_set_id, id, created_at, updated_at, deleted_at) VALUES ('sloc_01KRNSQAY5CAV5J5NZSVXQ3FHY', 'fuset_01KRNSQAYGFEYBS1HSAM1AQ4KW', 'locfs_01KRNSQAYKQX1QF8JY5ZS8CTZD', '2026-05-15 12:28:02.89912+00', '2026-05-15 12:28:02.89912+00', NULL) ON CONFLICT DO NOTHING;
INSERT INTO public.location_fulfillment_set (stock_location_id, fulfillment_set_id, id, created_at, updated_at, deleted_at) VALUES ('sloc_01KRNSQB0V22PF3957DZKGJ5G5', 'fuset_01KRNSQB17499NJDHWBECQESKB', 'locfs_01KRNSQB199YNFV72K6QNWRXC5', '2026-05-15 12:28:02.985792+00', '2026-05-15 12:28:02.985792+00', NULL) ON CONFLICT DO NOTHING;
INSERT INTO public.location_fulfillment_set (stock_location_id, fulfillment_set_id, id, created_at, updated_at, deleted_at) VALUES ('sloc_01KRNSQB3HJ5BM5TWDSZAPST0K', 'fuset_01KRNSQB3W5A6VQEKC65YBKBAM', 'locfs_01KRNSQB3YZP967Y5S6YJRGXF3', '2026-05-15 12:28:03.070881+00', '2026-05-15 12:28:03.070881+00', NULL) ON CONFLICT DO NOTHING;
INSERT INTO public.location_fulfillment_set (stock_location_id, fulfillment_set_id, id, created_at, updated_at, deleted_at) VALUES ('sloc_01KRNSQB67KY4S66N1YFQT3030', 'fuset_01KRNSQB6GQN1PCBGX2S58NR18', 'locfs_01KRNSQB6JC3FKTJNP17JXNAVH', '2026-05-15 12:28:03.154825+00', '2026-05-15 12:28:03.154825+00', NULL) ON CONFLICT DO NOTHING;
INSERT INTO public.location_fulfillment_set (stock_location_id, fulfillment_set_id, id, created_at, updated_at, deleted_at) VALUES ('sloc_01KRNSQBBF42HVZJ5J355A0ETC', 'fuset_01KRNSQBBP8C3YC0Z4F92N2Y57', 'locfs_01KRNSQBBRMJY8Z1XY5XJZW6WP', '2026-05-15 12:28:03.320785+00', '2026-05-15 12:28:03.320785+00', NULL) ON CONFLICT DO NOTHING;
INSERT INTO public.location_fulfillment_set (stock_location_id, fulfillment_set_id, id, created_at, updated_at, deleted_at) VALUES ('sloc_01KRNSQB8WW4B5HB9BWRB8HSNN', 'fuset_01KRNSQB93CWA2J67GXWAHR5NK', 'locfs_01KRNSQB95651TQ0F8NHKF4KTM', '2026-05-15 12:28:03.237339+00', '2026-05-15 12:28:03.237339+00', NULL) ON CONFLICT DO NOTHING;
INSERT INTO public.location_fulfillment_set (stock_location_id, fulfillment_set_id, id, created_at, updated_at, deleted_at) VALUES ('sloc_01KRNSQBK8DM68YZTJJF2X20BZ', 'fuset_01KRNSQBKF28QD64DDQD8VK8RJ', 'locfs_01KRNSQBKHV6SJT3DQ9BJYT213', '2026-05-15 12:28:03.569843+00', '2026-05-15 12:28:03.569843+00', NULL) ON CONFLICT DO NOTHING;


ALTER TABLE public.location_fulfillment_set ENABLE TRIGGER ALL;

--
-- Data for Name: marketplace_order_set_order_order; Type: TABLE DATA; Schema: public; Owner: -
--

ALTER TABLE public.marketplace_order_set_order_order DISABLE TRIGGER ALL;



ALTER TABLE public.marketplace_order_set_order_order ENABLE TRIGGER ALL;

--
-- Data for Name: seller; Type: TABLE DATA; Schema: public; Owner: -
--

ALTER TABLE public.seller DISABLE TRIGGER ALL;

INSERT INTO public.seller (id, name, handle, description, photo, created_at, updated_at, deleted_at, address_line, city, postal_code, country_code, tax_id, email, phone, state, store_status) VALUES ('sel_01KRNSQ7MND00MXR9N9TAZAA3K', 'Taxcel', 'taxcel', 'Somos uma empresa de tecnologia especializada em criar soluções para os profissionais da área tributária. A missão da Taxcel é simplificar a vida dos profissionais da área fiscal por meio da tecnologia, permitindo que cada um foque naquilo que realmente importa: seu potencial em analisar, planejar e inovar.', 'https://api.findtax.com.br/api/v1/asset/img/image_HXb4EXtaxcel-horizontal.png', '2026-05-15 12:27:59.509+00', '2026-05-15 12:27:59.509+00', NULL, NULL, NULL, NULL, NULL, NULL, NULL, NULL, NULL, 'ACTIVE') ON CONFLICT DO NOTHING;
INSERT INTO public.seller (id, name, handle, description, photo, created_at, updated_at, deleted_at, address_line, city, postal_code, country_code, tax_id, email, phone, state, store_status) VALUES ('sel_01KRNSQ7ZS9HQFAQXRZJ2C5F8Z', 'Busca Legal', 'busca-legal', 'A BUSCA.LEGAL é uma empresa de tecnologia idealizada por ex-sócios da Fiscosoft e da Systax, com o objetivo de desenvolver soluções para as áreas contábil, jurídica e tributária. Com uso de inteligência artificial, nosso objetivo é permitir o acesso de forma simples e eficiente a bases legais, conteúdos e ferramentas, transformando informações em conhecimento para a tomada de decisões!', 'https://api.findtax.com.br/api/v1/asset/img/image_I0PJrKbuscalegal.webp', '2026-05-15 12:27:59.865+00', '2026-05-15 12:27:59.865+00', NULL, NULL, NULL, NULL, NULL, NULL, NULL, NULL, NULL, 'ACTIVE') ON CONFLICT DO NOTHING;
INSERT INTO public.seller (id, name, handle, description, photo, created_at, updated_at, deleted_at, address_line, city, postal_code, country_code, tax_id, email, phone, state, store_status) VALUES ('sel_01KRNSQ89EAMK11QQ8WZ30MBZB', 'MA Tecnologias', 'ma-tecnologias', 'Somos líderes no setor de tecnologia em análise de dados', 'https://api.findtax.com.br/api/v1/asset/img/image_ZykoCaMATecnologias_logo.png', '2026-05-15 12:28:00.174+00', '2026-05-15 12:28:00.174+00', NULL, NULL, NULL, NULL, NULL, NULL, NULL, NULL, NULL, 'ACTIVE') ON CONFLICT DO NOTHING;
INSERT INTO public.seller (id, name, handle, description, photo, created_at, updated_at, deleted_at, address_line, city, postal_code, country_code, tax_id, email, phone, state, store_status) VALUES ('sel_01KRNSQ8P8TFW3YE7GRBFYZYFC', 'Revizia', 'revizia', 'Fundada em 2016, o Revizia é uma empresa de software especializada em auditoria e compliance fiscal que atua por meio de uma plataforma SaaS baseada em machine learning.', 'https://placehold.co/400x400/0f172a/ffffff?text=Revizia', '2026-05-15 12:28:00.584+00', '2026-05-15 12:28:00.585+00', NULL, NULL, NULL, NULL, NULL, NULL, NULL, NULL, NULL, 'SUSPENDED') ON CONFLICT DO NOTHING;
INSERT INTO public.seller (id, name, handle, description, photo, created_at, updated_at, deleted_at, address_line, city, postal_code, country_code, tax_id, email, phone, state, store_status) VALUES ('sel_01KRNSQ8Z7X9VENXWC8B86PB3J', 'Tax Stragegy', 'tax-stragegy', 'Plataforma de automação de apuração, pagamento e declaração de IRPJ e CSLL.', 'https://placehold.co/400x400/0f172a/ffffff?text=Tax%20Stragegy', '2026-05-15 12:28:00.871+00', '2026-05-15 12:28:00.871+00', NULL, NULL, NULL, NULL, NULL, NULL, NULL, NULL, NULL, 'SUSPENDED') ON CONFLICT DO NOTHING;
INSERT INTO public.seller (id, name, handle, description, photo, created_at, updated_at, deleted_at, address_line, city, postal_code, country_code, tax_id, email, phone, state, store_status) VALUES ('sel_01KRNSQ992EW1ZEF5QQAPT3S3E', 'Brinta', 'brinta', 'Brinta é uma plataforma de compliance fiscal para LATAM. Agiliza cálculos, relatórios, entrega e remessas de impostos, tornando o processo contínuo e automatizado.', 'https://api.findtax.com.br/api/v1/asset/img/image_fbV4M7brinta-logo.png', '2026-05-15 12:28:01.186+00', '2026-05-15 12:28:01.186+00', NULL, NULL, NULL, NULL, NULL, NULL, NULL, NULL, NULL, 'ACTIVE') ON CONFLICT DO NOTHING;
INSERT INTO public.seller (id, name, handle, description, photo, created_at, updated_at, deleted_at, address_line, city, postal_code, country_code, tax_id, email, phone, state, store_status) VALUES ('sel_01KRNSQ9BX51A7AEZR2G5WW72J', 'Evollux', 'evollux', 'A Evollux é uma plataforma tecnológica especializada em soluções fiscais e tributárias. 
Seu propósito é simplificar a gestão tributária, automatizando 80% do trabalho manual e transformando dados fiscais em oportunidades estratégicas para empresas e escritórios de contabilidade. Combinando inteligência artificial, automação e integração com sistemas oficiais, a Evollux ajuda negócios a se adaptarem à Reforma Tributária e a tomarem decisões mais precisas.', 'https://framerusercontent.com/images/JAXtdqkHbHYq5YlIGgdfVog5sw.png', '2026-05-15 12:28:01.277+00', '2026-05-15 12:28:01.277+00', NULL, NULL, NULL, NULL, NULL, NULL, NULL, NULL, NULL, 'ACTIVE');
INSERT INTO public.seller (id, name, handle, description, photo, created_at, updated_at, deleted_at, address_line, city, postal_code, country_code, tax_id, email, phone, state, store_status) VALUES ('sel_01KRNSQ9FAE2PMYB364WKT3DY6', 'Elo Fiscal', 'elo-fiscal', 'Elo fiscal  é especializado  no fornecimento de soluções inovadoras para a gestão de documentos fiscais eletrônicos e automações para o compliance fiscal . Nosso foco é simplificar a conformidade fiscal, economizar tempo e reduzir riscos para empresas de todos os tamanhos, transformando desafios fiscais em vantagens competitivas.', 'https://api.findtax.com.br/api/v1/asset/img/image_CN7Z3Eprovider-logo.png', '2026-05-15 12:28:01.386+00', '2026-05-15 12:28:01.386+00', NULL, NULL, NULL, NULL, NULL, NULL, NULL, NULL, NULL, 'ACTIVE') ON CONFLICT DO NOTHING;
INSERT INTO public.seller (id, name, handle, description, photo, created_at, updated_at, deleted_at, address_line, city, postal_code, country_code, tax_id, email, phone, state, store_status) VALUES ('sel_01KRNSQ9HZGE26YTSJS5ZND5E5', 'FS4YOU', 'fs4you', 'A FS4YOU é uma agência de assessoria e gestão de patrocínios. Assessoramos empresas que tributam pelo Lucro Real e pagadores de ICMS e ou ISS e o nosso objetivo é encontrar os melhores projetos nas áreas de Leis de Incentivo gerando maior Valor para a Marca atrelado ao DNA de cada empresa. Além dos projetos que temos em nosso portfólio e que podemos apresentar, a nossa proposta é entender e atender cada necessidade para que, assim, possamos buscar um projeto cultural, esportivo ou social que comunique com a missão da sua empresa.', 'https://api.findtax.com.br/api/v1/asset/img/image_EODRj1sentidoparavc_logo.jpeg', '2026-05-15 12:28:01.471+00', '2026-05-15 12:28:01.471+00', NULL, NULL, NULL, NULL, NULL, NULL, NULL, NULL, NULL, 'ACTIVE') ON CONFLICT DO NOTHING;
INSERT INTO public.seller (id, name, handle, description, photo, created_at, updated_at, deleted_at, address_line, city, postal_code, country_code, tax_id, email, phone, state, store_status) VALUES ('sel_01KRNSQ9MQFV4FCKC44GXHG903', 'Sittax', 'sittax', 'A Sittax é uma ferramenta SAAS, que auxilia o contador na parte tributária fazendo, toda atividade meio do departamento fiscal das empresas enquadradas no simples nacional, o regime com maior prestatividade no Brasil. Analises de notas fiscais emitida pelas empresas, segregação dos tributos que são Monofásico e ST, transmissão das informações da apuração para o portal oficial, geração de Guias DAS e relatórios de auditoria, envio das informações aos clientes empresários do contador, por fim, gerar arquivo de integração das apurações para o software contábil que o contador usa.', 'https://api.findtax.com.br/api/v1/asset/img/image_ZYddJGSittax_logo.png', '2026-05-15 12:28:01.559+00', '2026-05-15 12:28:01.559+00', NULL, NULL, NULL, NULL, NULL, NULL, NULL, NULL, NULL, 'ACTIVE') ON CONFLICT DO NOTHING;
INSERT INTO public.seller (id, name, handle, description, photo, created_at, updated_at, deleted_at, address_line, city, postal_code, country_code, tax_id, email, phone, state, store_status) VALUES ('sel_01KRNSQ9Q9RRMJC1M753YHJMC3', 'Menndel & Melo Advocacia', 'menndel-melo-advocacia', 'O Escritório Menndel & Melo Advocacia possui mais de 10 anos de experiência no cenário jurídico nacional e internacional, com atuação destacada em Brasília, bem como nas principais capitais do País e do exterior. Ao longo de sua trajetória, tem proporcionado um trabalho de excelência voltado para entidades de classe, empresas e empresários, sempre com foco em resultados consistentes.', 'https://api.findtax.com.br/api/v1/asset/img/image_2TZC3fmenndel_logo_branco_1.png', '2026-05-15 12:28:01.641+00', '2026-05-15 12:28:01.641+00', NULL, NULL, NULL, NULL, NULL, NULL, NULL, NULL, NULL, 'ACTIVE') ON CONFLICT DO NOTHING;
INSERT INTO public.seller (id, name, handle, description, photo, created_at, updated_at, deleted_at, address_line, city, postal_code, country_code, tax_id, email, phone, state, store_status) VALUES ('sel_01KRNSQ9SV1CTCGDVEHJFJR865', 'Camu', 'camu', 'A Camu te ajuda a automatizar a entrada dos documentos fiscais no seu ERP.', 'https://api.findtax.com.br/api/v1/asset/img/image_k9lEoNicon + name_colours - Juliana Ferreira.png', '2026-05-15 12:28:01.723+00', '2026-05-15 12:28:01.723+00', NULL, NULL, NULL, NULL, NULL, NULL, NULL, NULL, NULL, 'ACTIVE') ON CONFLICT DO NOTHING;
INSERT INTO public.seller (id, name, handle, description, photo, created_at, updated_at, deleted_at, address_line, city, postal_code, country_code, tax_id, email, phone, state, store_status) VALUES ('sel_01KRNSQ9YTXH9W1TB6VY6TE3Q9', 'Simões Pires', 'simoes-pires', 'Hub de soluções empresariais', 'https://api.findtax.com.br/api/v1/asset/img/image_bwSoRksimoespires_pos.png', '2026-05-15 12:28:01.882+00', '2026-05-15 12:28:01.882+00', NULL, NULL, NULL, NULL, NULL, NULL, NULL, NULL, NULL, 'ACTIVE') ON CONFLICT DO NOTHING;
INSERT INTO public.seller (id, name, handle, description, photo, created_at, updated_at, deleted_at, address_line, city, postal_code, country_code, tax_id, email, phone, state, store_status) VALUES ('sel_01KRNSQA36KV63AKTNFBH4CXDR', 'Lopti', 'lopti', 'A Lopti é uma plataforma de IA criada por advogados para advogados. Ela serve para otimizar fluxos de trabalhos de advogados in house e escritórios de advocacia, na medida em que auxilia na revisão de documentos jurídicos, revisão de contratos, bem
como auxilia na melhor gestão sobre custos ou receitas, por meio da análise de notas
fiscais automatizada.', 'https://api.findtax.com.br/api/v1/asset/img/image_jOMYDkLopti_Marca_Positiva_01@3x.png', '2026-05-15 12:28:02.022+00', '2026-05-15 12:28:02.022+00', NULL, NULL, NULL, NULL, NULL, NULL, NULL, NULL, NULL, 'ACTIVE');
INSERT INTO public.seller (id, name, handle, description, photo, created_at, updated_at, deleted_at, address_line, city, postal_code, country_code, tax_id, email, phone, state, store_status) VALUES ('sel_01KRNSQA8GSREJ8H4AA9NSGKSJ', 'Numix Tech', 'numix-tech', 'Numix automatiza a comunicação com clientes de escritórios de contabilidade no Brasil, entregando respostas instantâneas e humanizadas por meio de IA. A plataforma se integra diretamente às ferramentas de gestão de tarefas existentes, reduzindo a comunicação manual e aumentando a eficiência.', 'https://api.findtax.com.br/api/v1/asset/img/image_fS75ZJprovider-logo.png', '2026-05-15 12:28:02.192+00', '2026-05-15 12:28:02.192+00', NULL, NULL, NULL, NULL, NULL, NULL, NULL, NULL, NULL, 'ACTIVE') ON CONFLICT DO NOTHING;
INSERT INTO public.seller (id, name, handle, description, photo, created_at, updated_at, deleted_at, address_line, city, postal_code, country_code, tax_id, email, phone, state, store_status) VALUES ('sel_01KRNSQA5YE6QGZ6R3FZEA13K7', 'TSCTI  Soluções Fiscais', 'tscti-solucoes-fiscais', 'Nascemos do sucesso de importantes projetos fiscais do cenário nacional, com destaque para nossa equipe de especialistas em SOLUÇÕES e SERVIÇOS com participação ativa no Projeto Piloto SPED desde seu início, representando empresas convidadas junto ao Governo. Nossa atuação vem se consolidando no mercado em um modelo de atendimento que é referência em qualidade, compromisso e ética em empresas nacionais e multinacionais de diferentes segmentos, porte e complexidade. 
Essa experiência, aliada a uma moderna estrutura de Soluções Tecnológicas, permite-nos agregar valor com redução de custos, riscos e exposição fiscal de nossos clientes. Nosso atendimento, preza pela relação de longo prazo com clientes que valorizam nosso trabalho, valores e nossos pilares de negócio.', 'https://api.findtax.com.br/api/v1/asset/img/image_eXh5j2provider-logo.png', '2026-05-15 12:28:02.11+00', '2026-05-15 12:28:02.11+00', NULL, NULL, NULL, NULL, NULL, NULL, NULL, NULL, NULL, 'ACTIVE');
INSERT INTO public.seller (id, name, handle, description, photo, created_at, updated_at, deleted_at, address_line, city, postal_code, country_code, tax_id, email, phone, state, store_status) VALUES ('sel_01KRNSQAEDE00FEXRA46ZB9K46', 'FIND Tax Solutions', 'find-tax-solutions', 'Hub de soluções tributarias', 'https://api.findtax.com.br/api/v1/asset/img/image_WTrlwZlogo FIND-colorida.png', '2026-05-15 12:28:02.381+00', '2026-05-15 12:28:02.381+00', NULL, NULL, NULL, NULL, NULL, NULL, NULL, NULL, NULL, 'ACTIVE') ON CONFLICT DO NOTHING;
INSERT INTO public.seller (id, name, handle, description, photo, created_at, updated_at, deleted_at, address_line, city, postal_code, country_code, tax_id, email, phone, state, store_status) VALUES ('sel_01KRNSQAS1K75HA5ZDYCY72HTR', 'e-Auditoria', 'e-auditoria', 'A Plataforma e-Auditoria é a ferramenta ideal para contadores e profissionais do mercado tributário. Soluções completas para auditar arquivos, corrigir SPED, recuperar créditos tributários, automatizar processos e atualizar regras fiscais.', 'https://api.findtax.com.br/api/v1/asset/img/image_tuPGe9provider-logo.png', '2026-05-15 12:28:02.722+00', '2026-05-15 12:28:02.722+00', NULL, NULL, NULL, NULL, NULL, NULL, NULL, NULL, NULL, 'ACTIVE') ON CONFLICT DO NOTHING;
INSERT INTO public.seller (id, name, handle, description, photo, created_at, updated_at, deleted_at, address_line, city, postal_code, country_code, tax_id, email, phone, state, store_status) VALUES ('sel_01KRNSQB0GP6KXG3KTYEZNT96X', 'Trevisan Escola de Negócios', 'trevisan-escola-de-negocios', 'A Trevisan é uma instituição de ensino superior brasileira especializada em cursos de graduação, pós-graduação, MBAs e educação executiva, com forte base prática.', 'https://api.findtax.com.br/api/v1/asset/img/image_Jj0xzRprovider-logo.png', '2026-05-15 12:28:02.96+00', '2026-05-15 12:28:02.96+00', NULL, NULL, NULL, NULL, NULL, NULL, NULL, NULL, NULL, 'ACTIVE') ON CONFLICT DO NOTHING;
INSERT INTO public.seller (id, name, handle, description, photo, created_at, updated_at, deleted_at, address_line, city, postal_code, country_code, tax_id, email, phone, state, store_status) VALUES ('sel_01KRNSQB5S6EZCREKT4XZ80PEX', 'Planning', 'planning', 'A Planning é uma empresa brasileira de atuação full service, especializada em consultoria contábil, tributária, societária e estratégica. Atua apoiando negócios na estruturação empresarial, no planejamento sucessório, na recuperação de créditos fiscais, bem como em auditoria e conformidade regulatória. Seu foco é ajudar empresas de todo o Brasil a transformarem sua estrutura contábil em uma vantagem competitiva.', 'https://api.findtax.com.br/api/v1/asset/img/image_Cd5FfDprovider-logo.png', '2026-05-15 12:28:03.129+00', '2026-05-15 12:28:03.129+00', NULL, NULL, NULL, NULL, NULL, NULL, NULL, NULL, NULL, 'ACTIVE') ON CONFLICT DO NOTHING;
INSERT INTO public.seller (id, name, handle, description, photo, created_at, updated_at, deleted_at, address_line, city, postal_code, country_code, tax_id, email, phone, state, store_status) VALUES ('sel_01KRNSQBJWP0WV8PQ9HEETP6EC', 'Taxly Serviços e Tecnologia', 'taxly-servicos-e-tecnologia', 'A Taxly é uma plataforma de inteligência e automação fiscal voltada para empresas com grande volume de CNPJs e alta complexidade operacional. Ajudamos times tributários e financeiros a monitorar, organizar e executar rotinas como emissão e acompanhamento de certidões (CNDs, FGTS, CNDTs etc.), Caixas Postais Fiscais (DTE Federal e Estaduais), Conta-Corrente Fiscal / relatório de débitos, e organizar e distribuir as obrigações relacionadas, transformando alertas e pendências em fluxos de trabalho com responsáveis, prazos, evidências e histórico.

Combinamos tecnologia e orquestração para dar visibilidade e controle ponta a ponta do processo, reduzindo riscos, retrabalho e tempo gasto com tarefas manuais e consultas em múltiplos portais.', 'https://api.findtax.com.br/api/v1/asset/img/image_LVPTLNLogo%20Taxly%20#1%20(PNG)%20-%20Caio%20Lages.png', '2026-05-15 12:28:03.548+00', '2026-05-15 12:28:03.548+00', NULL, NULL, NULL, NULL, NULL, NULL, NULL, NULL, NULL, 'ACTIVE');
INSERT INTO public.seller (id, name, handle, description, photo, created_at, updated_at, deleted_at, address_line, city, postal_code, country_code, tax_id, email, phone, state, store_status) VALUES ('sel_01KRNSQABBPX4MHZYF9CQBAJ2J', 'Mastery E-commerce Solutions', 'mastery-e-commerce-solutions', 'Conheça o SynTAX: O motor de Cálculo Tributário da Mastery, projetado para transformar a complexidade tributária brasileira em um processo ágil e preciso.', 'https://api.findtax.com.br/api/v1/asset/img/image_ZashspLogo-Mastery-Ecommerce-Solutions - Caio Costa.png', '2026-05-15 12:28:02.283+00', '2026-05-15 12:28:02.283+00', NULL, NULL, NULL, NULL, NULL, NULL, NULL, NULL, NULL, 'ACTIVE') ON CONFLICT DO NOTHING;
INSERT INTO public.seller (id, name, handle, description, photo, created_at, updated_at, deleted_at, address_line, city, postal_code, country_code, tax_id, email, phone, state, store_status) VALUES ('sel_01KRNSQAPGYJMTSHWPBRKBSDP9', 'TAX5 CONSULT', 'tax5-consult', 'A Tax5 Consult é reconhecida por sua abordagem inteligente à consultoria tributária, atendendo empresas com desafios fiscais de alta complexidade. 
Contamos com especialistas altamente qualificados combinando profundo conhecimento em legislação fiscal, contábil e tributária, sólida experiência com SPEDs, cadastros de mercadorias, fornecedores e serviços, auditorias eletrônicas e regras fiscais, com expertise adaptativa atualizada sobre a Reforma Tributária.', 'https://api.findtax.com.br/api/v1/asset/img/image_urPPjVprovider-logo.png', '2026-05-15 12:28:02.64+00', '2026-05-15 12:28:02.64+00', NULL, NULL, NULL, NULL, NULL, NULL, NULL, NULL, NULL, 'ACTIVE');
INSERT INTO public.seller (id, name, handle, description, photo, created_at, updated_at, deleted_at, address_line, city, postal_code, country_code, tax_id, email, phone, state, store_status) VALUES ('sel_01KRNSQB33N41XA4MEY4DP8JPR', 'Solutio', 'solutio', '-', 'https://lirp.cdn-website.com/a82b4952/dms3rep/multi/opt/LOGO-SOLUTIO%2Bsem%2Bfundo-640w.png', '2026-05-15 12:28:03.044+00', '2026-05-15 12:28:03.044+00', NULL, NULL, NULL, NULL, NULL, NULL, NULL, NULL, NULL, 'ACTIVE') ON CONFLICT DO NOTHING;
INSERT INTO public.seller (id, name, handle, description, photo, created_at, updated_at, deleted_at, address_line, city, postal_code, country_code, tax_id, email, phone, state, store_status) VALUES ('sel_01KRNSQB8E9JM8CSQZ64JXHKRA', 'Taxly', 'taxly', 'A Taxly centraliza e automatiza o monitoramento de certidões, conta corrente fiscal, débitos e obrigações em mais de 360 órgãos públicos.', 'https://api.findtax.com.br/api/v1/asset/img/image_XjinjHprovider-logo.png', '2026-05-15 12:28:03.214+00', '2026-05-15 12:28:03.214+00', NULL, NULL, NULL, NULL, NULL, NULL, NULL, NULL, NULL, 'ACTIVE') ON CONFLICT DO NOTHING;
INSERT INTO public.seller (id, name, handle, description, photo, created_at, updated_at, deleted_at, address_line, city, postal_code, country_code, tax_id, email, phone, state, store_status) VALUES ('sel_01KRNSQAH2RCD5Z8XABC5ZF05J', 'V360', 'v360', 'A V360 é a plataforma que elimina tarefas manuais no processo de pagamento a fornecedores — da captura da nota fiscal à integração com o ERP — garantindo compliance e eficiência, mesmo em cenários complexos como a Reforma Tributária.', 'https://api.findtax.com.br/api/v1/asset/img/image_iGsaKJprovider-logo.png', '2026-05-15 12:28:02.466+00', '2026-05-15 12:28:02.466+00', NULL, NULL, NULL, NULL, NULL, NULL, NULL, NULL, NULL, 'ACTIVE') ON CONFLICT DO NOTHING;
INSERT INTO public.seller (id, name, handle, description, photo, created_at, updated_at, deleted_at, address_line, city, postal_code, country_code, tax_id, email, phone, state, store_status) VALUES ('sel_01KRNSQAXSJYEE618G1MJAV2Y7', 'LogisBank', 'logisbank', 'A Logisbank é uma fintech especializada em soluções bancárias digitais voltadas exclusivamente para empresas. Oferecemos conta digital empresarial, gestão financeira completa, emissão de boletos e crédito corporativo, inclusive para empresas com restrições. Nosso propósito é simplificar o acesso a serviços financeiros e impulsionar o crescimento de negócios por meio de tecnologia, transparência e atendimento humano.', 'https://api.findtax.com.br/api/v1/asset/img/image_xb4cB9provider-logo.png', '2026-05-15 12:28:02.873+00', '2026-05-15 12:28:02.873+00', NULL, NULL, NULL, NULL, NULL, NULL, NULL, NULL, NULL, 'ACTIVE') ON CONFLICT DO NOTHING;
INSERT INTO public.seller (id, name, handle, description, photo, created_at, updated_at, deleted_at, address_line, city, postal_code, country_code, tax_id, email, phone, state, store_status) VALUES ('sel_01KRNSQBB01V4XF55AAQ29NAPE', 'Tributariou Business', 'tributariou-business', 'A Tributariou é uma empresa especializada em Consultoria Tributária e Educação Corporativa, com foco em inteligência fiscal e adequação à Reforma Tributária (LC 214/2025).
Fundada e liderada pela Dra. Thuanny Pereira, advogada tributarista com mais de 18 anos de experiência, a Tributariou atua na interseção entre Direito, Contabilidade e Estratégia de Negócios, oferecendo soluções completas para empresas que buscam conformidade fiscal, eficiência financeira e vantagem competitiva.', 'https://api.findtax.com.br/api/v1/asset/img/image_4ZVTlgprovider-logo.png', '2026-05-15 12:28:03.296+00', '2026-05-15 12:28:03.296+00', NULL, NULL, NULL, NULL, NULL, NULL, NULL, NULL, NULL, 'ACTIVE');
INSERT INTO public.seller (id, name, handle, description, photo, created_at, updated_at, deleted_at, address_line, city, postal_code, country_code, tax_id, email, phone, state, store_status) VALUES ('sel_01KRNSQ934TWSRM5J5AKS01SEQ', 'ROIT', 'roit', 'A ROIT é um ecossistema completo de soluções para empresas que encaram a Reforma Tributária como uma oportunidade de transformação. Unimos alta tecnologia, inteligência fiscal e consultoria especializada para garantir protagonismo, eficiência e conformidade em um cenário tributário cada vez mais desafiador. Nossa missão é inovar o ecossistema financeiro e tributário e transformá-lo em inteligência de fácil acesso.', 'https://api.findtax.com.br/api/v1/asset/img/image_EJ49jDroit.png', '2026-05-15 12:28:00.996+00', '2026-05-17 13:36:15.718+00', NULL, NULL, NULL, NULL, NULL, NULL, 'roit@findtax.com', '1199999-9999', NULL, 'ACTIVE') ON CONFLICT DO NOTHING;


ALTER TABLE public.seller ENABLE TRIGGER ALL;

--
-- Data for Name: member; Type: TABLE DATA; Schema: public; Owner: -
--

ALTER TABLE public.member DISABLE TRIGGER ALL;

INSERT INTO public.member (id, role, name, bio, phone, photo, seller_id, created_at, updated_at, deleted_at, email) VALUES ('mem_01KRNSQ7MX1DCDVCMADXV3CC6R', 'owner', 'Taxcel', NULL, NULL, NULL, 'sel_01KRNSQ7MND00MXR9N9TAZAA3K', '2026-05-15 12:27:59.517+00', '2026-05-15 12:27:59.517+00', NULL, 'taxcel@findtax.com') ON CONFLICT DO NOTHING;
INSERT INTO public.member (id, role, name, bio, phone, photo, seller_id, created_at, updated_at, deleted_at, email) VALUES ('mem_01KRNSQ7ZV27QM6Y50DRZH8YQY', 'owner', 'Busca Legal', NULL, NULL, NULL, 'sel_01KRNSQ7ZS9HQFAQXRZJ2C5F8Z', '2026-05-15 12:27:59.867+00', '2026-05-15 12:27:59.867+00', NULL, 'buscalegal@findtax.com') ON CONFLICT DO NOTHING;
INSERT INTO public.member (id, role, name, bio, phone, photo, seller_id, created_at, updated_at, deleted_at, email) VALUES ('mem_01KRNSQ89GF1TSS42SREDMYDEF', 'owner', 'MA Tecnologias', NULL, NULL, NULL, 'sel_01KRNSQ89EAMK11QQ8WZ30MBZB', '2026-05-15 12:28:00.176+00', '2026-05-15 12:28:00.176+00', NULL, 'matecnologias@findtax.com') ON CONFLICT DO NOTHING;
INSERT INTO public.member (id, role, name, bio, phone, photo, seller_id, created_at, updated_at, deleted_at, email) VALUES ('mem_01KRNSQ8PGS5YHGJRK4NVZT7RP', 'owner', 'Revizia', NULL, NULL, NULL, 'sel_01KRNSQ8P8TFW3YE7GRBFYZYFC', '2026-05-15 12:28:00.592+00', '2026-05-15 12:28:00.592+00', NULL, 'revizia@findtax.com') ON CONFLICT DO NOTHING;
INSERT INTO public.member (id, role, name, bio, phone, photo, seller_id, created_at, updated_at, deleted_at, email) VALUES ('mem_01KRNSQ8ZAQNVJHFG7E3BFQZV1', 'owner', 'Tax Stragegy', NULL, NULL, NULL, 'sel_01KRNSQ8Z7X9VENXWC8B86PB3J', '2026-05-15 12:28:00.874+00', '2026-05-15 12:28:00.874+00', NULL, 'taxstragegy@findtax.com') ON CONFLICT DO NOTHING;
INSERT INTO public.member (id, role, name, bio, phone, photo, seller_id, created_at, updated_at, deleted_at, email) VALUES ('mem_01KRNSQ993P8FQTJ26X4K9EMDF', 'owner', 'Brinta', NULL, NULL, NULL, 'sel_01KRNSQ992EW1ZEF5QQAPT3S3E', '2026-05-15 12:28:01.187+00', '2026-05-15 12:28:01.187+00', NULL, 'brinta@findtax.com') ON CONFLICT DO NOTHING;
INSERT INTO public.member (id, role, name, bio, phone, photo, seller_id, created_at, updated_at, deleted_at, email) VALUES ('mem_01KRNSQ9BY8VRAR7T76TNW9NP7', 'owner', 'Evollux', NULL, NULL, NULL, 'sel_01KRNSQ9BX51A7AEZR2G5WW72J', '2026-05-15 12:28:01.278+00', '2026-05-15 12:28:01.278+00', NULL, 'evollux@findtax.com') ON CONFLICT DO NOTHING;
INSERT INTO public.member (id, role, name, bio, phone, photo, seller_id, created_at, updated_at, deleted_at, email) VALUES ('mem_01KRNSQ9FCS0MEZFGQSNFHGYM9', 'owner', 'Elo Fiscal', NULL, NULL, NULL, 'sel_01KRNSQ9FAE2PMYB364WKT3DY6', '2026-05-15 12:28:01.388+00', '2026-05-15 12:28:01.388+00', NULL, 'elofiscal@findtax.com') ON CONFLICT DO NOTHING;
INSERT INTO public.member (id, role, name, bio, phone, photo, seller_id, created_at, updated_at, deleted_at, email) VALUES ('mem_01KRNSQ9J1W0EYJ1HNCW723ZWQ', 'owner', 'FS4YOU', NULL, NULL, NULL, 'sel_01KRNSQ9HZGE26YTSJS5ZND5E5', '2026-05-15 12:28:01.473+00', '2026-05-15 12:28:01.473+00', NULL, 'fs4you@findtax.com') ON CONFLICT DO NOTHING;
INSERT INTO public.member (id, role, name, bio, phone, photo, seller_id, created_at, updated_at, deleted_at, email) VALUES ('mem_01KRNSQ9MSBEEWBWFWES32NWHF', 'owner', 'Sittax', NULL, NULL, NULL, 'sel_01KRNSQ9MQFV4FCKC44GXHG903', '2026-05-15 12:28:01.561+00', '2026-05-15 12:28:01.561+00', NULL, 'sittax@findtax.com') ON CONFLICT DO NOTHING;
INSERT INTO public.member (id, role, name, bio, phone, photo, seller_id, created_at, updated_at, deleted_at, email) VALUES ('mem_01KRNSQ9QA0ZRPW3YMDGH4CA4Z', 'owner', 'Menndel & Melo Advocacia', NULL, NULL, NULL, 'sel_01KRNSQ9Q9RRMJC1M753YHJMC3', '2026-05-15 12:28:01.642+00', '2026-05-15 12:28:01.642+00', NULL, 'menndelmeloadvocacia@findtax.com') ON CONFLICT DO NOTHING;
INSERT INTO public.member (id, role, name, bio, phone, photo, seller_id, created_at, updated_at, deleted_at, email) VALUES ('mem_01KRNSQ9SXEP0WSGP0XS9BWPX5', 'owner', 'Camu', NULL, NULL, NULL, 'sel_01KRNSQ9SV1CTCGDVEHJFJR865', '2026-05-15 12:28:01.725+00', '2026-05-15 12:28:01.725+00', NULL, 'camu@findtax.com') ON CONFLICT DO NOTHING;
INSERT INTO public.member (id, role, name, bio, phone, photo, seller_id, created_at, updated_at, deleted_at, email) VALUES ('mem_01KRNSQ9YVZC7P1BNDAF129KCK', 'owner', 'Simões Pires', NULL, NULL, NULL, 'sel_01KRNSQ9YTXH9W1TB6VY6TE3Q9', '2026-05-15 12:28:01.883+00', '2026-05-15 12:28:01.883+00', NULL, 'simoespires@findtax.com') ON CONFLICT DO NOTHING;
INSERT INTO public.member (id, role, name, bio, phone, photo, seller_id, created_at, updated_at, deleted_at, email) VALUES ('mem_01KRNSQA38777289CR4ER5SCF5', 'owner', 'Lopti', NULL, NULL, NULL, 'sel_01KRNSQA36KV63AKTNFBH4CXDR', '2026-05-15 12:28:02.024+00', '2026-05-15 12:28:02.024+00', NULL, 'lopti@findtax.com') ON CONFLICT DO NOTHING;
INSERT INTO public.member (id, role, name, bio, phone, photo, seller_id, created_at, updated_at, deleted_at, email) VALUES ('mem_01KRNSQA60GDCT2TMN9B7RVB7E', 'owner', 'TSCTI  Soluções Fiscais', NULL, NULL, NULL, 'sel_01KRNSQA5YE6QGZ6R3FZEA13K7', '2026-05-15 12:28:02.112+00', '2026-05-15 12:28:02.112+00', NULL, 'tsctisolucoesfiscais@findtax.com') ON CONFLICT DO NOTHING;
INSERT INTO public.member (id, role, name, bio, phone, photo, seller_id, created_at, updated_at, deleted_at, email) VALUES ('mem_01KRNSQA8JRJVQFRYV20RYCGBX', 'owner', 'Numix Tech', NULL, NULL, NULL, 'sel_01KRNSQA8GSREJ8H4AA9NSGKSJ', '2026-05-15 12:28:02.194+00', '2026-05-15 12:28:02.194+00', NULL, 'numixtech@findtax.com') ON CONFLICT DO NOTHING;
INSERT INTO public.member (id, role, name, bio, phone, photo, seller_id, created_at, updated_at, deleted_at, email) VALUES ('mem_01KRNSQABC5ZNABNTYK7RT12Y1', 'owner', 'Mastery E-commerce Solutions', NULL, NULL, NULL, 'sel_01KRNSQABBPX4MHZYF9CQBAJ2J', '2026-05-15 12:28:02.284+00', '2026-05-15 12:28:02.284+00', NULL, 'masteryecommercesolutions@findtax.com') ON CONFLICT DO NOTHING;
INSERT INTO public.member (id, role, name, bio, phone, photo, seller_id, created_at, updated_at, deleted_at, email) VALUES ('mem_01KRNSQAEF1HTJMAJ16QWCSFT3', 'owner', 'FIND Tax Solutions', NULL, NULL, NULL, 'sel_01KRNSQAEDE00FEXRA46ZB9K46', '2026-05-15 12:28:02.384+00', '2026-05-15 12:28:02.384+00', NULL, 'findtaxsolutions@findtax.com') ON CONFLICT DO NOTHING;
INSERT INTO public.member (id, role, name, bio, phone, photo, seller_id, created_at, updated_at, deleted_at, email) VALUES ('mem_01KRNSQAH456WJV1P9C73TBK1H', 'owner', 'V360', NULL, NULL, NULL, 'sel_01KRNSQAH2RCD5Z8XABC5ZF05J', '2026-05-15 12:28:02.468+00', '2026-05-15 12:28:02.468+00', NULL, 'v360@findtax.com') ON CONFLICT DO NOTHING;
INSERT INTO public.member (id, role, name, bio, phone, photo, seller_id, created_at, updated_at, deleted_at, email) VALUES ('mem_01KRNSQAPHNJSX5CVQPM5MJ2WJ', 'owner', 'TAX5 CONSULT', NULL, NULL, NULL, 'sel_01KRNSQAPGYJMTSHWPBRKBSDP9', '2026-05-15 12:28:02.641+00', '2026-05-15 12:28:02.641+00', NULL, 'tax5consult@findtax.com') ON CONFLICT DO NOTHING;
INSERT INTO public.member (id, role, name, bio, phone, photo, seller_id, created_at, updated_at, deleted_at, email) VALUES ('mem_01KRNSQAS3JA44ZXKZFC71AD7N', 'owner', 'e-Auditoria', NULL, NULL, NULL, 'sel_01KRNSQAS1K75HA5ZDYCY72HTR', '2026-05-15 12:28:02.723+00', '2026-05-15 12:28:02.723+00', NULL, 'eauditoria@findtax.com') ON CONFLICT DO NOTHING;
INSERT INTO public.member (id, role, name, bio, phone, photo, seller_id, created_at, updated_at, deleted_at, email) VALUES ('mem_01KRNSQAXTKVPPRVCC4YE2CAY2', 'owner', 'LogisBank', NULL, NULL, NULL, 'sel_01KRNSQAXSJYEE618G1MJAV2Y7', '2026-05-15 12:28:02.874+00', '2026-05-15 12:28:02.874+00', NULL, 'logisbank@findtax.com') ON CONFLICT DO NOTHING;
INSERT INTO public.member (id, role, name, bio, phone, photo, seller_id, created_at, updated_at, deleted_at, email) VALUES ('mem_01KRNSQB0HAVBZTK9CFR5Y2D4Y', 'owner', 'Trevisan Escola de Negócios', NULL, NULL, NULL, 'sel_01KRNSQB0GP6KXG3KTYEZNT96X', '2026-05-15 12:28:02.961+00', '2026-05-15 12:28:02.961+00', NULL, 'trevisanescoladenegocios@findtax.com') ON CONFLICT DO NOTHING;
INSERT INTO public.member (id, role, name, bio, phone, photo, seller_id, created_at, updated_at, deleted_at, email) VALUES ('mem_01KRNSQB357DNG52SXT25N8RM3', 'owner', 'Solutio', NULL, NULL, NULL, 'sel_01KRNSQB33N41XA4MEY4DP8JPR', '2026-05-15 12:28:03.045+00', '2026-05-15 12:28:03.045+00', NULL, 'solutio@findtax.com') ON CONFLICT DO NOTHING;
INSERT INTO public.member (id, role, name, bio, phone, photo, seller_id, created_at, updated_at, deleted_at, email) VALUES ('mem_01KRNSQB5TEN72NYWG85WW4SH2', 'owner', 'Planning', NULL, NULL, NULL, 'sel_01KRNSQB5S6EZCREKT4XZ80PEX', '2026-05-15 12:28:03.131+00', '2026-05-15 12:28:03.131+00', NULL, 'planning@findtax.com') ON CONFLICT DO NOTHING;
INSERT INTO public.member (id, role, name, bio, phone, photo, seller_id, created_at, updated_at, deleted_at, email) VALUES ('mem_01KRNSQB8G8RHHQET5T3KWKQGW', 'owner', 'Taxly', NULL, NULL, NULL, 'sel_01KRNSQB8E9JM8CSQZ64JXHKRA', '2026-05-15 12:28:03.216+00', '2026-05-15 12:28:03.216+00', NULL, 'taxly@findtax.com') ON CONFLICT DO NOTHING;
INSERT INTO public.member (id, role, name, bio, phone, photo, seller_id, created_at, updated_at, deleted_at, email) VALUES ('mem_01KRNSQBB2E1FAAKM5K60DMMG5', 'owner', 'Tributariou Business', NULL, NULL, NULL, 'sel_01KRNSQBB01V4XF55AAQ29NAPE', '2026-05-15 12:28:03.298+00', '2026-05-15 12:28:03.298+00', NULL, 'tributarioubusiness@findtax.com') ON CONFLICT DO NOTHING;
INSERT INTO public.member (id, role, name, bio, phone, photo, seller_id, created_at, updated_at, deleted_at, email) VALUES ('mem_01KRNSQBJXAGGN97K6PXRPW99B', 'owner', 'Taxly Serviços e Tecnologia', NULL, NULL, NULL, 'sel_01KRNSQBJWP0WV8PQ9HEETP6EC', '2026-05-15 12:28:03.549+00', '2026-05-15 12:28:03.549+00', NULL, 'taxlyservicosetecnologia@findtax.com') ON CONFLICT DO NOTHING;
INSERT INTO public.member (id, role, name, bio, phone, photo, seller_id, created_at, updated_at, deleted_at, email) VALUES ('mem_01KRNSQ9352BE1SCDNY6865021', 'owner', 'ROIT', '', '', '', 'sel_01KRNSQ934TWSRM5J5AKS01SEQ', '2026-05-15 12:28:00.997+00', '2026-05-17 13:37:13.378+00', NULL, 'roit@findtax.com') ON CONFLICT DO NOTHING;


ALTER TABLE public.member ENABLE TRIGGER ALL;

--
-- Data for Name: member_invite; Type: TABLE DATA; Schema: public; Owner: -
--

ALTER TABLE public.member_invite DISABLE TRIGGER ALL;



ALTER TABLE public.member_invite ENABLE TRIGGER ALL;

--
-- Data for Name: notification_provider; Type: TABLE DATA; Schema: public; Owner: -
--

ALTER TABLE public.notification_provider DISABLE TRIGGER ALL;

INSERT INTO public.notification_provider (id, handle, name, is_enabled, channels, created_at, updated_at, deleted_at) VALUES ('local', 'local', 'local', true, '{feed,seller_feed}', '2026-05-03 01:47:01.464+00', '2026-05-03 01:47:01.464+00', NULL) ON CONFLICT DO NOTHING;


ALTER TABLE public.notification_provider ENABLE TRIGGER ALL;

--
-- Data for Name: notification; Type: TABLE DATA; Schema: public; Owner: -
--

ALTER TABLE public.notification DISABLE TRIGGER ALL;



ALTER TABLE public.notification ENABLE TRIGGER ALL;

--
-- Data for Name: onboarding; Type: TABLE DATA; Schema: public; Owner: -
--

ALTER TABLE public.onboarding DISABLE TRIGGER ALL;



ALTER TABLE public.onboarding ENABLE TRIGGER ALL;

--
-- Data for Name: price_list; Type: TABLE DATA; Schema: public; Owner: -
--

ALTER TABLE public.price_list DISABLE TRIGGER ALL;



ALTER TABLE public.price_list ENABLE TRIGGER ALL;

--
-- Data for Name: price_set; Type: TABLE DATA; Schema: public; Owner: -
--

ALTER TABLE public.price_set DISABLE TRIGGER ALL;

INSERT INTO public.price_set (id, created_at, updated_at, deleted_at) VALUES ('pset_01KQNRBAP3CGJAS53KZ82CB11Y', '2026-05-03 01:48:19.011+00', '2026-05-03 01:48:19.011+00', NULL) ON CONFLICT DO NOTHING;
INSERT INTO public.price_set (id, created_at, updated_at, deleted_at) VALUES ('pset_01KQNRBAP3NK03XDS9ST0TN1TD', '2026-05-03 01:48:19.012+00', '2026-05-03 01:48:19.012+00', NULL) ON CONFLICT DO NOTHING;
INSERT INTO public.price_set (id, created_at, updated_at, deleted_at) VALUES ('pset_01KQNRBASQYXJMK1THY84X480N', '2026-05-03 01:48:19.128+00', '2026-05-11 10:47:25.553+00', '2026-05-11 10:47:25.551+00') ON CONFLICT DO NOTHING;
INSERT INTO public.price_set (id, created_at, updated_at, deleted_at) VALUES ('pset_01KQNRBASQTFGRZGKGTXQRA3NS', '2026-05-03 01:48:19.128+00', '2026-05-11 10:47:25.571+00', '2026-05-11 10:47:25.551+00') ON CONFLICT DO NOTHING;
INSERT INTO public.price_set (id, created_at, updated_at, deleted_at) VALUES ('pset_01KQNRBASRR2SWS8FW1G5ZZAAV', '2026-05-03 01:48:19.128+00', '2026-05-11 10:47:25.579+00', '2026-05-11 10:47:25.551+00') ON CONFLICT DO NOTHING;
INSERT INTO public.price_set (id, created_at, updated_at, deleted_at) VALUES ('pset_01KRBB56MV333WPJDNDV0JWBXZ', '2026-05-11 11:01:04.283+00', '2026-05-11 11:01:04.283+00', NULL) ON CONFLICT DO NOTHING;
INSERT INTO public.price_set (id, created_at, updated_at, deleted_at) VALUES ('pset_01KRBV98VPNCEW8ZDBKDZD3V1G', '2026-05-11 15:42:54.839+00', '2026-05-11 15:42:54.839+00', NULL) ON CONFLICT DO NOTHING;
INSERT INTO public.price_set (id, created_at, updated_at, deleted_at) VALUES ('pset_01KRBV98XT4649CQ5Y045S335P', '2026-05-11 15:42:54.906+00', '2026-05-11 15:42:54.906+00', NULL) ON CONFLICT DO NOTHING;
INSERT INTO public.price_set (id, created_at, updated_at, deleted_at) VALUES ('pset_01KRBV99015VWV67H9849C9GZJ', '2026-05-11 15:42:54.977+00', '2026-05-11 15:42:54.977+00', NULL) ON CONFLICT DO NOTHING;
INSERT INTO public.price_set (id, created_at, updated_at, deleted_at) VALUES ('pset_01KRBV991RXKBAXAEPSTVVPVJB', '2026-05-11 15:42:55.032+00', '2026-05-11 15:42:55.032+00', NULL) ON CONFLICT DO NOTHING;
INSERT INTO public.price_set (id, created_at, updated_at, deleted_at) VALUES ('pset_01KRBV99390YBYK41KNA00V910', '2026-05-11 15:42:55.081+00', '2026-05-11 15:42:55.081+00', NULL) ON CONFLICT DO NOTHING;
INSERT INTO public.price_set (id, created_at, updated_at, deleted_at) VALUES ('pset_01KRBV994PHFX3ZRBKFCT4BEHZ', '2026-05-11 15:42:55.126+00', '2026-05-11 15:42:55.126+00', NULL) ON CONFLICT DO NOTHING;
INSERT INTO public.price_set (id, created_at, updated_at, deleted_at) VALUES ('pset_01KRBV995VTKWWJZSA1TEDFH3M', '2026-05-11 15:42:55.163+00', '2026-05-11 15:42:55.163+00', NULL) ON CONFLICT DO NOTHING;
INSERT INTO public.price_set (id, created_at, updated_at, deleted_at) VALUES ('pset_01KRBV9971KGX18ZMA44Y222QF', '2026-05-11 15:42:55.201+00', '2026-05-11 15:42:55.201+00', NULL) ON CONFLICT DO NOTHING;
INSERT INTO public.price_set (id, created_at, updated_at, deleted_at) VALUES ('pset_01KRBV9986A0J5GPN0VXV9EM4M', '2026-05-11 15:42:55.238+00', '2026-05-11 15:42:55.238+00', NULL) ON CONFLICT DO NOTHING;
INSERT INTO public.price_set (id, created_at, updated_at, deleted_at) VALUES ('pset_01KRBV9998XPXCA9MP4GAAWNFQ', '2026-05-11 15:42:55.272+00', '2026-05-11 15:42:55.272+00', NULL) ON CONFLICT DO NOTHING;
INSERT INTO public.price_set (id, created_at, updated_at, deleted_at) VALUES ('pset_01KRBV99AARZ8Y4V7S4V15V7PT', '2026-05-11 15:42:55.306+00', '2026-05-11 15:42:55.306+00', NULL) ON CONFLICT DO NOTHING;
INSERT INTO public.price_set (id, created_at, updated_at, deleted_at) VALUES ('pset_01KRBV99B9FKQ1DC3N0FYXS9ZP', '2026-05-11 15:42:55.337+00', '2026-05-11 15:42:55.337+00', NULL) ON CONFLICT DO NOTHING;
INSERT INTO public.price_set (id, created_at, updated_at, deleted_at) VALUES ('pset_01KRBV99CBEGD47NHPAH18M7FX', '2026-05-11 15:42:55.371+00', '2026-05-11 15:42:55.371+00', NULL) ON CONFLICT DO NOTHING;
INSERT INTO public.price_set (id, created_at, updated_at, deleted_at) VALUES ('pset_01KRBV99DBB69EQW5NJB9BMGSF', '2026-05-11 15:42:55.404+00', '2026-05-11 15:42:55.404+00', NULL) ON CONFLICT DO NOTHING;
INSERT INTO public.price_set (id, created_at, updated_at, deleted_at) VALUES ('pset_01KRBV99EBCGXST4DDNT5NCTTC', '2026-05-11 15:42:55.435+00', '2026-05-11 15:42:55.435+00', NULL) ON CONFLICT DO NOTHING;
INSERT INTO public.price_set (id, created_at, updated_at, deleted_at) VALUES ('pset_01KRBV99FH0BFJK10H8TKZ6H63', '2026-05-11 15:42:55.473+00', '2026-05-11 15:42:55.473+00', NULL) ON CONFLICT DO NOTHING;
INSERT INTO public.price_set (id, created_at, updated_at, deleted_at) VALUES ('pset_01KRBV99GG6ARQSENPMDNPQ27S', '2026-05-11 15:42:55.504+00', '2026-05-11 15:42:55.504+00', NULL) ON CONFLICT DO NOTHING;
INSERT INTO public.price_set (id, created_at, updated_at, deleted_at) VALUES ('pset_01KRBV99HJVXSMWP01ZHEVT76Q', '2026-05-11 15:42:55.538+00', '2026-05-11 15:42:55.538+00', NULL) ON CONFLICT DO NOTHING;
INSERT INTO public.price_set (id, created_at, updated_at, deleted_at) VALUES ('pset_01KRBV99JPXP67NMRZ0E153F0X', '2026-05-11 15:42:55.574+00', '2026-05-11 15:42:55.574+00', NULL) ON CONFLICT DO NOTHING;
INSERT INTO public.price_set (id, created_at, updated_at, deleted_at) VALUES ('pset_01KRBV99KWQZBW14JASNBGW1HN', '2026-05-11 15:42:55.612+00', '2026-05-11 15:42:55.612+00', NULL) ON CONFLICT DO NOTHING;
INSERT INTO public.price_set (id, created_at, updated_at, deleted_at) VALUES ('pset_01KRBV99N0KVWWFXFE6BZ408J0', '2026-05-11 15:42:55.648+00', '2026-05-11 15:42:55.648+00', NULL) ON CONFLICT DO NOTHING;
INSERT INTO public.price_set (id, created_at, updated_at, deleted_at) VALUES ('pset_01KRBV99P1E0QR6KD2HCS9RW8P', '2026-05-11 15:42:55.681+00', '2026-05-11 15:42:55.681+00', NULL) ON CONFLICT DO NOTHING;
INSERT INTO public.price_set (id, created_at, updated_at, deleted_at) VALUES ('pset_01KRBV99Q6ETTQRN71PM8FDBZN', '2026-05-11 15:42:55.718+00', '2026-05-11 15:42:55.718+00', NULL) ON CONFLICT DO NOTHING;
INSERT INTO public.price_set (id, created_at, updated_at, deleted_at) VALUES ('pset_01KRBV99SE96AB6SHYX4NG2FD8', '2026-05-11 15:42:55.79+00', '2026-05-11 15:42:55.79+00', NULL) ON CONFLICT DO NOTHING;
INSERT INTO public.price_set (id, created_at, updated_at, deleted_at) VALUES ('pset_01KRBV99TJEBDEF6WV4TYYPJ50', '2026-05-11 15:42:55.826+00', '2026-05-11 15:42:55.826+00', NULL) ON CONFLICT DO NOTHING;
INSERT INTO public.price_set (id, created_at, updated_at, deleted_at) VALUES ('pset_01KRBV99VQYF091C06Z1ND3ZPB', '2026-05-11 15:42:55.863+00', '2026-05-11 15:42:55.863+00', NULL) ON CONFLICT DO NOTHING;
INSERT INTO public.price_set (id, created_at, updated_at, deleted_at) VALUES ('pset_01KRBV99XWA57G8G5NNA055TCZ', '2026-05-11 15:42:55.932+00', '2026-05-11 15:42:55.932+00', NULL) ON CONFLICT DO NOTHING;
INSERT INTO public.price_set (id, created_at, updated_at, deleted_at) VALUES ('pset_01KRBV99ZM6BJ8NK5KKSHCN5XJ', '2026-05-11 15:42:55.988+00', '2026-05-11 15:42:55.988+00', NULL) ON CONFLICT DO NOTHING;
INSERT INTO public.price_set (id, created_at, updated_at, deleted_at) VALUES ('pset_01KRBV9A19B6NBNRJJ3SETQ52N', '2026-05-11 15:42:56.041+00', '2026-05-11 15:42:56.041+00', NULL) ON CONFLICT DO NOTHING;
INSERT INTO public.price_set (id, created_at, updated_at, deleted_at) VALUES ('pset_01KRBV9A3TP32696S85KBCS95K', '2026-05-11 15:42:56.123+00', '2026-05-11 15:42:56.123+00', NULL) ON CONFLICT DO NOTHING;
INSERT INTO public.price_set (id, created_at, updated_at, deleted_at) VALUES ('pset_01KRBV9A7YFR9VZKE0FVWN3N0Q', '2026-05-11 15:42:56.254+00', '2026-05-11 15:42:56.254+00', NULL) ON CONFLICT DO NOTHING;
INSERT INTO public.price_set (id, created_at, updated_at, deleted_at) VALUES ('pset_01KRBV9AB81KDPSJV8JRNPSE2P', '2026-05-11 15:42:56.361+00', '2026-05-11 15:42:56.361+00', NULL) ON CONFLICT DO NOTHING;
INSERT INTO public.price_set (id, created_at, updated_at, deleted_at) VALUES ('pset_01KRBV9AD5P0XC8CSSSNBSG0E7', '2026-05-11 15:42:56.421+00', '2026-05-11 15:42:56.421+00', NULL) ON CONFLICT DO NOTHING;
INSERT INTO public.price_set (id, created_at, updated_at, deleted_at) VALUES ('pset_01KRBV9AF4B66DC2SSW5W55N89', '2026-05-11 15:42:56.484+00', '2026-05-11 15:42:56.484+00', NULL) ON CONFLICT DO NOTHING;
INSERT INTO public.price_set (id, created_at, updated_at, deleted_at) VALUES ('pset_01KRBV9AGZ1DDQPPMWVFH32MZA', '2026-05-11 15:42:56.543+00', '2026-05-11 15:42:56.543+00', NULL) ON CONFLICT DO NOTHING;
INSERT INTO public.price_set (id, created_at, updated_at, deleted_at) VALUES ('pset_01KRBV9AJCRV8JXC3MF5ZKD3VG', '2026-05-11 15:42:56.588+00', '2026-05-11 15:42:56.588+00', NULL) ON CONFLICT DO NOTHING;
INSERT INTO public.price_set (id, created_at, updated_at, deleted_at) VALUES ('pset_01KRBV9AM5JD41655Y27FN1NSE', '2026-05-11 15:42:56.645+00', '2026-05-11 15:42:56.645+00', NULL) ON CONFLICT DO NOTHING;
INSERT INTO public.price_set (id, created_at, updated_at, deleted_at) VALUES ('pset_01KRBV9APDX0FHY3MMRZTJVMWX', '2026-05-11 15:42:56.717+00', '2026-05-11 15:42:56.717+00', NULL) ON CONFLICT DO NOTHING;
INSERT INTO public.price_set (id, created_at, updated_at, deleted_at) VALUES ('pset_01KRBV9AR0WFZANZ717VWVNJNQ', '2026-05-11 15:42:56.768+00', '2026-05-11 15:42:56.768+00', NULL) ON CONFLICT DO NOTHING;
INSERT INTO public.price_set (id, created_at, updated_at, deleted_at) VALUES ('pset_01KRNSQBP3PP4S41QAR1F56D4P', '2026-05-15 12:28:03.651+00', '2026-05-15 12:28:03.651+00', NULL) ON CONFLICT DO NOTHING;
INSERT INTO public.price_set (id, created_at, updated_at, deleted_at) VALUES ('pset_01KRNSQBRZJWX0C9Y38QB2CQ45', '2026-05-15 12:28:03.743+00', '2026-05-15 12:28:03.743+00', NULL) ON CONFLICT DO NOTHING;
INSERT INTO public.price_set (id, created_at, updated_at, deleted_at) VALUES ('pset_01KRNSQBWH18R5KHBFAXHE8P8A', '2026-05-15 12:28:03.857+00', '2026-05-15 12:28:03.857+00', NULL) ON CONFLICT DO NOTHING;
INSERT INTO public.price_set (id, created_at, updated_at, deleted_at) VALUES ('pset_01KRNSQBYHV8TXC8CQS5HHFX34', '2026-05-15 12:28:03.921+00', '2026-05-15 12:28:03.921+00', NULL) ON CONFLICT DO NOTHING;
INSERT INTO public.price_set (id, created_at, updated_at, deleted_at) VALUES ('pset_01KRNSQBZP7QQGFRD1KDVRCN72', '2026-05-15 12:28:03.958+00', '2026-05-15 12:28:03.958+00', NULL) ON CONFLICT DO NOTHING;
INSERT INTO public.price_set (id, created_at, updated_at, deleted_at) VALUES ('pset_01KRNSQC0V4BD89J7V4BBTAWZ1', '2026-05-15 12:28:03.995+00', '2026-05-15 12:28:03.995+00', NULL) ON CONFLICT DO NOTHING;
INSERT INTO public.price_set (id, created_at, updated_at, deleted_at) VALUES ('pset_01KRNSQC2JEJJWJM0RW1G3B72B', '2026-05-15 12:28:04.05+00', '2026-05-15 12:28:04.05+00', NULL) ON CONFLICT DO NOTHING;
INSERT INTO public.price_set (id, created_at, updated_at, deleted_at) VALUES ('pset_01KRNSQC3RFHPJTMEGMC2Z4H20', '2026-05-15 12:28:04.088+00', '2026-05-15 12:28:04.088+00', NULL) ON CONFLICT DO NOTHING;
INSERT INTO public.price_set (id, created_at, updated_at, deleted_at) VALUES ('pset_01KRNSQC52M160N8HFD35WV67G', '2026-05-15 12:28:04.13+00', '2026-05-15 12:28:04.13+00', NULL) ON CONFLICT DO NOTHING;
INSERT INTO public.price_set (id, created_at, updated_at, deleted_at) VALUES ('pset_01KRNSQC65EN813ZGPYHJ99WRS', '2026-05-15 12:28:04.166+00', '2026-05-15 12:28:04.166+00', NULL) ON CONFLICT DO NOTHING;
INSERT INTO public.price_set (id, created_at, updated_at, deleted_at) VALUES ('pset_01KRNSQC7DFXGTFX8T262PC390', '2026-05-15 12:28:04.205+00', '2026-05-15 12:28:04.205+00', NULL) ON CONFLICT DO NOTHING;
INSERT INTO public.price_set (id, created_at, updated_at, deleted_at) VALUES ('pset_01KRNSQC8H1ZRJ3VDEK5M6BRF6', '2026-05-15 12:28:04.241+00', '2026-05-15 12:28:04.241+00', NULL) ON CONFLICT DO NOTHING;
INSERT INTO public.price_set (id, created_at, updated_at, deleted_at) VALUES ('pset_01KRNSQC9K8HQGAFRHCW9MWP6G', '2026-05-15 12:28:04.276+00', '2026-05-15 12:28:04.276+00', NULL) ON CONFLICT DO NOTHING;
INSERT INTO public.price_set (id, created_at, updated_at, deleted_at) VALUES ('pset_01KRNSQCAYNAE2TWY891NGG5WE', '2026-05-15 12:28:04.318+00', '2026-05-15 12:28:04.318+00', NULL) ON CONFLICT DO NOTHING;
INSERT INTO public.price_set (id, created_at, updated_at, deleted_at) VALUES ('pset_01KRNSQCC3MEWX3XQFY1QMDYMM', '2026-05-15 12:28:04.355+00', '2026-05-15 12:28:04.355+00', NULL) ON CONFLICT DO NOTHING;
INSERT INTO public.price_set (id, created_at, updated_at, deleted_at) VALUES ('pset_01KRNSQCEP5MWAH454R321FHC4', '2026-05-15 12:28:04.438+00', '2026-05-15 12:28:04.438+00', NULL) ON CONFLICT DO NOTHING;
INSERT INTO public.price_set (id, created_at, updated_at, deleted_at) VALUES ('pset_01KRNSQCG4RKYAVK83SF98DHEF', '2026-05-15 12:28:04.484+00', '2026-05-15 12:28:04.484+00', NULL) ON CONFLICT DO NOTHING;
INSERT INTO public.price_set (id, created_at, updated_at, deleted_at) VALUES ('pset_01KRNSQCH7RXZJHD7B76H3NZYZ', '2026-05-15 12:28:04.519+00', '2026-05-15 12:28:04.519+00', NULL) ON CONFLICT DO NOTHING;
INSERT INTO public.price_set (id, created_at, updated_at, deleted_at) VALUES ('pset_01KRNSQCJ8G7CAV9BBYH4BQEE4', '2026-05-15 12:28:04.552+00', '2026-05-15 12:28:04.552+00', NULL) ON CONFLICT DO NOTHING;
INSERT INTO public.price_set (id, created_at, updated_at, deleted_at) VALUES ('pset_01KRNSQCKBW68JJ6KY3VANS74G', '2026-05-15 12:28:04.587+00', '2026-05-15 12:28:04.587+00', NULL) ON CONFLICT DO NOTHING;
INSERT INTO public.price_set (id, created_at, updated_at, deleted_at) VALUES ('pset_01KRNSQCMMEXM0TP0QKK82VQ40', '2026-05-15 12:28:04.628+00', '2026-05-15 12:28:04.628+00', NULL) ON CONFLICT DO NOTHING;
INSERT INTO public.price_set (id, created_at, updated_at, deleted_at) VALUES ('pset_01KRNSQCP70MP8PZ1TJJMK6TB4', '2026-05-15 12:28:04.679+00', '2026-05-15 12:28:04.679+00', NULL) ON CONFLICT DO NOTHING;
INSERT INTO public.price_set (id, created_at, updated_at, deleted_at) VALUES ('pset_01KRNSQCQ85Z2AJBGAG7PBFAAB', '2026-05-15 12:28:04.712+00', '2026-05-15 12:28:04.712+00', NULL) ON CONFLICT DO NOTHING;
INSERT INTO public.price_set (id, created_at, updated_at, deleted_at) VALUES ('pset_01KRNSQCREF75NNWHHHK3M72RC', '2026-05-15 12:28:04.75+00', '2026-05-15 12:28:04.75+00', NULL) ON CONFLICT DO NOTHING;
INSERT INTO public.price_set (id, created_at, updated_at, deleted_at) VALUES ('pset_01KRNSQCSEYNEMX3SRWREHXZ0P', '2026-05-15 12:28:04.782+00', '2026-05-15 12:28:04.782+00', NULL) ON CONFLICT DO NOTHING;
INSERT INTO public.price_set (id, created_at, updated_at, deleted_at) VALUES ('pset_01KRNSQCTH14KF3ZRQHZQXW1ZY', '2026-05-15 12:28:04.818+00', '2026-05-15 12:28:04.818+00', NULL) ON CONFLICT DO NOTHING;
INSERT INTO public.price_set (id, created_at, updated_at, deleted_at) VALUES ('pset_01KRNSQCVPX7M7D8G2NVASD515', '2026-05-15 12:28:04.854+00', '2026-05-15 12:28:04.854+00', NULL) ON CONFLICT DO NOTHING;
INSERT INTO public.price_set (id, created_at, updated_at, deleted_at) VALUES ('pset_01KRNSQCWSSF2C4AK2Z4JM5Z1Y', '2026-05-15 12:28:04.889+00', '2026-05-15 12:28:04.889+00', NULL) ON CONFLICT DO NOTHING;
INSERT INTO public.price_set (id, created_at, updated_at, deleted_at) VALUES ('pset_01KRNSQCYQD64MD5MZQCKMMX7R', '2026-05-15 12:28:04.951+00', '2026-05-15 12:28:04.951+00', NULL) ON CONFLICT DO NOTHING;
INSERT INTO public.price_set (id, created_at, updated_at, deleted_at) VALUES ('pset_01KRNSQD02P1RSC5WTCVHM8G7B', '2026-05-15 12:28:04.994+00', '2026-05-15 12:28:04.994+00', NULL) ON CONFLICT DO NOTHING;
INSERT INTO public.price_set (id, created_at, updated_at, deleted_at) VALUES ('pset_01KRNSQD2BDX81S8KPBB74H2PN', '2026-05-15 12:28:05.068+00', '2026-05-15 12:28:05.068+00', NULL) ON CONFLICT DO NOTHING;
INSERT INTO public.price_set (id, created_at, updated_at, deleted_at) VALUES ('pset_01KRNSQD3R6BBKQK2C08P1ARFJ', '2026-05-15 12:28:05.112+00', '2026-05-15 12:28:05.112+00', NULL) ON CONFLICT DO NOTHING;
INSERT INTO public.price_set (id, created_at, updated_at, deleted_at) VALUES ('pset_01KRNSQD51HX6Q833A3HQ55SR8', '2026-05-15 12:28:05.153+00', '2026-05-15 12:28:05.153+00', NULL) ON CONFLICT DO NOTHING;
INSERT INTO public.price_set (id, created_at, updated_at, deleted_at) VALUES ('pset_01KRNSQD6CE20Y7H10VK6BSEGK', '2026-05-15 12:28:05.196+00', '2026-05-15 12:28:05.196+00', NULL) ON CONFLICT DO NOTHING;
INSERT INTO public.price_set (id, created_at, updated_at, deleted_at) VALUES ('pset_01KRNSQDCXD3Y26THKWT8YTES1', '2026-05-15 12:28:05.406+00', '2026-05-15 12:28:05.406+00', NULL) ON CONFLICT DO NOTHING;
INSERT INTO public.price_set (id, created_at, updated_at, deleted_at) VALUES ('pset_01KRNSQDH4BVRM7KGVEYAZ9KPY', '2026-05-15 12:28:05.54+00', '2026-05-15 12:28:05.54+00', NULL) ON CONFLICT DO NOTHING;
INSERT INTO public.price_set (id, created_at, updated_at, deleted_at) VALUES ('pset_01KRNSQDJVYTBHHABBWXTE85N8', '2026-05-15 12:28:05.595+00', '2026-05-15 12:28:05.595+00', NULL) ON CONFLICT DO NOTHING;
INSERT INTO public.price_set (id, created_at, updated_at, deleted_at) VALUES ('pset_01KRNSQDNXZ713XRGHTPRTGZ50', '2026-05-15 12:28:05.693+00', '2026-05-15 12:28:05.693+00', NULL) ON CONFLICT DO NOTHING;
INSERT INTO public.price_set (id, created_at, updated_at, deleted_at) VALUES ('pset_01KRNSQDS2GDARY7R10VCWB0M9', '2026-05-15 12:28:05.794+00', '2026-05-15 12:28:05.794+00', NULL) ON CONFLICT DO NOTHING;


ALTER TABLE public.price_set ENABLE TRIGGER ALL;

--
-- Data for Name: price; Type: TABLE DATA; Schema: public; Owner: -
--

ALTER TABLE public.price DISABLE TRIGGER ALL;

INSERT INTO public.price (id, title, price_set_id, currency_code, raw_amount, rules_count, created_at, updated_at, deleted_at, price_list_id, amount, min_quantity, max_quantity) VALUES ('price_01KQNRBAP3S73KKHA542BV6BAF', NULL, 'pset_01KQNRBAP3CGJAS53KZ82CB11Y', 'usd', '{"value": "10", "precision": 20}', 0, '2026-05-03 01:48:19.012+00', '2026-05-03 01:48:19.012+00', NULL, NULL, 10, NULL, NULL) ON CONFLICT DO NOTHING;
INSERT INTO public.price (id, title, price_set_id, currency_code, raw_amount, rules_count, created_at, updated_at, deleted_at, price_list_id, amount, min_quantity, max_quantity) VALUES ('price_01KQNRBAP3XAN4H786HDANFE6B', NULL, 'pset_01KQNRBAP3CGJAS53KZ82CB11Y', 'eur', '{"value": "10", "precision": 20}', 0, '2026-05-03 01:48:19.012+00', '2026-05-03 01:48:19.012+00', NULL, NULL, 10, NULL, NULL) ON CONFLICT DO NOTHING;
INSERT INTO public.price (id, title, price_set_id, currency_code, raw_amount, rules_count, created_at, updated_at, deleted_at, price_list_id, amount, min_quantity, max_quantity) VALUES ('price_01KQNRBAP31JRZ97SFET7Q6K5Q', NULL, 'pset_01KQNRBAP3CGJAS53KZ82CB11Y', 'usd', '{"value": "10", "precision": 20}', 1, '2026-05-03 01:48:19.012+00', '2026-05-03 01:48:19.012+00', NULL, NULL, 10, NULL, NULL) ON CONFLICT DO NOTHING;
INSERT INTO public.price (id, title, price_set_id, currency_code, raw_amount, rules_count, created_at, updated_at, deleted_at, price_list_id, amount, min_quantity, max_quantity) VALUES ('price_01KQNRBAP3GSBMPSB1CMCQJ4AV', NULL, 'pset_01KQNRBAP3CGJAS53KZ82CB11Y', 'eur', '{"value": "10", "precision": 20}', 1, '2026-05-03 01:48:19.012+00', '2026-05-03 01:48:19.012+00', NULL, NULL, 10, NULL, NULL) ON CONFLICT DO NOTHING;
INSERT INTO public.price (id, title, price_set_id, currency_code, raw_amount, rules_count, created_at, updated_at, deleted_at, price_list_id, amount, min_quantity, max_quantity) VALUES ('price_01KQNRBAP3RX4Y0K9NME29XHVF', NULL, 'pset_01KQNRBAP3NK03XDS9ST0TN1TD', 'usd', '{"value": "20", "precision": 20}', 0, '2026-05-03 01:48:19.012+00', '2026-05-03 01:48:19.012+00', NULL, NULL, 20, NULL, NULL) ON CONFLICT DO NOTHING;
INSERT INTO public.price (id, title, price_set_id, currency_code, raw_amount, rules_count, created_at, updated_at, deleted_at, price_list_id, amount, min_quantity, max_quantity) VALUES ('price_01KQNRBAP3AA0VVNZSNQ0B3A4Z', NULL, 'pset_01KQNRBAP3NK03XDS9ST0TN1TD', 'eur', '{"value": "20", "precision": 20}', 0, '2026-05-03 01:48:19.012+00', '2026-05-03 01:48:19.012+00', NULL, NULL, 20, NULL, NULL) ON CONFLICT DO NOTHING;
INSERT INTO public.price (id, title, price_set_id, currency_code, raw_amount, rules_count, created_at, updated_at, deleted_at, price_list_id, amount, min_quantity, max_quantity) VALUES ('price_01KQNRBAP39B38W6B5JYBCSXG9', NULL, 'pset_01KQNRBAP3NK03XDS9ST0TN1TD', 'usd', '{"value": "20", "precision": 20}', 1, '2026-05-03 01:48:19.012+00', '2026-05-03 01:48:19.012+00', NULL, NULL, 20, NULL, NULL) ON CONFLICT DO NOTHING;
INSERT INTO public.price (id, title, price_set_id, currency_code, raw_amount, rules_count, created_at, updated_at, deleted_at, price_list_id, amount, min_quantity, max_quantity) VALUES ('price_01KQNRBAP3PK3CDWMH1PJCEKVV', NULL, 'pset_01KQNRBAP3NK03XDS9ST0TN1TD', 'eur', '{"value": "20", "precision": 20}', 1, '2026-05-03 01:48:19.012+00', '2026-05-03 01:48:19.012+00', NULL, NULL, 20, NULL, NULL) ON CONFLICT DO NOTHING;
INSERT INTO public.price (id, title, price_set_id, currency_code, raw_amount, rules_count, created_at, updated_at, deleted_at, price_list_id, amount, min_quantity, max_quantity) VALUES ('price_01KQNRBASQNWE8PPH13H1Z8CNN', NULL, 'pset_01KQNRBASQYXJMK1THY84X480N', 'usd', '{"value": "29.99", "precision": 20}', 0, '2026-05-03 01:48:19.128+00', '2026-05-11 10:47:25.561+00', '2026-05-11 10:47:25.551+00', NULL, 29.99, NULL, NULL) ON CONFLICT DO NOTHING;
INSERT INTO public.price (id, title, price_set_id, currency_code, raw_amount, rules_count, created_at, updated_at, deleted_at, price_list_id, amount, min_quantity, max_quantity) VALUES ('price_01KQNRBASQRGQBN4WS5Z7YZ4DW', NULL, 'pset_01KQNRBASQYXJMK1THY84X480N', 'eur', '{"value": "24.99", "precision": 20}', 0, '2026-05-03 01:48:19.128+00', '2026-05-11 10:47:25.561+00', '2026-05-11 10:47:25.551+00', NULL, 24.99, NULL, NULL) ON CONFLICT DO NOTHING;
INSERT INTO public.price (id, title, price_set_id, currency_code, raw_amount, rules_count, created_at, updated_at, deleted_at, price_list_id, amount, min_quantity, max_quantity) VALUES ('price_01KQNRBASQWVRYW8JTFSDFKP4H', NULL, 'pset_01KQNRBASQTFGRZGKGTXQRA3NS', 'usd', '{"value": "29.99", "precision": 20}', 0, '2026-05-03 01:48:19.128+00', '2026-05-11 10:47:25.574+00', '2026-05-11 10:47:25.551+00', NULL, 29.99, NULL, NULL) ON CONFLICT DO NOTHING;
INSERT INTO public.price (id, title, price_set_id, currency_code, raw_amount, rules_count, created_at, updated_at, deleted_at, price_list_id, amount, min_quantity, max_quantity) VALUES ('price_01KQNRBASQZAZGNXVN364KY7GB', NULL, 'pset_01KQNRBASQTFGRZGKGTXQRA3NS', 'eur', '{"value": "24.99", "precision": 20}', 0, '2026-05-03 01:48:19.128+00', '2026-05-11 10:47:25.574+00', '2026-05-11 10:47:25.551+00', NULL, 24.99, NULL, NULL) ON CONFLICT DO NOTHING;
INSERT INTO public.price (id, title, price_set_id, currency_code, raw_amount, rules_count, created_at, updated_at, deleted_at, price_list_id, amount, min_quantity, max_quantity) VALUES ('price_01KQNRBASRTM5WKVEXTN6F50Z5', NULL, 'pset_01KQNRBASRR2SWS8FW1G5ZZAAV', 'usd', '{"value": "29.99", "precision": 20}', 0, '2026-05-03 01:48:19.128+00', '2026-05-11 10:47:25.582+00', '2026-05-11 10:47:25.551+00', NULL, 29.99, NULL, NULL) ON CONFLICT DO NOTHING;
INSERT INTO public.price (id, title, price_set_id, currency_code, raw_amount, rules_count, created_at, updated_at, deleted_at, price_list_id, amount, min_quantity, max_quantity) VALUES ('price_01KQNRBASR9YTCBSMZ6W8ADSGS', NULL, 'pset_01KQNRBASRR2SWS8FW1G5ZZAAV', 'eur', '{"value": "24.99", "precision": 20}', 0, '2026-05-03 01:48:19.128+00', '2026-05-11 10:47:25.582+00', '2026-05-11 10:47:25.551+00', NULL, 24.99, NULL, NULL) ON CONFLICT DO NOTHING;
INSERT INTO public.price (id, title, price_set_id, currency_code, raw_amount, rules_count, created_at, updated_at, deleted_at, price_list_id, amount, min_quantity, max_quantity) VALUES ('price_01KRBB56MVX9CWHX8M5XAD2WRH', NULL, 'pset_01KRBB56MV333WPJDNDV0JWBXZ', 'eur', '{"value": "10", "precision": 20}', 0, '2026-05-11 11:01:04.284+00', '2026-05-11 11:01:04.284+00', NULL, NULL, 10, NULL, NULL) ON CONFLICT DO NOTHING;
INSERT INTO public.price (id, title, price_set_id, currency_code, raw_amount, rules_count, created_at, updated_at, deleted_at, price_list_id, amount, min_quantity, max_quantity) VALUES ('price_01KRBB56MVKGHS94C2XQFHY7QC', NULL, 'pset_01KRBB56MV333WPJDNDV0JWBXZ', 'eur', '{"value": "10", "precision": 20}', 1, '2026-05-11 11:01:04.284+00', '2026-05-11 11:01:04.284+00', NULL, NULL, 10, NULL, NULL) ON CONFLICT DO NOTHING;
INSERT INTO public.price (id, title, price_set_id, currency_code, raw_amount, rules_count, created_at, updated_at, deleted_at, price_list_id, amount, min_quantity, max_quantity) VALUES ('price_01KRBV98VPZ3M0MER8QMVJYFGN', NULL, 'pset_01KRBV98VPNCEW8ZDBKDZD3V1G', 'brl', '{"value": "430000", "precision": 20}', 0, '2026-05-11 15:42:54.839+00', '2026-05-11 15:42:54.839+00', NULL, NULL, 430000, NULL, NULL) ON CONFLICT DO NOTHING;
INSERT INTO public.price (id, title, price_set_id, currency_code, raw_amount, rules_count, created_at, updated_at, deleted_at, price_list_id, amount, min_quantity, max_quantity) VALUES ('price_01KRBV98XTP4M2F8T86RREHHFR', NULL, 'pset_01KRBV98XT4649CQ5Y045S335P', 'brl', '{"value": "930000", "precision": 20}', 0, '2026-05-11 15:42:54.906+00', '2026-05-11 15:42:54.906+00', NULL, NULL, 930000, NULL, NULL) ON CONFLICT DO NOTHING;
INSERT INTO public.price (id, title, price_set_id, currency_code, raw_amount, rules_count, created_at, updated_at, deleted_at, price_list_id, amount, min_quantity, max_quantity) VALUES ('price_01KRBV9901YBG64T8V6TC2SX67', NULL, 'pset_01KRBV99015VWV67H9849C9GZJ', 'brl', '{"value": "290000", "precision": 20}', 0, '2026-05-11 15:42:54.977+00', '2026-05-11 15:42:54.977+00', NULL, NULL, 290000, NULL, NULL) ON CONFLICT DO NOTHING;
INSERT INTO public.price (id, title, price_set_id, currency_code, raw_amount, rules_count, created_at, updated_at, deleted_at, price_list_id, amount, min_quantity, max_quantity) VALUES ('price_01KRBV991RNNNZB2NVXTFE3ED9', NULL, 'pset_01KRBV991RXKBAXAEPSTVVPVJB', 'brl', '{"value": "320000", "precision": 20}', 0, '2026-05-11 15:42:55.032+00', '2026-05-11 15:42:55.032+00', NULL, NULL, 320000, NULL, NULL) ON CONFLICT DO NOTHING;
INSERT INTO public.price (id, title, price_set_id, currency_code, raw_amount, rules_count, created_at, updated_at, deleted_at, price_list_id, amount, min_quantity, max_quantity) VALUES ('price_01KRBV9939QZ97WNH9NF37T2WX', NULL, 'pset_01KRBV99390YBYK41KNA00V910', 'brl', '{"value": "435000", "precision": 20}', 0, '2026-05-11 15:42:55.081+00', '2026-05-11 15:42:55.081+00', NULL, NULL, 435000, NULL, NULL) ON CONFLICT DO NOTHING;
INSERT INTO public.price (id, title, price_set_id, currency_code, raw_amount, rules_count, created_at, updated_at, deleted_at, price_list_id, amount, min_quantity, max_quantity) VALUES ('price_01KRBV994P2YW6VAJ66906ZHR2', NULL, 'pset_01KRBV994PHFX3ZRBKFCT4BEHZ', 'brl', '{"value": "425000", "precision": 20}', 0, '2026-05-11 15:42:55.126+00', '2026-05-11 15:42:55.126+00', NULL, NULL, 425000, NULL, NULL) ON CONFLICT DO NOTHING;
INSERT INTO public.price (id, title, price_set_id, currency_code, raw_amount, rules_count, created_at, updated_at, deleted_at, price_list_id, amount, min_quantity, max_quantity) VALUES ('price_01KRBV995VV49EDYSKS03XX7XZ', NULL, 'pset_01KRBV995VTKWWJZSA1TEDFH3M', 'brl', '{"value": "425000", "precision": 20}', 0, '2026-05-11 15:42:55.163+00', '2026-05-11 15:42:55.163+00', NULL, NULL, 425000, NULL, NULL) ON CONFLICT DO NOTHING;
INSERT INTO public.price (id, title, price_set_id, currency_code, raw_amount, rules_count, created_at, updated_at, deleted_at, price_list_id, amount, min_quantity, max_quantity) VALUES ('price_01KRBV9971A69DBACNZF04YXEW', NULL, 'pset_01KRBV9971KGX18ZMA44Y222QF', 'brl', '{"value": "475000", "precision": 20}', 0, '2026-05-11 15:42:55.201+00', '2026-05-11 15:42:55.201+00', NULL, NULL, 475000, NULL, NULL) ON CONFLICT DO NOTHING;
INSERT INTO public.price (id, title, price_set_id, currency_code, raw_amount, rules_count, created_at, updated_at, deleted_at, price_list_id, amount, min_quantity, max_quantity) VALUES ('price_01KRBV9986HCM5H48CT1P96N1H', NULL, 'pset_01KRBV9986A0J5GPN0VXV9EM4M', 'brl', '{"value": "400000", "precision": 20}', 0, '2026-05-11 15:42:55.238+00', '2026-05-11 15:42:55.238+00', NULL, NULL, 400000, NULL, NULL) ON CONFLICT DO NOTHING;
INSERT INTO public.price (id, title, price_set_id, currency_code, raw_amount, rules_count, created_at, updated_at, deleted_at, price_list_id, amount, min_quantity, max_quantity) VALUES ('price_01KRBV9998S39ZTFSJY5AAQT7E', NULL, 'pset_01KRBV9998XPXCA9MP4GAAWNFQ', 'brl', '{"value": "770000", "precision": 20}', 0, '2026-05-11 15:42:55.272+00', '2026-05-11 15:42:55.272+00', NULL, NULL, 770000, NULL, NULL) ON CONFLICT DO NOTHING;
INSERT INTO public.price (id, title, price_set_id, currency_code, raw_amount, rules_count, created_at, updated_at, deleted_at, price_list_id, amount, min_quantity, max_quantity) VALUES ('price_01KRBV99AA8FF63JKXC9V5X4HZ', NULL, 'pset_01KRBV99AARZ8Y4V7S4V15V7PT', 'brl', '{"value": "725000", "precision": 20}', 0, '2026-05-11 15:42:55.306+00', '2026-05-11 15:42:55.306+00', NULL, NULL, 725000, NULL, NULL) ON CONFLICT DO NOTHING;
INSERT INTO public.price (id, title, price_set_id, currency_code, raw_amount, rules_count, created_at, updated_at, deleted_at, price_list_id, amount, min_quantity, max_quantity) VALUES ('price_01KRBV99B9Y26BEY10QQV47KZK', NULL, 'pset_01KRBV99B9FKQ1DC3N0FYXS9ZP', 'brl', '{"value": "535000", "precision": 20}', 0, '2026-05-11 15:42:55.337+00', '2026-05-11 15:42:55.337+00', NULL, NULL, 535000, NULL, NULL) ON CONFLICT DO NOTHING;
INSERT INTO public.price (id, title, price_set_id, currency_code, raw_amount, rules_count, created_at, updated_at, deleted_at, price_list_id, amount, min_quantity, max_quantity) VALUES ('price_01KRBV99CBJVRZ00EQ8Z0Q8G2A', NULL, 'pset_01KRBV99CBEGD47NHPAH18M7FX', 'brl', '{"value": "225000", "precision": 20}', 0, '2026-05-11 15:42:55.371+00', '2026-05-11 15:42:55.371+00', NULL, NULL, 225000, NULL, NULL) ON CONFLICT DO NOTHING;
INSERT INTO public.price (id, title, price_set_id, currency_code, raw_amount, rules_count, created_at, updated_at, deleted_at, price_list_id, amount, min_quantity, max_quantity) VALUES ('price_01KRBV99DBKZ5ABA1K5E5VA8X2', NULL, 'pset_01KRBV99DBB69EQW5NJB9BMGSF', 'brl', '{"value": "540000", "precision": 20}', 0, '2026-05-11 15:42:55.404+00', '2026-05-11 15:42:55.404+00', NULL, NULL, 540000, NULL, NULL) ON CONFLICT DO NOTHING;
INSERT INTO public.price (id, title, price_set_id, currency_code, raw_amount, rules_count, created_at, updated_at, deleted_at, price_list_id, amount, min_quantity, max_quantity) VALUES ('price_01KRBV99EB977MV4H42XER0C4J', NULL, 'pset_01KRBV99EBCGXST4DDNT5NCTTC', 'brl', '{"value": "965000", "precision": 20}', 0, '2026-05-11 15:42:55.435+00', '2026-05-11 15:42:55.435+00', NULL, NULL, 965000, NULL, NULL) ON CONFLICT DO NOTHING;
INSERT INTO public.price (id, title, price_set_id, currency_code, raw_amount, rules_count, created_at, updated_at, deleted_at, price_list_id, amount, min_quantity, max_quantity) VALUES ('price_01KRBV99FHQG1D4XJ9GAMJNKX1', NULL, 'pset_01KRBV99FH0BFJK10H8TKZ6H63', 'brl', '{"value": "795000", "precision": 20}', 0, '2026-05-11 15:42:55.473+00', '2026-05-11 15:42:55.473+00', NULL, NULL, 795000, NULL, NULL) ON CONFLICT DO NOTHING;
INSERT INTO public.price (id, title, price_set_id, currency_code, raw_amount, rules_count, created_at, updated_at, deleted_at, price_list_id, amount, min_quantity, max_quantity) VALUES ('price_01KRBV99GGPRVN2KANVJ0MQJNP', NULL, 'pset_01KRBV99GG6ARQSENPMDNPQ27S', 'brl', '{"value": "990000", "precision": 20}', 0, '2026-05-11 15:42:55.504+00', '2026-05-11 15:42:55.504+00', NULL, NULL, 990000, NULL, NULL) ON CONFLICT DO NOTHING;
INSERT INTO public.price (id, title, price_set_id, currency_code, raw_amount, rules_count, created_at, updated_at, deleted_at, price_list_id, amount, min_quantity, max_quantity) VALUES ('price_01KRBV99HJ7RCEY9MTXFNFRZ4E', NULL, 'pset_01KRBV99HJVXSMWP01ZHEVT76Q', 'brl', '{"value": "950000", "precision": 20}', 0, '2026-05-11 15:42:55.538+00', '2026-05-11 15:42:55.538+00', NULL, NULL, 950000, NULL, NULL) ON CONFLICT DO NOTHING;
INSERT INTO public.price (id, title, price_set_id, currency_code, raw_amount, rules_count, created_at, updated_at, deleted_at, price_list_id, amount, min_quantity, max_quantity) VALUES ('price_01KRBV99JN5QK1FT5DDQZQ46P9', NULL, 'pset_01KRBV99JPXP67NMRZ0E153F0X', 'brl', '{"value": "275000", "precision": 20}', 0, '2026-05-11 15:42:55.574+00', '2026-05-11 15:42:55.574+00', NULL, NULL, 275000, NULL, NULL) ON CONFLICT DO NOTHING;
INSERT INTO public.price (id, title, price_set_id, currency_code, raw_amount, rules_count, created_at, updated_at, deleted_at, price_list_id, amount, min_quantity, max_quantity) VALUES ('price_01KRBV99KW1T2KFM4FRH3HGY5S', NULL, 'pset_01KRBV99KWQZBW14JASNBGW1HN', 'brl', '{"value": "210000", "precision": 20}', 0, '2026-05-11 15:42:55.612+00', '2026-05-11 15:42:55.612+00', NULL, NULL, 210000, NULL, NULL) ON CONFLICT DO NOTHING;
INSERT INTO public.price (id, title, price_set_id, currency_code, raw_amount, rules_count, created_at, updated_at, deleted_at, price_list_id, amount, min_quantity, max_quantity) VALUES ('price_01KRBV99N0T4KQMEVBARM4FGGJ', NULL, 'pset_01KRBV99N0KVWWFXFE6BZ408J0', 'brl', '{"value": "290000", "precision": 20}', 0, '2026-05-11 15:42:55.648+00', '2026-05-11 15:42:55.648+00', NULL, NULL, 290000, NULL, NULL) ON CONFLICT DO NOTHING;
INSERT INTO public.price (id, title, price_set_id, currency_code, raw_amount, rules_count, created_at, updated_at, deleted_at, price_list_id, amount, min_quantity, max_quantity) VALUES ('price_01KRBV99P1A77J99QFKHYV5ECJ', NULL, 'pset_01KRBV99P1E0QR6KD2HCS9RW8P', 'brl', '{"value": "585000", "precision": 20}', 0, '2026-05-11 15:42:55.681+00', '2026-05-11 15:42:55.681+00', NULL, NULL, 585000, NULL, NULL) ON CONFLICT DO NOTHING;
INSERT INTO public.price (id, title, price_set_id, currency_code, raw_amount, rules_count, created_at, updated_at, deleted_at, price_list_id, amount, min_quantity, max_quantity) VALUES ('price_01KRBV99Q6RX7JN5SH5C94GP0R', NULL, 'pset_01KRBV99Q6ETTQRN71PM8FDBZN', 'brl', '{"value": "920000", "precision": 20}', 0, '2026-05-11 15:42:55.718+00', '2026-05-11 15:42:55.718+00', NULL, NULL, 920000, NULL, NULL) ON CONFLICT DO NOTHING;
INSERT INTO public.price (id, title, price_set_id, currency_code, raw_amount, rules_count, created_at, updated_at, deleted_at, price_list_id, amount, min_quantity, max_quantity) VALUES ('price_01KRBV99SES90T0FADS4ZY1CKV', NULL, 'pset_01KRBV99SE96AB6SHYX4NG2FD8', 'brl', '{"value": "645000", "precision": 20}', 0, '2026-05-11 15:42:55.79+00', '2026-05-11 15:42:55.79+00', NULL, NULL, 645000, NULL, NULL) ON CONFLICT DO NOTHING;
INSERT INTO public.price (id, title, price_set_id, currency_code, raw_amount, rules_count, created_at, updated_at, deleted_at, price_list_id, amount, min_quantity, max_quantity) VALUES ('price_01KRBV99TH63JJVR1TX9KQH7BG', NULL, 'pset_01KRBV99TJEBDEF6WV4TYYPJ50', 'brl', '{"value": "680000", "precision": 20}', 0, '2026-05-11 15:42:55.826+00', '2026-05-11 15:42:55.826+00', NULL, NULL, 680000, NULL, NULL) ON CONFLICT DO NOTHING;
INSERT INTO public.price (id, title, price_set_id, currency_code, raw_amount, rules_count, created_at, updated_at, deleted_at, price_list_id, amount, min_quantity, max_quantity) VALUES ('price_01KRBV99VQD7AVDY5HSG8QH5G6', NULL, 'pset_01KRBV99VQYF091C06Z1ND3ZPB', 'brl', '{"value": "495000", "precision": 20}', 0, '2026-05-11 15:42:55.863+00', '2026-05-11 15:42:55.863+00', NULL, NULL, 495000, NULL, NULL) ON CONFLICT DO NOTHING;
INSERT INTO public.price (id, title, price_set_id, currency_code, raw_amount, rules_count, created_at, updated_at, deleted_at, price_list_id, amount, min_quantity, max_quantity) VALUES ('price_01KRBV99XWQRSBFMV5KJXHQCS7', NULL, 'pset_01KRBV99XWA57G8G5NNA055TCZ', 'brl', '{"value": "555000", "precision": 20}', 0, '2026-05-11 15:42:55.932+00', '2026-05-11 15:42:55.932+00', NULL, NULL, 555000, NULL, NULL) ON CONFLICT DO NOTHING;
INSERT INTO public.price (id, title, price_set_id, currency_code, raw_amount, rules_count, created_at, updated_at, deleted_at, price_list_id, amount, min_quantity, max_quantity) VALUES ('price_01KRBV99ZM97J90STZS9TJF455', NULL, 'pset_01KRBV99ZM6BJ8NK5KKSHCN5XJ', 'brl', '{"value": "380000", "precision": 20}', 0, '2026-05-11 15:42:55.988+00', '2026-05-11 15:42:55.988+00', NULL, NULL, 380000, NULL, NULL) ON CONFLICT DO NOTHING;
INSERT INTO public.price (id, title, price_set_id, currency_code, raw_amount, rules_count, created_at, updated_at, deleted_at, price_list_id, amount, min_quantity, max_quantity) VALUES ('price_01KRBV9A3TSMFZFCVVAE2DEJK7', NULL, 'pset_01KRBV9A3TP32696S85KBCS95K', 'brl', '{"value": "300000", "precision": 20}', 0, '2026-05-11 15:42:56.123+00', '2026-05-11 15:42:56.123+00', NULL, NULL, 300000, NULL, NULL) ON CONFLICT DO NOTHING;
INSERT INTO public.price (id, title, price_set_id, currency_code, raw_amount, rules_count, created_at, updated_at, deleted_at, price_list_id, amount, min_quantity, max_quantity) VALUES ('price_01KRBV9AD5F1WYD2RENFTV555E', NULL, 'pset_01KRBV9AD5P0XC8CSSSNBSG0E7', 'brl', '{"value": "825000", "precision": 20}', 0, '2026-05-11 15:42:56.421+00', '2026-05-11 15:42:56.421+00', NULL, NULL, 825000, NULL, NULL) ON CONFLICT DO NOTHING;
INSERT INTO public.price (id, title, price_set_id, currency_code, raw_amount, rules_count, created_at, updated_at, deleted_at, price_list_id, amount, min_quantity, max_quantity) VALUES ('price_01KRBV9AGZC56VAREYXBNVSB3R', NULL, 'pset_01KRBV9AGZ1DDQPPMWVFH32MZA', 'brl', '{"value": "350000", "precision": 20}', 0, '2026-05-11 15:42:56.543+00', '2026-05-11 15:42:56.543+00', NULL, NULL, 350000, NULL, NULL) ON CONFLICT DO NOTHING;
INSERT INTO public.price (id, title, price_set_id, currency_code, raw_amount, rules_count, created_at, updated_at, deleted_at, price_list_id, amount, min_quantity, max_quantity) VALUES ('price_01KRBV9AM5TY7E6GAVK421P85R', NULL, 'pset_01KRBV9AM5JD41655Y27FN1NSE', 'brl', '{"value": "560000", "precision": 20}', 0, '2026-05-11 15:42:56.645+00', '2026-05-11 15:42:56.645+00', NULL, NULL, 560000, NULL, NULL) ON CONFLICT DO NOTHING;
INSERT INTO public.price (id, title, price_set_id, currency_code, raw_amount, rules_count, created_at, updated_at, deleted_at, price_list_id, amount, min_quantity, max_quantity) VALUES ('price_01KRBV9AR09M5Z4DGECX8DR7S0', NULL, 'pset_01KRBV9AR0WFZANZ717VWVNJNQ', 'brl', '{"value": "665000", "precision": 20}', 0, '2026-05-11 15:42:56.768+00', '2026-05-11 15:42:56.768+00', NULL, NULL, 665000, NULL, NULL) ON CONFLICT DO NOTHING;
INSERT INTO public.price (id, title, price_set_id, currency_code, raw_amount, rules_count, created_at, updated_at, deleted_at, price_list_id, amount, min_quantity, max_quantity) VALUES ('price_01KRBV9A19X2NHBBAP6AAGRXYD', NULL, 'pset_01KRBV9A19B6NBNRJJ3SETQ52N', 'brl', '{"value": "630000", "precision": 20}', 0, '2026-05-11 15:42:56.041+00', '2026-05-11 15:42:56.041+00', NULL, NULL, 630000, NULL, NULL) ON CONFLICT DO NOTHING;
INSERT INTO public.price (id, title, price_set_id, currency_code, raw_amount, rules_count, created_at, updated_at, deleted_at, price_list_id, amount, min_quantity, max_quantity) VALUES ('price_01KRBV9A7YH7SS861BNNGP201M', NULL, 'pset_01KRBV9A7YFR9VZKE0FVWN3N0Q', 'brl', '{"value": "995000", "precision": 20}', 0, '2026-05-11 15:42:56.254+00', '2026-05-11 15:42:56.254+00', NULL, NULL, 995000, NULL, NULL) ON CONFLICT DO NOTHING;
INSERT INTO public.price (id, title, price_set_id, currency_code, raw_amount, rules_count, created_at, updated_at, deleted_at, price_list_id, amount, min_quantity, max_quantity) VALUES ('price_01KRBV9AB8855FA07FY59EGEE7', NULL, 'pset_01KRBV9AB81KDPSJV8JRNPSE2P', 'brl', '{"value": "375000", "precision": 20}', 0, '2026-05-11 15:42:56.361+00', '2026-05-11 15:42:56.361+00', NULL, NULL, 375000, NULL, NULL) ON CONFLICT DO NOTHING;
INSERT INTO public.price (id, title, price_set_id, currency_code, raw_amount, rules_count, created_at, updated_at, deleted_at, price_list_id, amount, min_quantity, max_quantity) VALUES ('price_01KRBV9AF4JWJAKJFW13B3GDJX', NULL, 'pset_01KRBV9AF4B66DC2SSW5W55N89', 'brl', '{"value": "740000", "precision": 20}', 0, '2026-05-11 15:42:56.484+00', '2026-05-11 15:42:56.484+00', NULL, NULL, 740000, NULL, NULL) ON CONFLICT DO NOTHING;
INSERT INTO public.price (id, title, price_set_id, currency_code, raw_amount, rules_count, created_at, updated_at, deleted_at, price_list_id, amount, min_quantity, max_quantity) VALUES ('price_01KRBV9AJCJ6MYPK49C20MN6AV', NULL, 'pset_01KRBV9AJCRV8JXC3MF5ZKD3VG', 'brl', '{"value": "260000", "precision": 20}', 0, '2026-05-11 15:42:56.588+00', '2026-05-11 15:42:56.588+00', NULL, NULL, 260000, NULL, NULL) ON CONFLICT DO NOTHING;
INSERT INTO public.price (id, title, price_set_id, currency_code, raw_amount, rules_count, created_at, updated_at, deleted_at, price_list_id, amount, min_quantity, max_quantity) VALUES ('price_01KRBV9APDBGNS60HE5TYZ3XWH', NULL, 'pset_01KRBV9APDX0FHY3MMRZTJVMWX', 'brl', '{"value": "875000", "precision": 20}', 0, '2026-05-11 15:42:56.717+00', '2026-05-11 15:42:56.717+00', NULL, NULL, 875000, NULL, NULL) ON CONFLICT DO NOTHING;
INSERT INTO public.price (id, title, price_set_id, currency_code, raw_amount, rules_count, created_at, updated_at, deleted_at, price_list_id, amount, min_quantity, max_quantity) VALUES ('price_01KRNSQBP392YZAMCHV5TRKR2V', NULL, 'pset_01KRNSQBP3PP4S41QAR1F56D4P', 'brl', '{"value": "430000", "precision": 20}', 0, '2026-05-15 12:28:03.651+00', '2026-05-15 12:28:03.651+00', NULL, NULL, 430000, NULL, NULL) ON CONFLICT DO NOTHING;
INSERT INTO public.price (id, title, price_set_id, currency_code, raw_amount, rules_count, created_at, updated_at, deleted_at, price_list_id, amount, min_quantity, max_quantity) VALUES ('price_01KRNSQBRZ70B0J8VWM98BB4KN', NULL, 'pset_01KRNSQBRZJWX0C9Y38QB2CQ45', 'brl', '{"value": "930000", "precision": 20}', 0, '2026-05-15 12:28:03.743+00', '2026-05-15 12:28:03.743+00', NULL, NULL, 930000, NULL, NULL) ON CONFLICT DO NOTHING;
INSERT INTO public.price (id, title, price_set_id, currency_code, raw_amount, rules_count, created_at, updated_at, deleted_at, price_list_id, amount, min_quantity, max_quantity) VALUES ('price_01KRNSQBWHPZFEKVM01DM7D8R7', NULL, 'pset_01KRNSQBWH18R5KHBFAXHE8P8A', 'brl', '{"value": "290000", "precision": 20}', 0, '2026-05-15 12:28:03.857+00', '2026-05-15 12:28:03.857+00', NULL, NULL, 290000, NULL, NULL) ON CONFLICT DO NOTHING;
INSERT INTO public.price (id, title, price_set_id, currency_code, raw_amount, rules_count, created_at, updated_at, deleted_at, price_list_id, amount, min_quantity, max_quantity) VALUES ('price_01KRNSQBYHAKEVTB7X5T7DZ6Y8', NULL, 'pset_01KRNSQBYHV8TXC8CQS5HHFX34', 'brl', '{"value": "320000", "precision": 20}', 0, '2026-05-15 12:28:03.921+00', '2026-05-15 12:28:03.921+00', NULL, NULL, 320000, NULL, NULL) ON CONFLICT DO NOTHING;
INSERT INTO public.price (id, title, price_set_id, currency_code, raw_amount, rules_count, created_at, updated_at, deleted_at, price_list_id, amount, min_quantity, max_quantity) VALUES ('price_01KRNSQBZPA99R4FG5T7W2BARB', NULL, 'pset_01KRNSQBZP7QQGFRD1KDVRCN72', 'brl', '{"value": "435000", "precision": 20}', 0, '2026-05-15 12:28:03.959+00', '2026-05-15 12:28:03.959+00', NULL, NULL, 435000, NULL, NULL) ON CONFLICT DO NOTHING;
INSERT INTO public.price (id, title, price_set_id, currency_code, raw_amount, rules_count, created_at, updated_at, deleted_at, price_list_id, amount, min_quantity, max_quantity) VALUES ('price_01KRNSQC0VRZZ919SCKHMFQWDS', NULL, 'pset_01KRNSQC0V4BD89J7V4BBTAWZ1', 'brl', '{"value": "425000", "precision": 20}', 0, '2026-05-15 12:28:03.995+00', '2026-05-15 12:28:03.995+00', NULL, NULL, 425000, NULL, NULL) ON CONFLICT DO NOTHING;
INSERT INTO public.price (id, title, price_set_id, currency_code, raw_amount, rules_count, created_at, updated_at, deleted_at, price_list_id, amount, min_quantity, max_quantity) VALUES ('price_01KRNSQC2J5N99G9RPV369ZR7Y', NULL, 'pset_01KRNSQC2JEJJWJM0RW1G3B72B', 'brl', '{"value": "425000", "precision": 20}', 0, '2026-05-15 12:28:04.05+00', '2026-05-15 12:28:04.05+00', NULL, NULL, 425000, NULL, NULL) ON CONFLICT DO NOTHING;
INSERT INTO public.price (id, title, price_set_id, currency_code, raw_amount, rules_count, created_at, updated_at, deleted_at, price_list_id, amount, min_quantity, max_quantity) VALUES ('price_01KRNSQC3R2MCJGF5355MZH871', NULL, 'pset_01KRNSQC3RFHPJTMEGMC2Z4H20', 'brl', '{"value": "475000", "precision": 20}', 0, '2026-05-15 12:28:04.088+00', '2026-05-15 12:28:04.088+00', NULL, NULL, 475000, NULL, NULL) ON CONFLICT DO NOTHING;
INSERT INTO public.price (id, title, price_set_id, currency_code, raw_amount, rules_count, created_at, updated_at, deleted_at, price_list_id, amount, min_quantity, max_quantity) VALUES ('price_01KRNSQC52Q1Z85NQC84S844AQ', NULL, 'pset_01KRNSQC52M160N8HFD35WV67G', 'brl', '{"value": "400000", "precision": 20}', 0, '2026-05-15 12:28:04.13+00', '2026-05-15 12:28:04.13+00', NULL, NULL, 400000, NULL, NULL) ON CONFLICT DO NOTHING;
INSERT INTO public.price (id, title, price_set_id, currency_code, raw_amount, rules_count, created_at, updated_at, deleted_at, price_list_id, amount, min_quantity, max_quantity) VALUES ('price_01KRNSQC65NNKXMGJE841X73R5', NULL, 'pset_01KRNSQC65EN813ZGPYHJ99WRS', 'brl', '{"value": "770000", "precision": 20}', 0, '2026-05-15 12:28:04.166+00', '2026-05-15 12:28:04.166+00', NULL, NULL, 770000, NULL, NULL) ON CONFLICT DO NOTHING;
INSERT INTO public.price (id, title, price_set_id, currency_code, raw_amount, rules_count, created_at, updated_at, deleted_at, price_list_id, amount, min_quantity, max_quantity) VALUES ('price_01KRNSQC7D8SSQMTBEXTMAQFXD', NULL, 'pset_01KRNSQC7DFXGTFX8T262PC390', 'brl', '{"value": "725000", "precision": 20}', 0, '2026-05-15 12:28:04.205+00', '2026-05-15 12:28:04.205+00', NULL, NULL, 725000, NULL, NULL) ON CONFLICT DO NOTHING;
INSERT INTO public.price (id, title, price_set_id, currency_code, raw_amount, rules_count, created_at, updated_at, deleted_at, price_list_id, amount, min_quantity, max_quantity) VALUES ('price_01KRNSQC8H331V5EGPB83PMF8N', NULL, 'pset_01KRNSQC8H1ZRJ3VDEK5M6BRF6', 'brl', '{"value": "535000", "precision": 20}', 0, '2026-05-15 12:28:04.241+00', '2026-05-15 12:28:04.241+00', NULL, NULL, 535000, NULL, NULL) ON CONFLICT DO NOTHING;
INSERT INTO public.price (id, title, price_set_id, currency_code, raw_amount, rules_count, created_at, updated_at, deleted_at, price_list_id, amount, min_quantity, max_quantity) VALUES ('price_01KRNSQC9KHP08GXEEDBJEQ0G2', NULL, 'pset_01KRNSQC9K8HQGAFRHCW9MWP6G', 'brl', '{"value": "225000", "precision": 20}', 0, '2026-05-15 12:28:04.276+00', '2026-05-15 12:28:04.276+00', NULL, NULL, 225000, NULL, NULL) ON CONFLICT DO NOTHING;
INSERT INTO public.price (id, title, price_set_id, currency_code, raw_amount, rules_count, created_at, updated_at, deleted_at, price_list_id, amount, min_quantity, max_quantity) VALUES ('price_01KRNSQCAYKJMZSFE0H3FRTZQH', NULL, 'pset_01KRNSQCAYNAE2TWY891NGG5WE', 'brl', '{"value": "540000", "precision": 20}', 0, '2026-05-15 12:28:04.318+00', '2026-05-15 12:28:04.318+00', NULL, NULL, 540000, NULL, NULL) ON CONFLICT DO NOTHING;
INSERT INTO public.price (id, title, price_set_id, currency_code, raw_amount, rules_count, created_at, updated_at, deleted_at, price_list_id, amount, min_quantity, max_quantity) VALUES ('price_01KRNSQCC3M41BMQ03442K2855', NULL, 'pset_01KRNSQCC3MEWX3XQFY1QMDYMM', 'brl', '{"value": "965000", "precision": 20}', 0, '2026-05-15 12:28:04.355+00', '2026-05-15 12:28:04.355+00', NULL, NULL, 965000, NULL, NULL) ON CONFLICT DO NOTHING;
INSERT INTO public.price (id, title, price_set_id, currency_code, raw_amount, rules_count, created_at, updated_at, deleted_at, price_list_id, amount, min_quantity, max_quantity) VALUES ('price_01KRNSQCEP6TR05SD0Q95XGZHD', NULL, 'pset_01KRNSQCEP5MWAH454R321FHC4', 'brl', '{"value": "795000", "precision": 20}', 0, '2026-05-15 12:28:04.438+00', '2026-05-15 12:28:04.438+00', NULL, NULL, 795000, NULL, NULL) ON CONFLICT DO NOTHING;
INSERT INTO public.price (id, title, price_set_id, currency_code, raw_amount, rules_count, created_at, updated_at, deleted_at, price_list_id, amount, min_quantity, max_quantity) VALUES ('price_01KRNSQCG4XAA3Z9PHEHFZWZBK', NULL, 'pset_01KRNSQCG4RKYAVK83SF98DHEF', 'brl', '{"value": "990000", "precision": 20}', 0, '2026-05-15 12:28:04.484+00', '2026-05-15 12:28:04.484+00', NULL, NULL, 990000, NULL, NULL) ON CONFLICT DO NOTHING;
INSERT INTO public.price (id, title, price_set_id, currency_code, raw_amount, rules_count, created_at, updated_at, deleted_at, price_list_id, amount, min_quantity, max_quantity) VALUES ('price_01KRNSQCH7VE4NKJGT1KGVGZAW', NULL, 'pset_01KRNSQCH7RXZJHD7B76H3NZYZ', 'brl', '{"value": "950000", "precision": 20}', 0, '2026-05-15 12:28:04.519+00', '2026-05-15 12:28:04.519+00', NULL, NULL, 950000, NULL, NULL) ON CONFLICT DO NOTHING;
INSERT INTO public.price (id, title, price_set_id, currency_code, raw_amount, rules_count, created_at, updated_at, deleted_at, price_list_id, amount, min_quantity, max_quantity) VALUES ('price_01KRNSQCJ8FTKNGB1VY7J64ZCH', NULL, 'pset_01KRNSQCJ8G7CAV9BBYH4BQEE4', 'brl', '{"value": "275000", "precision": 20}', 0, '2026-05-15 12:28:04.552+00', '2026-05-15 12:28:04.552+00', NULL, NULL, 275000, NULL, NULL) ON CONFLICT DO NOTHING;
INSERT INTO public.price (id, title, price_set_id, currency_code, raw_amount, rules_count, created_at, updated_at, deleted_at, price_list_id, amount, min_quantity, max_quantity) VALUES ('price_01KRNSQCKBTZZQN7E9YN52H4GD', NULL, 'pset_01KRNSQCKBW68JJ6KY3VANS74G', 'brl', '{"value": "210000", "precision": 20}', 0, '2026-05-15 12:28:04.587+00', '2026-05-15 12:28:04.587+00', NULL, NULL, 210000, NULL, NULL) ON CONFLICT DO NOTHING;
INSERT INTO public.price (id, title, price_set_id, currency_code, raw_amount, rules_count, created_at, updated_at, deleted_at, price_list_id, amount, min_quantity, max_quantity) VALUES ('price_01KRNSQCMMX3TM6D07X9J9GC5N', NULL, 'pset_01KRNSQCMMEXM0TP0QKK82VQ40', 'brl', '{"value": "290000", "precision": 20}', 0, '2026-05-15 12:28:04.628+00', '2026-05-15 12:28:04.628+00', NULL, NULL, 290000, NULL, NULL) ON CONFLICT DO NOTHING;
INSERT INTO public.price (id, title, price_set_id, currency_code, raw_amount, rules_count, created_at, updated_at, deleted_at, price_list_id, amount, min_quantity, max_quantity) VALUES ('price_01KRNSQCP7J86PHMB4N4KYPRV5', NULL, 'pset_01KRNSQCP70MP8PZ1TJJMK6TB4', 'brl', '{"value": "585000", "precision": 20}', 0, '2026-05-15 12:28:04.679+00', '2026-05-15 12:28:04.679+00', NULL, NULL, 585000, NULL, NULL) ON CONFLICT DO NOTHING;
INSERT INTO public.price (id, title, price_set_id, currency_code, raw_amount, rules_count, created_at, updated_at, deleted_at, price_list_id, amount, min_quantity, max_quantity) VALUES ('price_01KRNSQCQ8E62135QSBBG9Q11P', NULL, 'pset_01KRNSQCQ85Z2AJBGAG7PBFAAB', 'brl', '{"value": "920000", "precision": 20}', 0, '2026-05-15 12:28:04.712+00', '2026-05-15 12:28:04.712+00', NULL, NULL, 920000, NULL, NULL) ON CONFLICT DO NOTHING;
INSERT INTO public.price (id, title, price_set_id, currency_code, raw_amount, rules_count, created_at, updated_at, deleted_at, price_list_id, amount, min_quantity, max_quantity) VALUES ('price_01KRNSQCREG3ZAMKVN2AJF93SF', NULL, 'pset_01KRNSQCREF75NNWHHHK3M72RC', 'brl', '{"value": "645000", "precision": 20}', 0, '2026-05-15 12:28:04.75+00', '2026-05-15 12:28:04.75+00', NULL, NULL, 645000, NULL, NULL) ON CONFLICT DO NOTHING;
INSERT INTO public.price (id, title, price_set_id, currency_code, raw_amount, rules_count, created_at, updated_at, deleted_at, price_list_id, amount, min_quantity, max_quantity) VALUES ('price_01KRNSQCSEZXCBHG0AY52K9FN7', NULL, 'pset_01KRNSQCSEYNEMX3SRWREHXZ0P', 'brl', '{"value": "680000", "precision": 20}', 0, '2026-05-15 12:28:04.782+00', '2026-05-15 12:28:04.782+00', NULL, NULL, 680000, NULL, NULL) ON CONFLICT DO NOTHING;
INSERT INTO public.price (id, title, price_set_id, currency_code, raw_amount, rules_count, created_at, updated_at, deleted_at, price_list_id, amount, min_quantity, max_quantity) VALUES ('price_01KRNSQCTH9SA6H7BB0G48RETR', NULL, 'pset_01KRNSQCTH14KF3ZRQHZQXW1ZY', 'brl', '{"value": "495000", "precision": 20}', 0, '2026-05-15 12:28:04.818+00', '2026-05-15 12:28:04.818+00', NULL, NULL, 495000, NULL, NULL) ON CONFLICT DO NOTHING;
INSERT INTO public.price (id, title, price_set_id, currency_code, raw_amount, rules_count, created_at, updated_at, deleted_at, price_list_id, amount, min_quantity, max_quantity) VALUES ('price_01KRNSQCVPGJEVYT1JBS049VPP', NULL, 'pset_01KRNSQCVPX7M7D8G2NVASD515', 'brl', '{"value": "555000", "precision": 20}', 0, '2026-05-15 12:28:04.854+00', '2026-05-15 12:28:04.854+00', NULL, NULL, 555000, NULL, NULL) ON CONFLICT DO NOTHING;
INSERT INTO public.price (id, title, price_set_id, currency_code, raw_amount, rules_count, created_at, updated_at, deleted_at, price_list_id, amount, min_quantity, max_quantity) VALUES ('price_01KRNSQCWSPGNN2M6SPBGJQ6QV', NULL, 'pset_01KRNSQCWSSF2C4AK2Z4JM5Z1Y', 'brl', '{"value": "380000", "precision": 20}', 0, '2026-05-15 12:28:04.889+00', '2026-05-15 12:28:04.889+00', NULL, NULL, 380000, NULL, NULL) ON CONFLICT DO NOTHING;
INSERT INTO public.price (id, title, price_set_id, currency_code, raw_amount, rules_count, created_at, updated_at, deleted_at, price_list_id, amount, min_quantity, max_quantity) VALUES ('price_01KRNSQCYQWCJMRYW5VNN0DK0C', NULL, 'pset_01KRNSQCYQD64MD5MZQCKMMX7R', 'brl', '{"value": "630000", "precision": 20}', 0, '2026-05-15 12:28:04.951+00', '2026-05-15 12:28:04.951+00', NULL, NULL, 630000, NULL, NULL) ON CONFLICT DO NOTHING;
INSERT INTO public.price (id, title, price_set_id, currency_code, raw_amount, rules_count, created_at, updated_at, deleted_at, price_list_id, amount, min_quantity, max_quantity) VALUES ('price_01KRNSQD02HZQQ17Q7SAVRWWHS', NULL, 'pset_01KRNSQD02P1RSC5WTCVHM8G7B', 'brl', '{"value": "300000", "precision": 20}', 0, '2026-05-15 12:28:04.994+00', '2026-05-15 12:28:04.994+00', NULL, NULL, 300000, NULL, NULL) ON CONFLICT DO NOTHING;
INSERT INTO public.price (id, title, price_set_id, currency_code, raw_amount, rules_count, created_at, updated_at, deleted_at, price_list_id, amount, min_quantity, max_quantity) VALUES ('price_01KRNSQD2BFJ9XTDJ6WYQEDZWM', NULL, 'pset_01KRNSQD2BDX81S8KPBB74H2PN', 'brl', '{"value": "995000", "precision": 20}', 0, '2026-05-15 12:28:05.068+00', '2026-05-15 12:28:05.068+00', NULL, NULL, 995000, NULL, NULL) ON CONFLICT DO NOTHING;
INSERT INTO public.price (id, title, price_set_id, currency_code, raw_amount, rules_count, created_at, updated_at, deleted_at, price_list_id, amount, min_quantity, max_quantity) VALUES ('price_01KRNSQD3RP3A696SX3S8BD08Z', NULL, 'pset_01KRNSQD3R6BBKQK2C08P1ARFJ', 'brl', '{"value": "375000", "precision": 20}', 0, '2026-05-15 12:28:05.112+00', '2026-05-15 12:28:05.112+00', NULL, NULL, 375000, NULL, NULL) ON CONFLICT DO NOTHING;
INSERT INTO public.price (id, title, price_set_id, currency_code, raw_amount, rules_count, created_at, updated_at, deleted_at, price_list_id, amount, min_quantity, max_quantity) VALUES ('price_01KRNSQD51JTD7T5PQ10QRKFM2', NULL, 'pset_01KRNSQD51HX6Q833A3HQ55SR8', 'brl', '{"value": "825000", "precision": 20}', 0, '2026-05-15 12:28:05.153+00', '2026-05-15 12:28:05.153+00', NULL, NULL, 825000, NULL, NULL) ON CONFLICT DO NOTHING;
INSERT INTO public.price (id, title, price_set_id, currency_code, raw_amount, rules_count, created_at, updated_at, deleted_at, price_list_id, amount, min_quantity, max_quantity) VALUES ('price_01KRNSQD6CKBHJ0Z16T2BEXMS6', NULL, 'pset_01KRNSQD6CE20Y7H10VK6BSEGK', 'brl', '{"value": "740000", "precision": 20}', 0, '2026-05-15 12:28:05.196+00', '2026-05-15 12:28:05.196+00', NULL, NULL, 740000, NULL, NULL) ON CONFLICT DO NOTHING;
INSERT INTO public.price (id, title, price_set_id, currency_code, raw_amount, rules_count, created_at, updated_at, deleted_at, price_list_id, amount, min_quantity, max_quantity) VALUES ('price_01KRNSQDCX6AZ0K49F57F8QJ3B', NULL, 'pset_01KRNSQDCXD3Y26THKWT8YTES1', 'brl', '{"value": "350000", "precision": 20}', 0, '2026-05-15 12:28:05.406+00', '2026-05-15 12:28:05.406+00', NULL, NULL, 350000, NULL, NULL) ON CONFLICT DO NOTHING;
INSERT INTO public.price (id, title, price_set_id, currency_code, raw_amount, rules_count, created_at, updated_at, deleted_at, price_list_id, amount, min_quantity, max_quantity) VALUES ('price_01KRNSQDH4DPS0MF9KTZMQNZG1', NULL, 'pset_01KRNSQDH4BVRM7KGVEYAZ9KPY', 'brl', '{"value": "260000", "precision": 20}', 0, '2026-05-15 12:28:05.54+00', '2026-05-15 12:28:05.54+00', NULL, NULL, 260000, NULL, NULL) ON CONFLICT DO NOTHING;
INSERT INTO public.price (id, title, price_set_id, currency_code, raw_amount, rules_count, created_at, updated_at, deleted_at, price_list_id, amount, min_quantity, max_quantity) VALUES ('price_01KRNSQDJV04V8WG6MBEKTPJFS', NULL, 'pset_01KRNSQDJVYTBHHABBWXTE85N8', 'brl', '{"value": "560000", "precision": 20}', 0, '2026-05-15 12:28:05.595+00', '2026-05-15 12:28:05.595+00', NULL, NULL, 560000, NULL, NULL) ON CONFLICT DO NOTHING;
INSERT INTO public.price (id, title, price_set_id, currency_code, raw_amount, rules_count, created_at, updated_at, deleted_at, price_list_id, amount, min_quantity, max_quantity) VALUES ('price_01KRNSQDNV0HTJT4EPMP6M41V1', NULL, 'pset_01KRNSQDNXZ713XRGHTPRTGZ50', 'brl', '{"value": "875000", "precision": 20}', 0, '2026-05-15 12:28:05.693+00', '2026-05-15 12:28:05.693+00', NULL, NULL, 875000, NULL, NULL) ON CONFLICT DO NOTHING;
INSERT INTO public.price (id, title, price_set_id, currency_code, raw_amount, rules_count, created_at, updated_at, deleted_at, price_list_id, amount, min_quantity, max_quantity) VALUES ('price_01KRNSQDS13THQ40VA8MG2VSZD', NULL, 'pset_01KRNSQDS2GDARY7R10VCWB0M9', 'brl', '{"value": "665000", "precision": 20}', 0, '2026-05-15 12:28:05.794+00', '2026-05-15 12:28:05.794+00', NULL, NULL, 665000, NULL, NULL) ON CONFLICT DO NOTHING;


ALTER TABLE public.price ENABLE TRIGGER ALL;

--
-- Data for Name: price_list_rule; Type: TABLE DATA; Schema: public; Owner: -
--

ALTER TABLE public.price_list_rule DISABLE TRIGGER ALL;



ALTER TABLE public.price_list_rule ENABLE TRIGGER ALL;

--
-- Data for Name: price_preference; Type: TABLE DATA; Schema: public; Owner: -
--

ALTER TABLE public.price_preference DISABLE TRIGGER ALL;

INSERT INTO public.price_preference (id, attribute, value, is_tax_inclusive, created_at, updated_at, deleted_at) VALUES ('prpref_01KQNRA1PS37QT31X02K69HX49', 'currency_code', 'eur', false, '2026-05-03 01:47:37.049+00', '2026-05-03 01:47:37.049+00', NULL) ON CONFLICT DO NOTHING;
INSERT INTO public.price_preference (id, attribute, value, is_tax_inclusive, created_at, updated_at, deleted_at) VALUES ('prpref_01KQNRBAKM1XWZ9YP2HYGXG65D', 'currency_code', 'usd', false, '2026-05-03 01:48:18.932+00', '2026-05-03 01:48:18.932+00', NULL) ON CONFLICT DO NOTHING;
INSERT INTO public.price_preference (id, attribute, value, is_tax_inclusive, created_at, updated_at, deleted_at) VALUES ('prpref_01KQNRBAMAY19M0TYQ055GJF6B', 'region_id', 'reg_01KQNRBAKVCM3EY946Y004C850', false, '2026-05-03 01:48:18.954+00', '2026-05-03 01:48:18.954+00', NULL) ON CONFLICT DO NOTHING;
INSERT INTO public.price_preference (id, attribute, value, is_tax_inclusive, created_at, updated_at, deleted_at) VALUES ('prpref_01KQNRBAMAC9FTRF47D1E6DDG6', 'region_id', 'reg_01KQNRBAKVX5S2J9N16GG778VN', false, '2026-05-03 01:48:18.954+00', '2026-05-03 01:48:18.954+00', NULL) ON CONFLICT DO NOTHING;
INSERT INTO public.price_preference (id, attribute, value, is_tax_inclusive, created_at, updated_at, deleted_at) VALUES ('prpref_01KRBV94SA9M4MZMFQ9GP5EQXN', 'currency_code', 'brl', false, '2026-05-11 15:42:50.666+00', '2026-05-11 15:42:50.666+00', NULL) ON CONFLICT DO NOTHING;
INSERT INTO public.price_preference (id, attribute, value, is_tax_inclusive, created_at, updated_at, deleted_at) VALUES ('prpref_01KRBV94VDG4EVPTWKRYCVGKTY', 'region_id', 'reg_01KRBV94T02V3YEHH55HGMREVE', false, '2026-05-11 15:42:50.733+00', '2026-05-11 15:42:50.734+00', NULL) ON CONFLICT DO NOTHING;


ALTER TABLE public.price_preference ENABLE TRIGGER ALL;

--
-- Data for Name: price_rule; Type: TABLE DATA; Schema: public; Owner: -
--

ALTER TABLE public.price_rule DISABLE TRIGGER ALL;

INSERT INTO public.price_rule (id, value, priority, price_id, created_at, updated_at, deleted_at, attribute, operator) VALUES ('prule_01KQNRBAP3K5W829H0QZAG5KQD', 'reg_01KQNRBAKVCM3EY946Y004C850', 0, 'price_01KQNRBAP31JRZ97SFET7Q6K5Q', '2026-05-03 01:48:19.012+00', '2026-05-03 01:48:19.012+00', NULL, 'region_id', 'eq') ON CONFLICT DO NOTHING;
INSERT INTO public.price_rule (id, value, priority, price_id, created_at, updated_at, deleted_at, attribute, operator) VALUES ('prule_01KQNRBAP3Q6VX35G2J2Z6GSZC', 'reg_01KQNRBAKVX5S2J9N16GG778VN', 0, 'price_01KQNRBAP3GSBMPSB1CMCQJ4AV', '2026-05-03 01:48:19.012+00', '2026-05-03 01:48:19.012+00', NULL, 'region_id', 'eq') ON CONFLICT DO NOTHING;
INSERT INTO public.price_rule (id, value, priority, price_id, created_at, updated_at, deleted_at, attribute, operator) VALUES ('prule_01KQNRBAP37AGG1NQHY6V5BXCX', 'reg_01KQNRBAKVCM3EY946Y004C850', 0, 'price_01KQNRBAP39B38W6B5JYBCSXG9', '2026-05-03 01:48:19.012+00', '2026-05-03 01:48:19.012+00', NULL, 'region_id', 'eq') ON CONFLICT DO NOTHING;
INSERT INTO public.price_rule (id, value, priority, price_id, created_at, updated_at, deleted_at, attribute, operator) VALUES ('prule_01KQNRBAP3RENP041PFZYBJ18S', 'reg_01KQNRBAKVX5S2J9N16GG778VN', 0, 'price_01KQNRBAP3PK3CDWMH1PJCEKVV', '2026-05-03 01:48:19.012+00', '2026-05-03 01:48:19.012+00', NULL, 'region_id', 'eq') ON CONFLICT DO NOTHING;
INSERT INTO public.price_rule (id, value, priority, price_id, created_at, updated_at, deleted_at, attribute, operator) VALUES ('prule_01KRBB56MVGZAE2GJ320DP9VQX', 'reg_01KQNRBAKVX5S2J9N16GG778VN', 0, 'price_01KRBB56MVKGHS94C2XQFHY7QC', '2026-05-11 11:01:04.284+00', '2026-05-11 11:01:04.284+00', NULL, 'region_id', 'eq') ON CONFLICT DO NOTHING;


ALTER TABLE public.price_rule ENABLE TRIGGER ALL;

--
-- Data for Name: product_category; Type: TABLE DATA; Schema: public; Owner: -
--

ALTER TABLE public.product_category DISABLE TRIGGER ALL;

INSERT INTO public.product_category (id, name, description, handle, mpath, is_active, is_internal, rank, parent_category_id, created_at, updated_at, deleted_at, metadata) VALUES ('pcat_01KQNRBAQ55WDPWVK31CHPTM61', 'Apparel', '', 'apparel', 'pcat_01KQNRBAQ55WDPWVK31CHPTM61', true, false, 0, NULL, '2026-05-03 01:48:19.045+00', '2026-05-03 01:48:19.045+00', NULL, NULL) ON CONFLICT DO NOTHING;
INSERT INTO public.product_category (id, name, description, handle, mpath, is_active, is_internal, rank, parent_category_id, created_at, updated_at, deleted_at, metadata) VALUES ('pcat_01KQNRBAQ5F137W9WZBNA7A2ZH', 'Electronics', '', 'electronics', 'pcat_01KQNRBAQ5F137W9WZBNA7A2ZH', true, false, 1, NULL, '2026-05-03 01:48:19.045+00', '2026-05-03 01:48:19.045+00', NULL, NULL) ON CONFLICT DO NOTHING;
INSERT INTO public.product_category (id, name, description, handle, mpath, is_active, is_internal, rank, parent_category_id, created_at, updated_at, deleted_at, metadata) VALUES ('pcat_01KQNRBAQ5V8WWCK60NAW1A222', 'Home & Garden', '', 'home-&-garden', 'pcat_01KQNRBAQ5V8WWCK60NAW1A222', true, false, 2, NULL, '2026-05-03 01:48:19.045+00', '2026-05-03 01:48:19.045+00', NULL, NULL) ON CONFLICT DO NOTHING;


ALTER TABLE public.product_category ENABLE TRIGGER ALL;

--
-- Data for Name: product_category_product; Type: TABLE DATA; Schema: public; Owner: -
--

ALTER TABLE public.product_category_product DISABLE TRIGGER ALL;



ALTER TABLE public.product_category_product ENABLE TRIGGER ALL;

--
-- Data for Name: product_option; Type: TABLE DATA; Schema: public; Owner: -
--

ALTER TABLE public.product_option DISABLE TRIGGER ALL;

INSERT INTO public.product_option (id, title, product_id, metadata, created_at, updated_at, deleted_at) VALUES ('opt_01KRNSQBM1Q42S3DFH3PDC3TE8', 'Plano', 'prod_01KRNSQBKZJRY3PMWV07MAVKEV', NULL, '2026-05-15 12:28:03.585+00', '2026-05-15 12:28:03.585+00', NULL) ON CONFLICT DO NOTHING;
INSERT INTO public.product_option (id, title, product_id, metadata, created_at, updated_at, deleted_at) VALUES ('opt_01KRNSQBQW5BJJFN1T2475JGKF', 'Plano', 'prod_01KRNSQBQWDX5Q71H2DJSK00V9', NULL, '2026-05-15 12:28:03.709+00', '2026-05-15 12:28:03.709+00', NULL) ON CONFLICT DO NOTHING;
INSERT INTO public.product_option (id, title, product_id, metadata, created_at, updated_at, deleted_at) VALUES ('opt_01KRNSQBTRA9EYAJQ6ZAYSP0X1', 'Plano', 'prod_01KRNSQBTRJ7VDZJRA9FZZA776', NULL, '2026-05-15 12:28:03.801+00', '2026-05-15 12:28:03.801+00', NULL) ON CONFLICT DO NOTHING;
INSERT INTO public.product_option (id, title, product_id, metadata, created_at, updated_at, deleted_at) VALUES ('opt_01KRNSQBXVT2EZKPH2Y411PBPR', 'Plano', 'prod_01KRNSQBXVM9E010A6HMPKWANJ', NULL, '2026-05-15 12:28:03.899+00', '2026-05-15 12:28:03.899+00', NULL) ON CONFLICT DO NOTHING;
INSERT INTO public.product_option (id, title, product_id, metadata, created_at, updated_at, deleted_at) VALUES ('opt_01KRNSQBZ31Z3Y3KN1A0M2VA6V', 'Plano', 'prod_01KRNSQBZ223ZK21DV2RVAR25S', NULL, '2026-05-15 12:28:03.939+00', '2026-05-15 12:28:03.939+00', NULL) ON CONFLICT DO NOTHING;
INSERT INTO public.product_option (id, title, product_id, metadata, created_at, updated_at, deleted_at) VALUES ('opt_01KRNSQC08C89KMSG1V9EE1TVN', 'Plano', 'prod_01KRNSQC07HDVW24JB2KFD1YQE', NULL, '2026-05-15 12:28:03.976+00', '2026-05-15 12:28:03.976+00', NULL) ON CONFLICT DO NOTHING;
INSERT INTO public.product_option (id, title, product_id, metadata, created_at, updated_at, deleted_at) VALUES ('opt_01KRNSQC1HECW2WKVFT6W1Y1VH', 'Plano', 'prod_01KRNSQC1G8MVTF3FZ92XTNWHH', NULL, '2026-05-15 12:28:04.017+00', '2026-05-15 12:28:04.017+00', NULL) ON CONFLICT DO NOTHING;
INSERT INTO public.product_option (id, title, product_id, metadata, created_at, updated_at, deleted_at) VALUES ('opt_01KRNSQC35Y1EM09Q878VSE5D3', 'Plano', 'prod_01KRNSQC351254WDSB681S4R2Y', NULL, '2026-05-15 12:28:04.069+00', '2026-05-15 12:28:04.069+00', NULL) ON CONFLICT DO NOTHING;
INSERT INTO public.product_option (id, title, product_id, metadata, created_at, updated_at, deleted_at) VALUES ('opt_01KRNSQC4DERM1BYM69XH07C6C', 'Plano', 'prod_01KRNSQC4D6JHJV7GJVTHX8T7E', NULL, '2026-05-15 12:28:04.109+00', '2026-05-15 12:28:04.109+00', NULL) ON CONFLICT DO NOTHING;
INSERT INTO public.product_option (id, title, product_id, metadata, created_at, updated_at, deleted_at) VALUES ('opt_01KRNSQC5JDXW7Z6J5SKB3BZ9B', 'Plano', 'prod_01KRNSQC5JETE0XT40GVX19BRW', NULL, '2026-05-15 12:28:04.147+00', '2026-05-15 12:28:04.147+00', NULL) ON CONFLICT DO NOTHING;
INSERT INTO public.product_option (id, title, product_id, metadata, created_at, updated_at, deleted_at) VALUES ('opt_01KRNSQC6SKWPDDG09QD92GH58', 'Plano', 'prod_01KRNSQC6S1GHA149S77ZM9YXQ', NULL, '2026-05-15 12:28:04.185+00', '2026-05-15 12:28:04.185+00', NULL) ON CONFLICT DO NOTHING;
INSERT INTO public.product_option (id, title, product_id, metadata, created_at, updated_at, deleted_at) VALUES ('opt_01KRNSQC7XFWP58BC0G192JX9R', 'Plano', 'prod_01KRNSQC7XBMZ52NB0BW430SAP', NULL, '2026-05-15 12:28:04.222+00', '2026-05-15 12:28:04.222+00', NULL) ON CONFLICT DO NOTHING;
INSERT INTO public.product_option (id, title, product_id, metadata, created_at, updated_at, deleted_at) VALUES ('opt_01KRNSQC9251SKHXV38T45BZ3B', 'Plano', 'prod_01KRNSQC91T059MEKK2H3P1Q1H', NULL, '2026-05-15 12:28:04.258+00', '2026-05-15 12:28:04.258+00', NULL) ON CONFLICT DO NOTHING;
INSERT INTO public.product_option (id, title, product_id, metadata, created_at, updated_at, deleted_at) VALUES ('opt_01KRNSQCA98B00TQA9SENSZAXY', 'Plano', 'prod_01KRNSQCA9D2ZQXQPH986KNARS', NULL, '2026-05-15 12:28:04.297+00', '2026-05-15 12:28:04.297+00', NULL) ON CONFLICT DO NOTHING;
INSERT INTO public.product_option (id, title, product_id, metadata, created_at, updated_at, deleted_at) VALUES ('opt_01KRNSQCBGQTB5FWMM71MZ7NJT', 'Plano', 'prod_01KRNSQCBFMBXF08AB1Z2EB6XE', NULL, '2026-05-15 12:28:04.336+00', '2026-05-15 12:28:04.336+00', NULL) ON CONFLICT DO NOTHING;
INSERT INTO public.product_option (id, title, product_id, metadata, created_at, updated_at, deleted_at) VALUES ('opt_01KRNSQCCY0E9DGK4M59VFJD7M', 'Plano', 'prod_01KRNSQCCYAAN5E41XBQV7SABC', NULL, '2026-05-15 12:28:04.382+00', '2026-05-15 12:28:04.382+00', NULL) ON CONFLICT DO NOTHING;
INSERT INTO public.product_option (id, title, product_id, metadata, created_at, updated_at, deleted_at) VALUES ('opt_01KRNSQCFGDDNZJ1NFEC534C9N', 'Plano', 'prod_01KRNSQCFG5CE0JWK0T524EPW8', NULL, '2026-05-15 12:28:04.464+00', '2026-05-15 12:28:04.464+00', NULL) ON CONFLICT DO NOTHING;
INSERT INTO public.product_option (id, title, product_id, metadata, created_at, updated_at, deleted_at) VALUES ('opt_01KRNSQCGK889KG9KG3DF454SK', 'Plano', 'prod_01KRNSQCGK1XVNWM462E6DX362', NULL, '2026-05-15 12:28:04.499+00', '2026-05-15 12:28:04.499+00', NULL) ON CONFLICT DO NOTHING;
INSERT INTO public.product_option (id, title, product_id, metadata, created_at, updated_at, deleted_at) VALUES ('opt_01KRNSQCHP6V59TE67RH7WMKZA', 'Plano', 'prod_01KRNSQCHNGY2WR10TNQRT9NND', NULL, '2026-05-15 12:28:04.534+00', '2026-05-15 12:28:04.534+00', NULL) ON CONFLICT DO NOTHING;
INSERT INTO public.product_option (id, title, product_id, metadata, created_at, updated_at, deleted_at) VALUES ('opt_01KRNSQCJVGZNACRJQ46CSET0P', 'Plano', 'prod_01KRNSQCJV08C6MC82KFY7WEM4', NULL, '2026-05-15 12:28:04.571+00', '2026-05-15 12:28:04.571+00', NULL) ON CONFLICT DO NOTHING;
INSERT INTO public.product_option (id, title, product_id, metadata, created_at, updated_at, deleted_at) VALUES ('opt_01KRNSQCKYNFA3C3QRKZBK5VBA', 'Plano', 'prod_01KRNSQCKYQFWCW178RPVBX8PE', NULL, '2026-05-15 12:28:04.606+00', '2026-05-15 12:28:04.606+00', NULL) ON CONFLICT DO NOTHING;
INSERT INTO public.product_option (id, title, product_id, metadata, created_at, updated_at, deleted_at) VALUES ('opt_01KRNSQCN6CXW1V2BP06JSFGMX', 'Plano', 'prod_01KRNSQCN5ZAC7889GDFS0XKG5', NULL, '2026-05-15 12:28:04.646+00', '2026-05-15 12:28:04.646+00', NULL) ON CONFLICT DO NOTHING;
INSERT INTO public.product_option (id, title, product_id, metadata, created_at, updated_at, deleted_at) VALUES ('opt_01KRNSQCPPVN3C71HCF9MXV3P0', 'Plano', 'prod_01KRNSQCPPGZN4JY1WGHSD86EA', NULL, '2026-05-15 12:28:04.694+00', '2026-05-15 12:28:04.694+00', NULL) ON CONFLICT DO NOTHING;
INSERT INTO public.product_option (id, title, product_id, metadata, created_at, updated_at, deleted_at) VALUES ('opt_01KRNSQCQSWQKT7SYE6AQFGT97', 'Plano', 'prod_01KRNSQCQSMKEP1MMZSTKSFZ4S', NULL, '2026-05-15 12:28:04.729+00', '2026-05-15 12:28:04.729+00', NULL) ON CONFLICT DO NOTHING;
INSERT INTO public.product_option (id, title, product_id, metadata, created_at, updated_at, deleted_at) VALUES ('opt_01KRNSQCRY66QRY78H7DQM2CT7', 'Plano', 'prod_01KRNSQCRX9WWGTW4C4Z23K39T', NULL, '2026-05-15 12:28:04.766+00', '2026-05-15 12:28:04.766+00', NULL) ON CONFLICT DO NOTHING;
INSERT INTO public.product_option (id, title, product_id, metadata, created_at, updated_at, deleted_at) VALUES ('opt_01KRNSQCT0PWXNRTX3385K4MQ0', 'Plano', 'prod_01KRNSQCT0AR40A3WCVXMX0NC2', NULL, '2026-05-15 12:28:04.8+00', '2026-05-15 12:28:04.8+00', NULL) ON CONFLICT DO NOTHING;
INSERT INTO public.product_option (id, title, product_id, metadata, created_at, updated_at, deleted_at) VALUES ('opt_01KRNSQCV7CH8VWVXBKGGYHSTE', 'Plano', 'prod_01KRNSQCV7SDMMW41HRB61RVYT', NULL, '2026-05-15 12:28:04.839+00', '2026-05-15 12:28:04.839+00', NULL) ON CONFLICT DO NOTHING;
INSERT INTO public.product_option (id, title, product_id, metadata, created_at, updated_at, deleted_at) VALUES ('opt_01KRNSQCW7K8HV2RZ9E61NDJWM', 'Plano', 'prod_01KRNSQCW7438HQX7JCCJ4M8ZF', NULL, '2026-05-15 12:28:04.871+00', '2026-05-15 12:28:04.871+00', NULL) ON CONFLICT DO NOTHING;
INSERT INTO public.product_option (id, title, product_id, metadata, created_at, updated_at, deleted_at) VALUES ('opt_01KRNSQCXS89VTWS907N8T4HS9', 'Plano', 'prod_01KRNSQCXS53KYEYF194BZQ4RF', NULL, '2026-05-15 12:28:04.922+00', '2026-05-15 12:28:04.922+00', NULL) ON CONFLICT DO NOTHING;
INSERT INTO public.product_option (id, title, product_id, metadata, created_at, updated_at, deleted_at) VALUES ('opt_01KRNSQCZ771KCNK89AN8TS4Y4', 'Plano', 'prod_01KRNSQCZ60QW28WGD1MJ5S0CF', NULL, '2026-05-15 12:28:04.967+00', '2026-05-15 12:28:04.967+00', NULL) ON CONFLICT DO NOTHING;
INSERT INTO public.product_option (id, title, product_id, metadata, created_at, updated_at, deleted_at) VALUES ('opt_01KRNSQD1APCB6NSG2WGX6QXEE', 'Plano', 'prod_01KRNSQD18WP92YPY9EGFKQATZ', NULL, '2026-05-15 12:28:05.036+00', '2026-05-15 12:28:05.036+00', NULL) ON CONFLICT DO NOTHING;
INSERT INTO public.product_option (id, title, product_id, metadata, created_at, updated_at, deleted_at) VALUES ('opt_01KRNSQD2ZBRZ92H572HKPAH2Y', 'Plano', 'prod_01KRNSQD2Z35FGX5WKDJNBC29A', NULL, '2026-05-15 12:28:05.087+00', '2026-05-15 12:28:05.087+00', NULL) ON CONFLICT DO NOTHING;
INSERT INTO public.product_option (id, title, product_id, metadata, created_at, updated_at, deleted_at) VALUES ('opt_01KRNSQD4EBYT345QC241PP261', 'Plano', 'prod_01KRNSQD4EZXNV9N52MV130Z3X', NULL, '2026-05-15 12:28:05.134+00', '2026-05-15 12:28:05.134+00', NULL) ON CONFLICT DO NOTHING;
INSERT INTO public.product_option (id, title, product_id, metadata, created_at, updated_at, deleted_at) VALUES ('opt_01KRNSQD5H8PP70M2739EVK23N', 'Plano', 'prod_01KRNSQD5HW64MPF9QNRCZNG08', NULL, '2026-05-15 12:28:05.169+00', '2026-05-15 12:28:05.169+00', NULL) ON CONFLICT DO NOTHING;
INSERT INTO public.product_option (id, title, product_id, metadata, created_at, updated_at, deleted_at) VALUES ('opt_01KRNSQD72KX1KRYV4YSSD9BVQ', 'Plano', 'prod_01KRNSQD72GB26BCJVS0X19YG1', NULL, '2026-05-15 12:28:05.219+00', '2026-05-15 12:28:05.219+00', NULL) ON CONFLICT DO NOTHING;
INSERT INTO public.product_option (id, title, product_id, metadata, created_at, updated_at, deleted_at) VALUES ('opt_01KRNSQDFX6X0RZGEKED7HQVKD', 'Plano', 'prod_01KRNSQDFXQBMC9TZVDWSD6XYK', NULL, '2026-05-15 12:28:05.502+00', '2026-05-15 12:28:05.502+00', NULL) ON CONFLICT DO NOTHING;
INSERT INTO public.product_option (id, title, product_id, metadata, created_at, updated_at, deleted_at) VALUES ('opt_01KRNSQDHWRE7PH6Y0K9R5GFAD', 'Plano', 'prod_01KRNSQDHW0CVX1MKVVWRZ2Y5T', NULL, '2026-05-15 12:28:05.565+00', '2026-05-15 12:28:05.565+00', NULL) ON CONFLICT DO NOTHING;
INSERT INTO public.product_option (id, title, product_id, metadata, created_at, updated_at, deleted_at) VALUES ('opt_01KRNSQDKQ5W7B8BS0Y914DN5B', 'Plano', 'prod_01KRNSQDKQRTQ6ERP4JAKZS8BT', NULL, '2026-05-15 12:28:05.623+00', '2026-05-15 12:28:05.623+00', NULL) ON CONFLICT DO NOTHING;
INSERT INTO public.product_option (id, title, product_id, metadata, created_at, updated_at, deleted_at) VALUES ('opt_01KRNSQDQZ2B1QMSKFQ2PW1094', 'Plano', 'prod_01KRNSQDQYEWA41104P4GRCXXF', NULL, '2026-05-15 12:28:05.76+00', '2026-05-15 12:28:05.76+00', NULL) ON CONFLICT DO NOTHING;


ALTER TABLE public.product_option ENABLE TRIGGER ALL;

--
-- Data for Name: product_option_value; Type: TABLE DATA; Schema: public; Owner: -
--

ALTER TABLE public.product_option_value DISABLE TRIGGER ALL;

INSERT INTO public.product_option_value (id, value, option_id, metadata, created_at, updated_at, deleted_at) VALUES ('optval_01KRNSQBM0SBG2HY9M2R1NP051', 'Default', 'opt_01KRNSQBM1Q42S3DFH3PDC3TE8', NULL, '2026-05-15 12:28:03.585+00', '2026-05-15 12:28:03.585+00', NULL) ON CONFLICT DO NOTHING;
INSERT INTO public.product_option_value (id, value, option_id, metadata, created_at, updated_at, deleted_at) VALUES ('optval_01KRNSQBQW2SQT5W2QQ6JA4961', 'Default', 'opt_01KRNSQBQW5BJJFN1T2475JGKF', NULL, '2026-05-15 12:28:03.709+00', '2026-05-15 12:28:03.709+00', NULL) ON CONFLICT DO NOTHING;
INSERT INTO public.product_option_value (id, value, option_id, metadata, created_at, updated_at, deleted_at) VALUES ('optval_01KRNSQBTR6R8KG5BN51VXGRX3', 'Default', 'opt_01KRNSQBTRA9EYAJQ6ZAYSP0X1', NULL, '2026-05-15 12:28:03.801+00', '2026-05-15 12:28:03.801+00', NULL) ON CONFLICT DO NOTHING;
INSERT INTO public.product_option_value (id, value, option_id, metadata, created_at, updated_at, deleted_at) VALUES ('optval_01KRNSQBXV8GGBJVDX1CYFEJ57', 'Default', 'opt_01KRNSQBXVT2EZKPH2Y411PBPR', NULL, '2026-05-15 12:28:03.899+00', '2026-05-15 12:28:03.899+00', NULL) ON CONFLICT DO NOTHING;
INSERT INTO public.product_option_value (id, value, option_id, metadata, created_at, updated_at, deleted_at) VALUES ('optval_01KRNSQBZ3TDPDK48J2Z8V7KR6', 'Default', 'opt_01KRNSQBZ31Z3Y3KN1A0M2VA6V', NULL, '2026-05-15 12:28:03.939+00', '2026-05-15 12:28:03.939+00', NULL) ON CONFLICT DO NOTHING;
INSERT INTO public.product_option_value (id, value, option_id, metadata, created_at, updated_at, deleted_at) VALUES ('optval_01KRNSQC07B9SPM017DMTBVRSM', 'Default', 'opt_01KRNSQC08C89KMSG1V9EE1TVN', NULL, '2026-05-15 12:28:03.976+00', '2026-05-15 12:28:03.976+00', NULL) ON CONFLICT DO NOTHING;
INSERT INTO public.product_option_value (id, value, option_id, metadata, created_at, updated_at, deleted_at) VALUES ('optval_01KRNSQC1H960DA0JKYGY71GYQ', 'Default', 'opt_01KRNSQC1HECW2WKVFT6W1Y1VH', NULL, '2026-05-15 12:28:04.017+00', '2026-05-15 12:28:04.017+00', NULL) ON CONFLICT DO NOTHING;
INSERT INTO public.product_option_value (id, value, option_id, metadata, created_at, updated_at, deleted_at) VALUES ('optval_01KRNSQC356C88P49TE0N509DW', 'Default', 'opt_01KRNSQC35Y1EM09Q878VSE5D3', NULL, '2026-05-15 12:28:04.069+00', '2026-05-15 12:28:04.069+00', NULL) ON CONFLICT DO NOTHING;
INSERT INTO public.product_option_value (id, value, option_id, metadata, created_at, updated_at, deleted_at) VALUES ('optval_01KRNSQC4DZ7C8VVVXHHMZQM50', 'Default', 'opt_01KRNSQC4DERM1BYM69XH07C6C', NULL, '2026-05-15 12:28:04.109+00', '2026-05-15 12:28:04.109+00', NULL) ON CONFLICT DO NOTHING;
INSERT INTO public.product_option_value (id, value, option_id, metadata, created_at, updated_at, deleted_at) VALUES ('optval_01KRNSQC5J1JQKWSKY3M0P5GS6', 'Default', 'opt_01KRNSQC5JDXW7Z6J5SKB3BZ9B', NULL, '2026-05-15 12:28:04.147+00', '2026-05-15 12:28:04.147+00', NULL) ON CONFLICT DO NOTHING;
INSERT INTO public.product_option_value (id, value, option_id, metadata, created_at, updated_at, deleted_at) VALUES ('optval_01KRNSQC6S30KXHJQTNGSRN61K', 'Default', 'opt_01KRNSQC6SKWPDDG09QD92GH58', NULL, '2026-05-15 12:28:04.185+00', '2026-05-15 12:28:04.185+00', NULL) ON CONFLICT DO NOTHING;
INSERT INTO public.product_option_value (id, value, option_id, metadata, created_at, updated_at, deleted_at) VALUES ('optval_01KRNSQC7XYXHJM6BWVHZPKZBB', 'Default', 'opt_01KRNSQC7XFWP58BC0G192JX9R', NULL, '2026-05-15 12:28:04.222+00', '2026-05-15 12:28:04.222+00', NULL) ON CONFLICT DO NOTHING;
INSERT INTO public.product_option_value (id, value, option_id, metadata, created_at, updated_at, deleted_at) VALUES ('optval_01KRNSQC911QAFG04C7DBZ0SY5', 'Default', 'opt_01KRNSQC9251SKHXV38T45BZ3B', NULL, '2026-05-15 12:28:04.258+00', '2026-05-15 12:28:04.258+00', NULL) ON CONFLICT DO NOTHING;
INSERT INTO public.product_option_value (id, value, option_id, metadata, created_at, updated_at, deleted_at) VALUES ('optval_01KRNSQCA98GFTTQE1BFXNNJZJ', 'Default', 'opt_01KRNSQCA98B00TQA9SENSZAXY', NULL, '2026-05-15 12:28:04.297+00', '2026-05-15 12:28:04.297+00', NULL) ON CONFLICT DO NOTHING;
INSERT INTO public.product_option_value (id, value, option_id, metadata, created_at, updated_at, deleted_at) VALUES ('optval_01KRNSQCBG8N0SE4SZ4GB09A9G', 'Default', 'opt_01KRNSQCBGQTB5FWMM71MZ7NJT', NULL, '2026-05-15 12:28:04.336+00', '2026-05-15 12:28:04.336+00', NULL) ON CONFLICT DO NOTHING;
INSERT INTO public.product_option_value (id, value, option_id, metadata, created_at, updated_at, deleted_at) VALUES ('optval_01KRNSQCCYPXGHP4B75R16GQ2R', 'Default', 'opt_01KRNSQCCY0E9DGK4M59VFJD7M', NULL, '2026-05-15 12:28:04.382+00', '2026-05-15 12:28:04.382+00', NULL) ON CONFLICT DO NOTHING;
INSERT INTO public.product_option_value (id, value, option_id, metadata, created_at, updated_at, deleted_at) VALUES ('optval_01KRNSQCFGXM9JYJ72HZPW2XG3', 'Default', 'opt_01KRNSQCFGDDNZJ1NFEC534C9N', NULL, '2026-05-15 12:28:04.464+00', '2026-05-15 12:28:04.464+00', NULL) ON CONFLICT DO NOTHING;
INSERT INTO public.product_option_value (id, value, option_id, metadata, created_at, updated_at, deleted_at) VALUES ('optval_01KRNSQCGKWTTJR6FBJBJA3B6P', 'Default', 'opt_01KRNSQCGK889KG9KG3DF454SK', NULL, '2026-05-15 12:28:04.499+00', '2026-05-15 12:28:04.499+00', NULL) ON CONFLICT DO NOTHING;
INSERT INTO public.product_option_value (id, value, option_id, metadata, created_at, updated_at, deleted_at) VALUES ('optval_01KRNSQCHP3GNHSSJGTDXJAS7G', 'Default', 'opt_01KRNSQCHP6V59TE67RH7WMKZA', NULL, '2026-05-15 12:28:04.534+00', '2026-05-15 12:28:04.534+00', NULL) ON CONFLICT DO NOTHING;
INSERT INTO public.product_option_value (id, value, option_id, metadata, created_at, updated_at, deleted_at) VALUES ('optval_01KRNSQCJVB0GYDRWCDBWBZDAP', 'Default', 'opt_01KRNSQCJVGZNACRJQ46CSET0P', NULL, '2026-05-15 12:28:04.571+00', '2026-05-15 12:28:04.571+00', NULL) ON CONFLICT DO NOTHING;
INSERT INTO public.product_option_value (id, value, option_id, metadata, created_at, updated_at, deleted_at) VALUES ('optval_01KRNSQCKYWRGEFYJ0XKB6XN4Z', 'Default', 'opt_01KRNSQCKYNFA3C3QRKZBK5VBA', NULL, '2026-05-15 12:28:04.606+00', '2026-05-15 12:28:04.606+00', NULL) ON CONFLICT DO NOTHING;
INSERT INTO public.product_option_value (id, value, option_id, metadata, created_at, updated_at, deleted_at) VALUES ('optval_01KRNSQCN5HH2XAPKA1YDWSYGE', 'Default', 'opt_01KRNSQCN6CXW1V2BP06JSFGMX', NULL, '2026-05-15 12:28:04.646+00', '2026-05-15 12:28:04.646+00', NULL) ON CONFLICT DO NOTHING;
INSERT INTO public.product_option_value (id, value, option_id, metadata, created_at, updated_at, deleted_at) VALUES ('optval_01KRNSQCPPX2D556JZ2DGAE1WX', 'Default', 'opt_01KRNSQCPPVN3C71HCF9MXV3P0', NULL, '2026-05-15 12:28:04.694+00', '2026-05-15 12:28:04.694+00', NULL) ON CONFLICT DO NOTHING;
INSERT INTO public.product_option_value (id, value, option_id, metadata, created_at, updated_at, deleted_at) VALUES ('optval_01KRNSQCQS68DYKB2NY96Q9N3G', 'Default', 'opt_01KRNSQCQSWQKT7SYE6AQFGT97', NULL, '2026-05-15 12:28:04.729+00', '2026-05-15 12:28:04.729+00', NULL) ON CONFLICT DO NOTHING;
INSERT INTO public.product_option_value (id, value, option_id, metadata, created_at, updated_at, deleted_at) VALUES ('optval_01KRNSQCRY13TQWRPZCSECP80Z', 'Default', 'opt_01KRNSQCRY66QRY78H7DQM2CT7', NULL, '2026-05-15 12:28:04.766+00', '2026-05-15 12:28:04.766+00', NULL) ON CONFLICT DO NOTHING;
INSERT INTO public.product_option_value (id, value, option_id, metadata, created_at, updated_at, deleted_at) VALUES ('optval_01KRNSQCT07A06TR5YDAS5GH8E', 'Default', 'opt_01KRNSQCT0PWXNRTX3385K4MQ0', NULL, '2026-05-15 12:28:04.8+00', '2026-05-15 12:28:04.8+00', NULL) ON CONFLICT DO NOTHING;
INSERT INTO public.product_option_value (id, value, option_id, metadata, created_at, updated_at, deleted_at) VALUES ('optval_01KRNSQCV7WPERR27TNY5AC5W2', 'Default', 'opt_01KRNSQCV7CH8VWVXBKGGYHSTE', NULL, '2026-05-15 12:28:04.839+00', '2026-05-15 12:28:04.839+00', NULL) ON CONFLICT DO NOTHING;
INSERT INTO public.product_option_value (id, value, option_id, metadata, created_at, updated_at, deleted_at) VALUES ('optval_01KRNSQCW7JNBCPXYPTNCKXSFB', 'Default', 'opt_01KRNSQCW7K8HV2RZ9E61NDJWM', NULL, '2026-05-15 12:28:04.871+00', '2026-05-15 12:28:04.871+00', NULL) ON CONFLICT DO NOTHING;
INSERT INTO public.product_option_value (id, value, option_id, metadata, created_at, updated_at, deleted_at) VALUES ('optval_01KRNSQCXS5NPSQMGY861JDE3M', 'Default', 'opt_01KRNSQCXS89VTWS907N8T4HS9', NULL, '2026-05-15 12:28:04.922+00', '2026-05-15 12:28:04.922+00', NULL) ON CONFLICT DO NOTHING;
INSERT INTO public.product_option_value (id, value, option_id, metadata, created_at, updated_at, deleted_at) VALUES ('optval_01KRNSQCZ6DHVB5N5EPF3KXY7N', 'Default', 'opt_01KRNSQCZ771KCNK89AN8TS4Y4', NULL, '2026-05-15 12:28:04.967+00', '2026-05-15 12:28:04.967+00', NULL) ON CONFLICT DO NOTHING;
INSERT INTO public.product_option_value (id, value, option_id, metadata, created_at, updated_at, deleted_at) VALUES ('optval_01KRNSQD1ATHBEMA7KBXHDW7K2', 'Default', 'opt_01KRNSQD1APCB6NSG2WGX6QXEE', NULL, '2026-05-15 12:28:05.036+00', '2026-05-15 12:28:05.036+00', NULL) ON CONFLICT DO NOTHING;
INSERT INTO public.product_option_value (id, value, option_id, metadata, created_at, updated_at, deleted_at) VALUES ('optval_01KRNSQD2ZTC20EGVDFXQE3ZV1', 'Default', 'opt_01KRNSQD2ZBRZ92H572HKPAH2Y', NULL, '2026-05-15 12:28:05.087+00', '2026-05-15 12:28:05.087+00', NULL) ON CONFLICT DO NOTHING;
INSERT INTO public.product_option_value (id, value, option_id, metadata, created_at, updated_at, deleted_at) VALUES ('optval_01KRNSQD4EW30ZSZS681AV3KWT', 'Default', 'opt_01KRNSQD4EBYT345QC241PP261', NULL, '2026-05-15 12:28:05.134+00', '2026-05-15 12:28:05.134+00', NULL) ON CONFLICT DO NOTHING;
INSERT INTO public.product_option_value (id, value, option_id, metadata, created_at, updated_at, deleted_at) VALUES ('optval_01KRNSQD5H9JE5AP84R6A6QA5A', 'Default', 'opt_01KRNSQD5H8PP70M2739EVK23N', NULL, '2026-05-15 12:28:05.169+00', '2026-05-15 12:28:05.169+00', NULL) ON CONFLICT DO NOTHING;
INSERT INTO public.product_option_value (id, value, option_id, metadata, created_at, updated_at, deleted_at) VALUES ('optval_01KRNSQD72W89MTZJF2TFGMVFT', 'Default', 'opt_01KRNSQD72KX1KRYV4YSSD9BVQ', NULL, '2026-05-15 12:28:05.219+00', '2026-05-15 12:28:05.219+00', NULL) ON CONFLICT DO NOTHING;
INSERT INTO public.product_option_value (id, value, option_id, metadata, created_at, updated_at, deleted_at) VALUES ('optval_01KRNSQDFXBDV5YHVCA05SVRH2', 'Default', 'opt_01KRNSQDFX6X0RZGEKED7HQVKD', NULL, '2026-05-15 12:28:05.502+00', '2026-05-15 12:28:05.502+00', NULL) ON CONFLICT DO NOTHING;
INSERT INTO public.product_option_value (id, value, option_id, metadata, created_at, updated_at, deleted_at) VALUES ('optval_01KRNSQDHWP7D23KQCT8NWP3Q9', 'Default', 'opt_01KRNSQDHWRE7PH6Y0K9R5GFAD', NULL, '2026-05-15 12:28:05.565+00', '2026-05-15 12:28:05.565+00', NULL) ON CONFLICT DO NOTHING;
INSERT INTO public.product_option_value (id, value, option_id, metadata, created_at, updated_at, deleted_at) VALUES ('optval_01KRNSQDKQP1RMKHGCHP84QE01', 'Default', 'opt_01KRNSQDKQ5W7B8BS0Y914DN5B', NULL, '2026-05-15 12:28:05.623+00', '2026-05-15 12:28:05.623+00', NULL) ON CONFLICT DO NOTHING;
INSERT INTO public.product_option_value (id, value, option_id, metadata, created_at, updated_at, deleted_at) VALUES ('optval_01KRNSQDQZ8K6B6DEK1FPBDZ24', 'Default', 'opt_01KRNSQDQZ2B1QMSKFQ2PW1094', NULL, '2026-05-15 12:28:05.76+00', '2026-05-15 12:28:05.76+00', NULL) ON CONFLICT DO NOTHING;


ALTER TABLE public.product_option_value ENABLE TRIGGER ALL;

--
-- Data for Name: product_product_attribute_attribute_value; Type: TABLE DATA; Schema: public; Owner: -
--

ALTER TABLE public.product_product_attribute_attribute_value DISABLE TRIGGER ALL;



ALTER TABLE public.product_product_attribute_attribute_value ENABLE TRIGGER ALL;

--
-- Data for Name: product_product_category_attribute_attribute; Type: TABLE DATA; Schema: public; Owner: -
--

ALTER TABLE public.product_product_category_attribute_attribute DISABLE TRIGGER ALL;



ALTER TABLE public.product_product_category_attribute_attribute ENABLE TRIGGER ALL;

--
-- Data for Name: product_product_category_taxcode_tax_code; Type: TABLE DATA; Schema: public; Owner: -
--

ALTER TABLE public.product_product_category_taxcode_tax_code DISABLE TRIGGER ALL;



ALTER TABLE public.product_product_category_taxcode_tax_code ENABLE TRIGGER ALL;

--
-- Data for Name: product_product_review_review; Type: TABLE DATA; Schema: public; Owner: -
--

ALTER TABLE public.product_product_review_review DISABLE TRIGGER ALL;



ALTER TABLE public.product_product_review_review ENABLE TRIGGER ALL;

--
-- Data for Name: product_product_secondary_category_secondary_category; Type: TABLE DATA; Schema: public; Owner: -
--

ALTER TABLE public.product_product_secondary_category_secondary_category DISABLE TRIGGER ALL;



ALTER TABLE public.product_product_secondary_category_secondary_category ENABLE TRIGGER ALL;

--
-- Data for Name: product_sales_channel; Type: TABLE DATA; Schema: public; Owner: -
--

ALTER TABLE public.product_sales_channel DISABLE TRIGGER ALL;

INSERT INTO public.product_sales_channel (product_id, sales_channel_id, id, created_at, updated_at, deleted_at) VALUES ('prod_01KQNRBAQBWJBKMY1Y0CHN92J2', 'sc_01KQNRA1PA5TWKZKS1FRYPY3F9', 'prodsc_01KQNRBAQKWN14WMTZRHHTFRSV', '2026-05-03 01:48:19.059542+00', '2026-05-11 10:47:25.546+00', '2026-05-11 10:47:25.497+00') ON CONFLICT DO NOTHING;
INSERT INTO public.product_sales_channel (product_id, sales_channel_id, id, created_at, updated_at, deleted_at) VALUES ('prod_01KRBV98SQMN1E6S3HKASE1XEC', 'sc_01KQNRA1PA5TWKZKS1FRYPY3F9', 'prodsc_01KRBV98TCC9Y7DPGJYR6FPWFZ', '2026-05-11 15:42:54.796296+00', '2026-05-11 15:42:54.796296+00', NULL) ON CONFLICT DO NOTHING;
INSERT INTO public.product_sales_channel (product_id, sales_channel_id, id, created_at, updated_at, deleted_at) VALUES ('prod_01KRBV98X1VV7CBR4TZCH97A90', 'sc_01KQNRA1PA5TWKZKS1FRYPY3F9', 'prodsc_01KRBV98X5SQRFRH96C4MN9148', '2026-05-11 15:42:54.885707+00', '2026-05-11 15:42:54.885707+00', NULL) ON CONFLICT DO NOTHING;
INSERT INTO public.product_sales_channel (product_id, sales_channel_id, id, created_at, updated_at, deleted_at) VALUES ('prod_01KRBV98YP4B85DMF13XH0N0TZ', 'sc_01KQNRA1PA5TWKZKS1FRYPY3F9', 'prodsc_01KRBV98YTX7AVM3CMQHH97X5D', '2026-05-11 15:42:54.93857+00', '2026-05-11 15:42:54.93857+00', NULL) ON CONFLICT DO NOTHING;
INSERT INTO public.product_sales_channel (product_id, sales_channel_id, id, created_at, updated_at, deleted_at) VALUES ('prod_01KRBV990Y5NFBH6QGCDAC14R8', 'sc_01KQNRA1PA5TWKZKS1FRYPY3F9', 'prodsc_01KRBV99137RP6KGWECWXC2JNA', '2026-05-11 15:42:55.01112+00', '2026-05-11 15:42:55.01112+00', NULL) ON CONFLICT DO NOTHING;
INSERT INTO public.product_sales_channel (product_id, sales_channel_id, id, created_at, updated_at, deleted_at) VALUES ('prod_01KRBV992GS298N6213AC52WJ8', 'sc_01KQNRA1PA5TWKZKS1FRYPY3F9', 'prodsc_01KRBV992N9BE8WQ72RYZ8SMP4', '2026-05-11 15:42:55.060039+00', '2026-05-11 15:42:55.060039+00', NULL) ON CONFLICT DO NOTHING;
INSERT INTO public.product_sales_channel (product_id, sales_channel_id, id, created_at, updated_at, deleted_at) VALUES ('prod_01KRBV993XGSH2QKTSV58ER8Z4', 'sc_01KQNRA1PA5TWKZKS1FRYPY3F9', 'prodsc_01KRBV99418S4H7FS6MCGNM2EC', '2026-05-11 15:42:55.104875+00', '2026-05-11 15:42:55.104875+00', NULL) ON CONFLICT DO NOTHING;
INSERT INTO public.product_sales_channel (product_id, sales_channel_id, id, created_at, updated_at, deleted_at) VALUES ('prod_01KRBV99565XB2FCFZ5ANNVZ96', 'sc_01KQNRA1PA5TWKZKS1FRYPY3F9', 'prodsc_01KRBV99597YZ3EWX7DRYY00Z1', '2026-05-11 15:42:55.145424+00', '2026-05-11 15:42:55.145424+00', NULL) ON CONFLICT DO NOTHING;
INSERT INTO public.product_sales_channel (product_id, sales_channel_id, id, created_at, updated_at, deleted_at) VALUES ('prod_01KRBV996DYY2N8GH1Q58CTVTY', 'sc_01KQNRA1PA5TWKZKS1FRYPY3F9', 'prodsc_01KRBV996JHRXXSPQDPTQCAZ6K', '2026-05-11 15:42:55.185987+00', '2026-05-11 15:42:55.185987+00', NULL) ON CONFLICT DO NOTHING;
INSERT INTO public.product_sales_channel (product_id, sales_channel_id, id, created_at, updated_at, deleted_at) VALUES ('prod_01KRBV997J47X5XR2CQ8SPQ3S9', 'sc_01KQNRA1PA5TWKZKS1FRYPY3F9', 'prodsc_01KRBV997N8KXWBAE9XC1GVZD9', '2026-05-11 15:42:55.221388+00', '2026-05-11 15:42:55.221388+00', NULL) ON CONFLICT DO NOTHING;
INSERT INTO public.product_sales_channel (product_id, sales_channel_id, id, created_at, updated_at, deleted_at) VALUES ('prod_01KRBV998SN940HBZ8KPEG9ZY5', 'sc_01KQNRA1PA5TWKZKS1FRYPY3F9', 'prodsc_01KRBV998WZTHYE1DGBBFJT098', '2026-05-11 15:42:55.260182+00', '2026-05-11 15:42:55.260182+00', NULL) ON CONFLICT DO NOTHING;
INSERT INTO public.product_sales_channel (product_id, sales_channel_id, id, created_at, updated_at, deleted_at) VALUES ('prod_01KRBV999S81ANVZ5QGS8117EE', 'sc_01KQNRA1PA5TWKZKS1FRYPY3F9', 'prodsc_01KRBV999W8Q4S9JR2DA3C8C16', '2026-05-11 15:42:55.292279+00', '2026-05-11 15:42:55.292279+00', NULL) ON CONFLICT DO NOTHING;
INSERT INTO public.product_sales_channel (product_id, sales_channel_id, id, created_at, updated_at, deleted_at) VALUES ('prod_01KRBV99AV267BV3FE5MY3DFJZ', 'sc_01KQNRA1PA5TWKZKS1FRYPY3F9', 'prodsc_01KRBV99AZV1V4RRBJ9WRP02P4', '2026-05-11 15:42:55.327016+00', '2026-05-11 15:42:55.327016+00', NULL) ON CONFLICT DO NOTHING;
INSERT INTO public.product_sales_channel (product_id, sales_channel_id, id, created_at, updated_at, deleted_at) VALUES ('prod_01KRBV99BTQHBYM6GKXEK5TTP5', 'sc_01KQNRA1PA5TWKZKS1FRYPY3F9', 'prodsc_01KRBV99BWWAYYDRYXH67443J3', '2026-05-11 15:42:55.356718+00', '2026-05-11 15:42:55.356718+00', NULL) ON CONFLICT DO NOTHING;
INSERT INTO public.product_sales_channel (product_id, sales_channel_id, id, created_at, updated_at, deleted_at) VALUES ('prod_01KRBV99CTX1Y2505X107YP16S', 'sc_01KQNRA1PA5TWKZKS1FRYPY3F9', 'prodsc_01KRBV99CX7Z71B7TKYRCJ10FW', '2026-05-11 15:42:55.38978+00', '2026-05-11 15:42:55.38978+00', NULL) ON CONFLICT DO NOTHING;
INSERT INTO public.product_sales_channel (product_id, sales_channel_id, id, created_at, updated_at, deleted_at) VALUES ('prod_01KRBV99DV5G0KCFV6V0BQCAHA', 'sc_01KQNRA1PA5TWKZKS1FRYPY3F9', 'prodsc_01KRBV99DX3TTMM4DV854E7REJ', '2026-05-11 15:42:55.421798+00', '2026-05-11 15:42:55.421798+00', NULL) ON CONFLICT DO NOTHING;
INSERT INTO public.product_sales_channel (product_id, sales_channel_id, id, created_at, updated_at, deleted_at) VALUES ('prod_01KRBV99EX9HW8R8546KVTH2N6', 'sc_01KQNRA1PA5TWKZKS1FRYPY3F9', 'prodsc_01KRBV99F0WSRW2NEX1Z9525YM', '2026-05-11 15:42:55.45649+00', '2026-05-11 15:42:55.45649+00', NULL) ON CONFLICT DO NOTHING;
INSERT INTO public.product_sales_channel (product_id, sales_channel_id, id, created_at, updated_at, deleted_at) VALUES ('prod_01KRBV99G0V4BAX1PSF8C56AQ3', 'sc_01KQNRA1PA5TWKZKS1FRYPY3F9', 'prodsc_01KRBV99G3AN5GBKY3A8E8MDMW', '2026-05-11 15:42:55.491715+00', '2026-05-11 15:42:55.491715+00', NULL) ON CONFLICT DO NOTHING;
INSERT INTO public.product_sales_channel (product_id, sales_channel_id, id, created_at, updated_at, deleted_at) VALUES ('prod_01KRBV99H2K1EA1X4RWDF2WBNE', 'sc_01KQNRA1PA5TWKZKS1FRYPY3F9', 'prodsc_01KRBV99H5KA945H4N1GBD11Z0', '2026-05-11 15:42:55.524877+00', '2026-05-11 15:42:55.524877+00', NULL) ON CONFLICT DO NOTHING;
INSERT INTO public.product_sales_channel (product_id, sales_channel_id, id, created_at, updated_at, deleted_at) VALUES ('prod_01KRBV99J1FDBWSZX29V8JAZ0P', 'sc_01KQNRA1PA5TWKZKS1FRYPY3F9', 'prodsc_01KRBV99J6MP6HXA01V5KP8KA9', '2026-05-11 15:42:55.557892+00', '2026-05-11 15:42:55.557892+00', NULL) ON CONFLICT DO NOTHING;
INSERT INTO public.product_sales_channel (product_id, sales_channel_id, id, created_at, updated_at, deleted_at) VALUES ('prod_01KRBV99K6AKPV564WSKHXXFZB', 'sc_01KQNRA1PA5TWKZKS1FRYPY3F9', 'prodsc_01KRBV99K9V5434VPW9G9QMGG0', '2026-05-11 15:42:55.59305+00', '2026-05-11 15:42:55.59305+00', NULL) ON CONFLICT DO NOTHING;
INSERT INTO public.product_sales_channel (product_id, sales_channel_id, id, created_at, updated_at, deleted_at) VALUES ('prod_01KRBV99MCZKJFS8F12BW4CNB1', 'sc_01KQNRA1PA5TWKZKS1FRYPY3F9', 'prodsc_01KRBV99MH68CTC1PZAJADWWDH', '2026-05-11 15:42:55.633553+00', '2026-05-11 15:42:55.633553+00', NULL) ON CONFLICT DO NOTHING;
INSERT INTO public.product_sales_channel (product_id, sales_channel_id, id, created_at, updated_at, deleted_at) VALUES ('prod_01KRBV99NGBGM9NR594AAYQY7D', 'sc_01KQNRA1PA5TWKZKS1FRYPY3F9', 'prodsc_01KRBV99NKKZAMX98SPNZTXBEJ', '2026-05-11 15:42:55.667609+00', '2026-05-11 15:42:55.667609+00', NULL) ON CONFLICT DO NOTHING;
INSERT INTO public.product_sales_channel (product_id, sales_channel_id, id, created_at, updated_at, deleted_at) VALUES ('prod_01KRBV99PFREVCY1G507VG85M0', 'sc_01KQNRA1PA5TWKZKS1FRYPY3F9', 'prodsc_01KRBV99PK7X0D6ANQ9J2ST246', '2026-05-11 15:42:55.699302+00', '2026-05-11 15:42:55.699302+00', NULL) ON CONFLICT DO NOTHING;
INSERT INTO public.product_sales_channel (product_id, sales_channel_id, id, created_at, updated_at, deleted_at) VALUES ('prod_01KRBV99R7FFG5T5SSHRCV1AC0', 'sc_01KQNRA1PA5TWKZKS1FRYPY3F9', 'prodsc_01KRBV99RAWX867ZN98CA05MCD', '2026-05-11 15:42:55.754348+00', '2026-05-11 15:42:55.754348+00', NULL) ON CONFLICT DO NOTHING;
INSERT INTO public.product_sales_channel (product_id, sales_channel_id, id, created_at, updated_at, deleted_at) VALUES ('prod_01KRBV99SYQCA1QW2AP39N0YR0', 'sc_01KQNRA1PA5TWKZKS1FRYPY3F9', 'prodsc_01KRBV99T0DRC8CPAAARAK4946', '2026-05-11 15:42:55.808831+00', '2026-05-11 15:42:55.808831+00', NULL) ON CONFLICT DO NOTHING;
INSERT INTO public.product_sales_channel (product_id, sales_channel_id, id, created_at, updated_at, deleted_at) VALUES ('prod_01KRBV99TYAHWFNQPNCMP1HW3F', 'sc_01KQNRA1PA5TWKZKS1FRYPY3F9', 'prodsc_01KRBV99V7ZXGJSBRYEZ4FXZYM', '2026-05-11 15:42:55.844899+00', '2026-05-11 15:42:55.844899+00', NULL) ON CONFLICT DO NOTHING;
INSERT INTO public.product_sales_channel (product_id, sales_channel_id, id, created_at, updated_at, deleted_at) VALUES ('prod_01KRBV99WHX2QRH6RARNVFBTQB', 'sc_01KQNRA1PA5TWKZKS1FRYPY3F9', 'prodsc_01KRBV99WNBHBEV0YX9CNGVE11', '2026-05-11 15:42:55.893888+00', '2026-05-11 15:42:55.893888+00', NULL) ON CONFLICT DO NOTHING;
INSERT INTO public.product_sales_channel (product_id, sales_channel_id, id, created_at, updated_at, deleted_at) VALUES ('prod_01KRBV99YG885D2DD3R37A9P10', 'sc_01KQNRA1PA5TWKZKS1FRYPY3F9', 'prodsc_01KRBV99YKS8BJV2RWV09SJ9FZ', '2026-05-11 15:42:55.955509+00', '2026-05-11 15:42:55.955509+00', NULL) ON CONFLICT DO NOTHING;
INSERT INTO public.product_sales_channel (product_id, sales_channel_id, id, created_at, updated_at, deleted_at) VALUES ('prod_01KRBV9A0S0543WRCQPXPS9MJB', 'sc_01KQNRA1PA5TWKZKS1FRYPY3F9', 'prodsc_01KRBV9A0VQB50FRH4EVAXX1QY', '2026-05-11 15:42:56.027871+00', '2026-05-11 15:42:56.027871+00', NULL) ON CONFLICT DO NOTHING;
INSERT INTO public.product_sales_channel (product_id, sales_channel_id, id, created_at, updated_at, deleted_at) VALUES ('prod_01KRBV9A2H1FDAE4F6CE9XBB43', 'sc_01KQNRA1PA5TWKZKS1FRYPY3F9', 'prodsc_01KRBV9A2TYEBF1F7JY8628DPE', '2026-05-11 15:42:56.088269+00', '2026-05-11 15:42:56.088269+00', NULL) ON CONFLICT DO NOTHING;
INSERT INTO public.product_sales_channel (product_id, sales_channel_id, id, created_at, updated_at, deleted_at) VALUES ('prod_01KRBV9A5B8MX6PMPV9DFX3S8Z', 'sc_01KQNRA1PA5TWKZKS1FRYPY3F9', 'prodsc_01KRBV9A686SWDDFZFQ2J0KCC8', '2026-05-11 15:42:56.199699+00', '2026-05-11 15:42:56.199699+00', NULL) ON CONFLICT DO NOTHING;
INSERT INTO public.product_sales_channel (product_id, sales_channel_id, id, created_at, updated_at, deleted_at) VALUES ('prod_01KRBV9A92K1WJH7Z2ZCBF9GAR', 'sc_01KQNRA1PA5TWKZKS1FRYPY3F9', 'prodsc_01KRBV9A9GMZMA5BFFZ3X5F8CY', '2026-05-11 15:42:56.301944+00', '2026-05-11 15:42:56.301944+00', NULL) ON CONFLICT DO NOTHING;
INSERT INTO public.product_sales_channel (product_id, sales_channel_id, id, created_at, updated_at, deleted_at) VALUES ('prod_01KRBV9ACDBRM47EQBZYTYJPB7', 'sc_01KQNRA1PA5TWKZKS1FRYPY3F9', 'prodsc_01KRBV9ACM80621XVF6C0K868Q', '2026-05-11 15:42:56.403713+00', '2026-05-11 15:42:56.403713+00', NULL) ON CONFLICT DO NOTHING;
INSERT INTO public.product_sales_channel (product_id, sales_channel_id, id, created_at, updated_at, deleted_at) VALUES ('prod_01KRBV9ADTQG4XRSEAB5N2E6WK', 'sc_01KQNRA1PA5TWKZKS1FRYPY3F9', 'prodsc_01KRBV9ADX44F4HBPMA2EBXETR', '2026-05-11 15:42:56.445113+00', '2026-05-11 15:42:56.445113+00', NULL) ON CONFLICT DO NOTHING;
INSERT INTO public.product_sales_channel (product_id, sales_channel_id, id, created_at, updated_at, deleted_at) VALUES ('prod_01KRBV9AG3PTMV692Z64DJ24JW', 'sc_01KQNRA1PA5TWKZKS1FRYPY3F9', 'prodsc_01KRBV9AGAWAYTMAC43PSR9KHT', '2026-05-11 15:42:56.521318+00', '2026-05-11 15:42:56.521318+00', NULL) ON CONFLICT DO NOTHING;
INSERT INTO public.product_sales_channel (product_id, sales_channel_id, id, created_at, updated_at, deleted_at) VALUES ('prod_01KRBV9AHK4Z5GHFKMF8DECDYX', 'sc_01KQNRA1PA5TWKZKS1FRYPY3F9', 'prodsc_01KRBV9AHQAZA1H21M8EXYAFX7', '2026-05-11 15:42:56.567617+00', '2026-05-11 15:42:56.567617+00', NULL) ON CONFLICT DO NOTHING;
INSERT INTO public.product_sales_channel (product_id, sales_channel_id, id, created_at, updated_at, deleted_at) VALUES ('prod_01KRBV9AKA44J2RQW0MD1A335S', 'sc_01KQNRA1PA5TWKZKS1FRYPY3F9', 'prodsc_01KRBV9AKN82ZJ9EAQHA3FWW4Z', '2026-05-11 15:42:56.627412+00', '2026-05-11 15:42:56.627412+00', NULL) ON CONFLICT DO NOTHING;
INSERT INTO public.product_sales_channel (product_id, sales_channel_id, id, created_at, updated_at, deleted_at) VALUES ('prod_01KRBV9AN8K4DN3DVXQBY1VREB', 'sc_01KQNRA1PA5TWKZKS1FRYPY3F9', 'prodsc_01KRBV9ANKCGQTWBRJBTWZ11MP', '2026-05-11 15:42:56.69117+00', '2026-05-11 15:42:56.69117+00', NULL) ON CONFLICT DO NOTHING;
INSERT INTO public.product_sales_channel (product_id, sales_channel_id, id, created_at, updated_at, deleted_at) VALUES ('prod_01KRBV9AQ0F4MKXDQ6Q0A22PPB', 'sc_01KQNRA1PA5TWKZKS1FRYPY3F9', 'prodsc_01KRBV9AQ3Y9V80K96D3EJ5GB3', '2026-05-11 15:42:56.739751+00', '2026-05-11 15:42:56.739751+00', NULL) ON CONFLICT DO NOTHING;
INSERT INTO public.product_sales_channel (product_id, sales_channel_id, id, created_at, updated_at, deleted_at) VALUES ('prod_01KRNSQBKZJRY3PMWV07MAVKEV', 'sc_01KQNRA1PA5TWKZKS1FRYPY3F9', 'prodsc_01KRNSQBMP5Y0FTQRH5B4FAVWB', '2026-05-15 12:28:03.606307+00', '2026-05-15 12:28:03.606307+00', NULL) ON CONFLICT DO NOTHING;
INSERT INTO public.product_sales_channel (product_id, sales_channel_id, id, created_at, updated_at, deleted_at) VALUES ('prod_01KRNSQBQWDX5Q71H2DJSK00V9', 'sc_01KQNRA1PA5TWKZKS1FRYPY3F9', 'prodsc_01KRNSQBR2YCDHGZYKDM82HA67', '2026-05-15 12:28:03.714547+00', '2026-05-15 12:28:03.714547+00', NULL) ON CONFLICT DO NOTHING;
INSERT INTO public.product_sales_channel (product_id, sales_channel_id, id, created_at, updated_at, deleted_at) VALUES ('prod_01KRNSQBTRJ7VDZJRA9FZZA776', 'sc_01KQNRA1PA5TWKZKS1FRYPY3F9', 'prodsc_01KRNSQBV85PJDQDP15765ADNA', '2026-05-15 12:28:03.814306+00', '2026-05-15 12:28:03.814306+00', NULL) ON CONFLICT DO NOTHING;
INSERT INTO public.product_sales_channel (product_id, sales_channel_id, id, created_at, updated_at, deleted_at) VALUES ('prod_01KRNSQBXVM9E010A6HMPKWANJ', 'sc_01KQNRA1PA5TWKZKS1FRYPY3F9', 'prodsc_01KRNSQBXYWGJJRVZVPM7MZMAH', '2026-05-15 12:28:03.902201+00', '2026-05-15 12:28:03.902201+00', NULL) ON CONFLICT DO NOTHING;
INSERT INTO public.product_sales_channel (product_id, sales_channel_id, id, created_at, updated_at, deleted_at) VALUES ('prod_01KRNSQBZ223ZK21DV2RVAR25S', 'sc_01KQNRA1PA5TWKZKS1FRYPY3F9', 'prodsc_01KRNSQBZ5S6A9VT391N43T2FX', '2026-05-15 12:28:03.941717+00', '2026-05-15 12:28:03.941717+00', NULL) ON CONFLICT DO NOTHING;
INSERT INTO public.product_sales_channel (product_id, sales_channel_id, id, created_at, updated_at, deleted_at) VALUES ('prod_01KRNSQC07HDVW24JB2KFD1YQE', 'sc_01KQNRA1PA5TWKZKS1FRYPY3F9', 'prodsc_01KRNSQC0BKG9RXZ0HMKGH3HKP', '2026-05-15 12:28:03.978996+00', '2026-05-15 12:28:03.978996+00', NULL) ON CONFLICT DO NOTHING;
INSERT INTO public.product_sales_channel (product_id, sales_channel_id, id, created_at, updated_at, deleted_at) VALUES ('prod_01KRNSQC1G8MVTF3FZ92XTNWHH', 'sc_01KQNRA1PA5TWKZKS1FRYPY3F9', 'prodsc_01KRNSQC1S2XWYG1BF26C198XA', '2026-05-15 12:28:04.021729+00', '2026-05-15 12:28:04.021729+00', NULL) ON CONFLICT DO NOTHING;
INSERT INTO public.product_sales_channel (product_id, sales_channel_id, id, created_at, updated_at, deleted_at) VALUES ('prod_01KRNSQC351254WDSB681S4R2Y', 'sc_01KQNRA1PA5TWKZKS1FRYPY3F9', 'prodsc_01KRNSQC39E1JN6KJBKCJHRRSD', '2026-05-15 12:28:04.073096+00', '2026-05-15 12:28:04.073096+00', NULL) ON CONFLICT DO NOTHING;
INSERT INTO public.product_sales_channel (product_id, sales_channel_id, id, created_at, updated_at, deleted_at) VALUES ('prod_01KRNSQC4D6JHJV7GJVTHX8T7E', 'sc_01KQNRA1PA5TWKZKS1FRYPY3F9', 'prodsc_01KRNSQC4JJ4MMZB2P6B0KK7H2', '2026-05-15 12:28:04.11424+00', '2026-05-15 12:28:04.11424+00', NULL) ON CONFLICT DO NOTHING;
INSERT INTO public.product_sales_channel (product_id, sales_channel_id, id, created_at, updated_at, deleted_at) VALUES ('prod_01KRNSQC5JETE0XT40GVX19BRW', 'sc_01KQNRA1PA5TWKZKS1FRYPY3F9', 'prodsc_01KRNSQC5N2WM3G8Y7Y47FC8Z9', '2026-05-15 12:28:04.149445+00', '2026-05-15 12:28:04.149445+00', NULL) ON CONFLICT DO NOTHING;
INSERT INTO public.product_sales_channel (product_id, sales_channel_id, id, created_at, updated_at, deleted_at) VALUES ('prod_01KRNSQC6S1GHA149S77ZM9YXQ', 'sc_01KQNRA1PA5TWKZKS1FRYPY3F9', 'prodsc_01KRNSQC6WH1NRFFB0H6BR8KY0', '2026-05-15 12:28:04.18813+00', '2026-05-15 12:28:04.18813+00', NULL) ON CONFLICT DO NOTHING;
INSERT INTO public.product_sales_channel (product_id, sales_channel_id, id, created_at, updated_at, deleted_at) VALUES ('prod_01KRNSQC7XBMZ52NB0BW430SAP', 'sc_01KQNRA1PA5TWKZKS1FRYPY3F9', 'prodsc_01KRNSQC81CPDYMFJMGXZZD2B6', '2026-05-15 12:28:04.224885+00', '2026-05-15 12:28:04.224885+00', NULL) ON CONFLICT DO NOTHING;
INSERT INTO public.product_sales_channel (product_id, sales_channel_id, id, created_at, updated_at, deleted_at) VALUES ('prod_01KRNSQC91T059MEKK2H3P1Q1H', 'sc_01KQNRA1PA5TWKZKS1FRYPY3F9', 'prodsc_01KRNSQC95JFPG5DANGCB9DC6A', '2026-05-15 12:28:04.260754+00', '2026-05-15 12:28:04.260754+00', NULL) ON CONFLICT DO NOTHING;
INSERT INTO public.product_sales_channel (product_id, sales_channel_id, id, created_at, updated_at, deleted_at) VALUES ('prod_01KRNSQCA9D2ZQXQPH986KNARS', 'sc_01KQNRA1PA5TWKZKS1FRYPY3F9', 'prodsc_01KRNSQCABY1GN9VDD7PB4D58D', '2026-05-15 12:28:04.299807+00', '2026-05-15 12:28:04.299807+00', NULL) ON CONFLICT DO NOTHING;
INSERT INTO public.product_sales_channel (product_id, sales_channel_id, id, created_at, updated_at, deleted_at) VALUES ('prod_01KRNSQCBFMBXF08AB1Z2EB6XE', 'sc_01KQNRA1PA5TWKZKS1FRYPY3F9', 'prodsc_01KRNSQCBKDKVVD3XN4SNEJ3E9', '2026-05-15 12:28:04.339761+00', '2026-05-15 12:28:04.339761+00', NULL) ON CONFLICT DO NOTHING;
INSERT INTO public.product_sales_channel (product_id, sales_channel_id, id, created_at, updated_at, deleted_at) VALUES ('prod_01KRNSQCCYAAN5E41XBQV7SABC', 'sc_01KQNRA1PA5TWKZKS1FRYPY3F9', 'prodsc_01KRNSQCDAZ2RAF45NQJW2EXHN', '2026-05-15 12:28:04.39424+00', '2026-05-15 12:28:04.39424+00', NULL) ON CONFLICT DO NOTHING;
INSERT INTO public.product_sales_channel (product_id, sales_channel_id, id, created_at, updated_at, deleted_at) VALUES ('prod_01KRNSQCFG5CE0JWK0T524EPW8', 'sc_01KQNRA1PA5TWKZKS1FRYPY3F9', 'prodsc_01KRNSQCFKPZK4AMRDQ307H748', '2026-05-15 12:28:04.467559+00', '2026-05-15 12:28:04.467559+00', NULL) ON CONFLICT DO NOTHING;
INSERT INTO public.product_sales_channel (product_id, sales_channel_id, id, created_at, updated_at, deleted_at) VALUES ('prod_01KRNSQCGK1XVNWM462E6DX362', 'sc_01KQNRA1PA5TWKZKS1FRYPY3F9', 'prodsc_01KRNSQCGNRXQV5NRF3E2V1WYF', '2026-05-15 12:28:04.501812+00', '2026-05-15 12:28:04.501812+00', NULL) ON CONFLICT DO NOTHING;
INSERT INTO public.product_sales_channel (product_id, sales_channel_id, id, created_at, updated_at, deleted_at) VALUES ('prod_01KRNSQCJV08C6MC82KFY7WEM4', 'sc_01KQNRA1PA5TWKZKS1FRYPY3F9', 'prodsc_01KRNSQCJYXPGNPJEFNEP1YZBB', '2026-05-15 12:28:04.573921+00', '2026-05-15 12:28:04.573921+00', NULL) ON CONFLICT DO NOTHING;
INSERT INTO public.product_sales_channel (product_id, sales_channel_id, id, created_at, updated_at, deleted_at) VALUES ('prod_01KRNSQCN5ZAC7889GDFS0XKG5', 'sc_01KQNRA1PA5TWKZKS1FRYPY3F9', 'prodsc_01KRNSQCN9Z2TRRNBBSA7Y77D0', '2026-05-15 12:28:04.649137+00', '2026-05-15 12:28:04.649137+00', NULL) ON CONFLICT DO NOTHING;
INSERT INTO public.product_sales_channel (product_id, sales_channel_id, id, created_at, updated_at, deleted_at) VALUES ('prod_01KRNSQCQSMKEP1MMZSTKSFZ4S', 'sc_01KQNRA1PA5TWKZKS1FRYPY3F9', 'prodsc_01KRNSQCQV39V1V75GT3787QXS', '2026-05-15 12:28:04.731404+00', '2026-05-15 12:28:04.731404+00', NULL) ON CONFLICT DO NOTHING;
INSERT INTO public.product_sales_channel (product_id, sales_channel_id, id, created_at, updated_at, deleted_at) VALUES ('prod_01KRNSQCT0AR40A3WCVXMX0NC2', 'sc_01KQNRA1PA5TWKZKS1FRYPY3F9', 'prodsc_01KRNSQCT2YD7DBQAMSCHB187F', '2026-05-15 12:28:04.802292+00', '2026-05-15 12:28:04.802292+00', NULL) ON CONFLICT DO NOTHING;
INSERT INTO public.product_sales_channel (product_id, sales_channel_id, id, created_at, updated_at, deleted_at) VALUES ('prod_01KRNSQCW7438HQX7JCCJ4M8ZF', 'sc_01KQNRA1PA5TWKZKS1FRYPY3F9', 'prodsc_01KRNSQCWBD15JDJEA16GM746B', '2026-05-15 12:28:04.874889+00', '2026-05-15 12:28:04.874889+00', NULL) ON CONFLICT DO NOTHING;
INSERT INTO public.product_sales_channel (product_id, sales_channel_id, id, created_at, updated_at, deleted_at) VALUES ('prod_01KRNSQCZ60QW28WGD1MJ5S0CF', 'sc_01KQNRA1PA5TWKZKS1FRYPY3F9', 'prodsc_01KRNSQCZ96VGSW3G4FP0SNZDF', '2026-05-15 12:28:04.969392+00', '2026-05-15 12:28:04.969392+00', NULL) ON CONFLICT DO NOTHING;
INSERT INTO public.product_sales_channel (product_id, sales_channel_id, id, created_at, updated_at, deleted_at) VALUES ('prod_01KRNSQD2Z35FGX5WKDJNBC29A', 'sc_01KQNRA1PA5TWKZKS1FRYPY3F9', 'prodsc_01KRNSQD32ZG715EJBKPT3TE5W', '2026-05-15 12:28:05.090593+00', '2026-05-15 12:28:05.090593+00', NULL) ON CONFLICT DO NOTHING;
INSERT INTO public.product_sales_channel (product_id, sales_channel_id, id, created_at, updated_at, deleted_at) VALUES ('prod_01KRNSQD5HW64MPF9QNRCZNG08', 'sc_01KQNRA1PA5TWKZKS1FRYPY3F9', 'prodsc_01KRNSQD5RJS7M5PHVEXJB6W0V', '2026-05-15 12:28:05.175948+00', '2026-05-15 12:28:05.175948+00', NULL) ON CONFLICT DO NOTHING;
INSERT INTO public.product_sales_channel (product_id, sales_channel_id, id, created_at, updated_at, deleted_at) VALUES ('prod_01KRNSQDFXQBMC9TZVDWSD6XYK', 'sc_01KQNRA1PA5TWKZKS1FRYPY3F9', 'prodsc_01KRNSQDG121GE1CXBZKEJAXVR', '2026-05-15 12:28:05.50508+00', '2026-05-15 12:28:05.50508+00', NULL) ON CONFLICT DO NOTHING;
INSERT INTO public.product_sales_channel (product_id, sales_channel_id, id, created_at, updated_at, deleted_at) VALUES ('prod_01KRNSQDKQRTQ6ERP4JAKZS8BT', 'sc_01KQNRA1PA5TWKZKS1FRYPY3F9', 'prodsc_01KRNSQDM4H1MR1B02HAX91HMK', '2026-05-15 12:28:05.636093+00', '2026-05-15 12:28:05.636093+00', NULL) ON CONFLICT DO NOTHING;
INSERT INTO public.product_sales_channel (product_id, sales_channel_id, id, created_at, updated_at, deleted_at) VALUES ('prod_01KRNSQCHNGY2WR10TNQRT9NND', 'sc_01KQNRA1PA5TWKZKS1FRYPY3F9', 'prodsc_01KRNSQCHSZ4PK5Z0TRWQ9DBHA', '2026-05-15 12:28:04.537029+00', '2026-05-15 12:28:04.537029+00', NULL) ON CONFLICT DO NOTHING;
INSERT INTO public.product_sales_channel (product_id, sales_channel_id, id, created_at, updated_at, deleted_at) VALUES ('prod_01KRNSQCKYQFWCW178RPVBX8PE', 'sc_01KQNRA1PA5TWKZKS1FRYPY3F9', 'prodsc_01KRNSQCM22JK57HGDH9W9PND0', '2026-05-15 12:28:04.609882+00', '2026-05-15 12:28:04.609882+00', NULL) ON CONFLICT DO NOTHING;
INSERT INTO public.product_sales_channel (product_id, sales_channel_id, id, created_at, updated_at, deleted_at) VALUES ('prod_01KRNSQCPPGZN4JY1WGHSD86EA', 'sc_01KQNRA1PA5TWKZKS1FRYPY3F9', 'prodsc_01KRNSQCPRKHE1PNRXF5T50J5M', '2026-05-15 12:28:04.696792+00', '2026-05-15 12:28:04.696792+00', NULL) ON CONFLICT DO NOTHING;
INSERT INTO public.product_sales_channel (product_id, sales_channel_id, id, created_at, updated_at, deleted_at) VALUES ('prod_01KRNSQCRX9WWGTW4C4Z23K39T', 'sc_01KQNRA1PA5TWKZKS1FRYPY3F9', 'prodsc_01KRNSQCS0M15DDNZ6MWKYZSX4', '2026-05-15 12:28:04.768688+00', '2026-05-15 12:28:04.768688+00', NULL) ON CONFLICT DO NOTHING;
INSERT INTO public.product_sales_channel (product_id, sales_channel_id, id, created_at, updated_at, deleted_at) VALUES ('prod_01KRNSQCV7SDMMW41HRB61RVYT', 'sc_01KQNRA1PA5TWKZKS1FRYPY3F9', 'prodsc_01KRNSQCVAG4RJSQW57YR41JPT', '2026-05-15 12:28:04.842154+00', '2026-05-15 12:28:04.842154+00', NULL) ON CONFLICT DO NOTHING;
INSERT INTO public.product_sales_channel (product_id, sales_channel_id, id, created_at, updated_at, deleted_at) VALUES ('prod_01KRNSQCXS53KYEYF194BZQ4RF', 'sc_01KQNRA1PA5TWKZKS1FRYPY3F9', 'prodsc_01KRNSQCXZ5JYF0HQC05C2H43C', '2026-05-15 12:28:04.927591+00', '2026-05-15 12:28:04.927591+00', NULL) ON CONFLICT DO NOTHING;
INSERT INTO public.product_sales_channel (product_id, sales_channel_id, id, created_at, updated_at, deleted_at) VALUES ('prod_01KRNSQD18WP92YPY9EGFKQATZ', 'sc_01KQNRA1PA5TWKZKS1FRYPY3F9', 'prodsc_01KRNSQD1SDY162QNK2GVSS5DE', '2026-05-15 12:28:05.049018+00', '2026-05-15 12:28:05.049018+00', NULL) ON CONFLICT DO NOTHING;
INSERT INTO public.product_sales_channel (product_id, sales_channel_id, id, created_at, updated_at, deleted_at) VALUES ('prod_01KRNSQD4EZXNV9N52MV130Z3X', 'sc_01KQNRA1PA5TWKZKS1FRYPY3F9', 'prodsc_01KRNSQD4KGD9E7FHEDSJHAGTF', '2026-05-15 12:28:05.139087+00', '2026-05-15 12:28:05.139087+00', NULL) ON CONFLICT DO NOTHING;
INSERT INTO public.product_sales_channel (product_id, sales_channel_id, id, created_at, updated_at, deleted_at) VALUES ('prod_01KRNSQD72GB26BCJVS0X19YG1', 'sc_01KQNRA1PA5TWKZKS1FRYPY3F9', 'prodsc_01KRNSQD76HB4Y987JJ3CZDG8M', '2026-05-15 12:28:05.222294+00', '2026-05-15 12:28:05.222294+00', NULL) ON CONFLICT DO NOTHING;
INSERT INTO public.product_sales_channel (product_id, sales_channel_id, id, created_at, updated_at, deleted_at) VALUES ('prod_01KRNSQDHW0CVX1MKVVWRZ2Y5T', 'sc_01KQNRA1PA5TWKZKS1FRYPY3F9', 'prodsc_01KRNSQDJ2AFSVEMJD6C7BF6KZ', '2026-05-15 12:28:05.569807+00', '2026-05-15 12:28:05.569807+00', NULL) ON CONFLICT DO NOTHING;
INSERT INTO public.product_sales_channel (product_id, sales_channel_id, id, created_at, updated_at, deleted_at) VALUES ('prod_01KRNSQDQYEWA41104P4GRCXXF', 'sc_01KQNRA1PA5TWKZKS1FRYPY3F9', 'prodsc_01KRNSQDR5BQWKH2RHKS2HAMR6', '2026-05-15 12:28:05.765285+00', '2026-05-15 12:28:05.765285+00', NULL) ON CONFLICT DO NOTHING;


ALTER TABLE public.product_sales_channel ENABLE TRIGGER ALL;

--
-- Data for Name: product_shipping_profile; Type: TABLE DATA; Schema: public; Owner: -
--

ALTER TABLE public.product_shipping_profile DISABLE TRIGGER ALL;

INSERT INTO public.product_shipping_profile (product_id, shipping_profile_id, id, created_at, updated_at, deleted_at) VALUES ('prod_01KQNRBAQBWJBKMY1Y0CHN92J2', 'sp_01KQNR8ZPFMSEYX4H5VWYQ4282', 'prodsp_01KQNRBAQS2YNCYB6HQ5KF82G8', '2026-05-03 01:48:19.064953+00', '2026-05-11 10:47:25.546+00', '2026-05-11 10:47:25.533+00') ON CONFLICT DO NOTHING;
INSERT INTO public.product_shipping_profile (product_id, shipping_profile_id, id, created_at, updated_at, deleted_at) VALUES ('prod_01KRBV98SQMN1E6S3HKASE1XEC', 'sp_01KRBV96PX5DRDCS189VKZAZ1E', 'prodsp_01KRBV98WJFM3WEWYSGAK4QZDC', '2026-05-11 15:42:54.866541+00', '2026-05-11 15:42:54.866541+00', NULL) ON CONFLICT DO NOTHING;
INSERT INTO public.product_shipping_profile (product_id, shipping_profile_id, id, created_at, updated_at, deleted_at) VALUES ('prod_01KRBV98X1VV7CBR4TZCH97A90', 'sp_01KRBV96GVH995XFR230F4PNE8', 'prodsp_01KRBV98YBAC2K11TWTMSAVP6F', '2026-05-11 15:42:54.923417+00', '2026-05-11 15:42:54.923417+00', NULL) ON CONFLICT DO NOTHING;
INSERT INTO public.product_shipping_profile (product_id, shipping_profile_id, id, created_at, updated_at, deleted_at) VALUES ('prod_01KRBV98YP4B85DMF13XH0N0TZ', 'sp_01KRBV95B02S2G3Y4QZX4K88CW', 'prodsp_01KRBV990J22MNJ7EJY1Z8B0QS', '2026-05-11 15:42:54.994581+00', '2026-05-11 15:42:54.994581+00', NULL) ON CONFLICT DO NOTHING;
INSERT INTO public.product_shipping_profile (product_id, shipping_profile_id, id, created_at, updated_at, deleted_at) VALUES ('prod_01KRBV990Y5NFBH6QGCDAC14R8', 'sp_01KRBV95V4P6GZQE6N41KS0AWX', 'prodsp_01KRBV99256YAY4WW4HCXHVF9G', '2026-05-11 15:42:55.045622+00', '2026-05-11 15:42:55.045622+00', NULL) ON CONFLICT DO NOTHING;
INSERT INTO public.product_shipping_profile (product_id, shipping_profile_id, id, created_at, updated_at, deleted_at) VALUES ('prod_01KRBV992GS298N6213AC52WJ8', 'sp_01KRBV95B02S2G3Y4QZX4K88CW', 'prodsp_01KRBV993N0MPCQ836STMQN3H1', '2026-05-11 15:42:55.09367+00', '2026-05-11 15:42:55.09367+00', NULL) ON CONFLICT DO NOTHING;
INSERT INTO public.product_shipping_profile (product_id, shipping_profile_id, id, created_at, updated_at, deleted_at) VALUES ('prod_01KRBV993XGSH2QKTSV58ER8Z4', 'sp_01KRBV95R0DKB3PD2G2D97RP69', 'prodsp_01KRBV9950AED7KP0Y7NC6MBJQ', '2026-05-11 15:42:55.136116+00', '2026-05-11 15:42:55.136116+00', NULL) ON CONFLICT DO NOTHING;
INSERT INTO public.product_shipping_profile (product_id, shipping_profile_id, id, created_at, updated_at, deleted_at) VALUES ('prod_01KRBV99565XB2FCFZ5ANNVZ96', 'sp_01KRBV95R0DKB3PD2G2D97RP69', 'prodsp_01KRBV9964G46S2CR96QXT2YRH', '2026-05-11 15:42:55.172486+00', '2026-05-11 15:42:55.172486+00', NULL) ON CONFLICT DO NOTHING;
INSERT INTO public.product_shipping_profile (product_id, shipping_profile_id, id, created_at, updated_at, deleted_at) VALUES ('prod_01KRBV996DYY2N8GH1Q58CTVTY', 'sp_01KRBV96BZR87JDRKKJZDG1Z09', 'prodsp_01KRBV997B97QZ6F8VJ1YC7Z7G', '2026-05-11 15:42:55.211558+00', '2026-05-11 15:42:55.211558+00', NULL) ON CONFLICT DO NOTHING;
INSERT INTO public.product_shipping_profile (product_id, shipping_profile_id, id, created_at, updated_at, deleted_at) VALUES ('prod_01KRBV997J47X5XR2CQ8SPQ3S9', 'sp_01KRBV960TZ3XHRVEFX0930BHN', 'prodsp_01KRBV998J0JPAA233B316296R', '2026-05-11 15:42:55.250216+00', '2026-05-11 15:42:55.250216+00', NULL) ON CONFLICT DO NOTHING;
INSERT INTO public.product_shipping_profile (product_id, shipping_profile_id, id, created_at, updated_at, deleted_at) VALUES ('prod_01KRBV998SN940HBZ8KPEG9ZY5', 'sp_01KRBV969GNJDVGV8E4A6W9BEH', 'prodsp_01KRBV999J3E3GZ8DD5BZQ03CJ', '2026-05-11 15:42:55.281947+00', '2026-05-11 15:42:55.281947+00', NULL) ON CONFLICT DO NOTHING;
INSERT INTO public.product_shipping_profile (product_id, shipping_profile_id, id, created_at, updated_at, deleted_at) VALUES ('prod_01KRBV999S81ANVZ5QGS8117EE', 'sp_01KRBV969GNJDVGV8E4A6W9BEH', 'prodsp_01KRBV99AKQKB9PN3XCFQYBXVC', '2026-05-11 15:42:55.31582+00', '2026-05-11 15:42:55.31582+00', NULL) ON CONFLICT DO NOTHING;
INSERT INTO public.product_shipping_profile (product_id, shipping_profile_id, id, created_at, updated_at, deleted_at) VALUES ('prod_01KRBV99AV267BV3FE5MY3DFJZ', 'sp_01KRBV9731JXPS2ER97JQHZ11G', 'prodsp_01KRBV99BJPVV38JNYZCDER25V', '2026-05-11 15:42:55.34614+00', '2026-05-11 15:42:55.34614+00', NULL) ON CONFLICT DO NOTHING;
INSERT INTO public.product_shipping_profile (product_id, shipping_profile_id, id, created_at, updated_at, deleted_at) VALUES ('prod_01KRBV99BTQHBYM6GKXEK5TTP5', 'sp_01KRBV96WE388F2XW3CSWM2PR9', 'prodsp_01KRBV99CMGCQESQBJ20KWDK52', '2026-05-11 15:42:55.380901+00', '2026-05-11 15:42:55.380901+00', NULL) ON CONFLICT DO NOTHING;
INSERT INTO public.product_shipping_profile (product_id, shipping_profile_id, id, created_at, updated_at, deleted_at) VALUES ('prod_01KRBV99CTX1Y2505X107YP16S', 'sp_01KRBV9780D3A912F1QAREH103', 'prodsp_01KRBV99DNSNYVS5AC2JFM2ED9', '2026-05-11 15:42:55.413289+00', '2026-05-11 15:42:55.413289+00', NULL) ON CONFLICT DO NOTHING;
INSERT INTO public.product_shipping_profile (product_id, shipping_profile_id, id, created_at, updated_at, deleted_at) VALUES ('prod_01KRBV99DV5G0KCFV6V0BQCAHA', 'sp_01KRBV96Z0YHZK926MQGWFXR73', 'prodsp_01KRBV99EMC604J2VYJFNB1JSE', '2026-05-11 15:42:55.444623+00', '2026-05-11 15:42:55.444623+00', NULL) ON CONFLICT DO NOTHING;
INSERT INTO public.product_shipping_profile (product_id, shipping_profile_id, id, created_at, updated_at, deleted_at) VALUES ('prod_01KRBV99EX9HW8R8546KVTH2N6', 'sp_01KRBV97AFQZQ70HNKN0ZMWPZP', 'prodsp_01KRBV99FVJZWDT027ZBHXRZGQ', '2026-05-11 15:42:55.483487+00', '2026-05-11 15:42:55.483487+00', NULL) ON CONFLICT DO NOTHING;
INSERT INTO public.product_shipping_profile (product_id, shipping_profile_id, id, created_at, updated_at, deleted_at) VALUES ('prod_01KRBV99G0V4BAX1PSF8C56AQ3', 'sp_01KRBV975HAK6VQQVR8XFY5BX3', 'prodsp_01KRBV99GR5W2XZDG5HTCC9HNY', '2026-05-11 15:42:55.512781+00', '2026-05-11 15:42:55.512781+00', NULL) ON CONFLICT DO NOTHING;
INSERT INTO public.product_shipping_profile (product_id, shipping_profile_id, id, created_at, updated_at, deleted_at) VALUES ('prod_01KRBV99H2K1EA1X4RWDF2WBNE', 'sp_01KRBV97ZF8Y66CSJPVQDYPZ10', 'prodsp_01KRBV99HTE3WQ4J54P3Q31ABH', '2026-05-11 15:42:55.546419+00', '2026-05-11 15:42:55.546419+00', NULL) ON CONFLICT DO NOTHING;
INSERT INTO public.product_shipping_profile (product_id, shipping_profile_id, id, created_at, updated_at, deleted_at) VALUES ('prod_01KRBV99J1FDBWSZX29V8JAZ0P', 'sp_01KRBV97MKX9KS8M2EQJM1JS88', 'prodsp_01KRBV99JZX0279KY1CWPP35V0', '2026-05-11 15:42:55.58344+00', '2026-05-11 15:42:55.58344+00', NULL) ON CONFLICT DO NOTHING;
INSERT INTO public.product_shipping_profile (product_id, shipping_profile_id, id, created_at, updated_at, deleted_at) VALUES ('prod_01KRBV99K6AKPV564WSKHXXFZB', 'sp_01KRBV9857XAD90ZX29RW3XHJY', 'prodsp_01KRBV99M5PPFF8AKWFN1DVE8X', '2026-05-11 15:42:55.621434+00', '2026-05-11 15:42:55.621434+00', NULL) ON CONFLICT DO NOTHING;
INSERT INTO public.product_shipping_profile (product_id, shipping_profile_id, id, created_at, updated_at, deleted_at) VALUES ('prod_01KRBV99MCZKJFS8F12BW4CNB1', 'sp_01KRBV96SZEX301DHMRDEC7BMV', 'prodsp_01KRBV99NA46YCQ24JD0T1R35F', '2026-05-11 15:42:55.658126+00', '2026-05-11 15:42:55.658126+00', NULL) ON CONFLICT DO NOTHING;
INSERT INTO public.product_shipping_profile (product_id, shipping_profile_id, id, created_at, updated_at, deleted_at) VALUES ('prod_01KRBV99NGBGM9NR594AAYQY7D', 'sp_01KRBV97RS14WZJR7SM7F6HTBK', 'prodsp_01KRBV99P90SR8KHY7F38WZGCX', '2026-05-11 15:42:55.689884+00', '2026-05-11 15:42:55.689884+00', NULL) ON CONFLICT DO NOTHING;
INSERT INTO public.product_shipping_profile (product_id, shipping_profile_id, id, created_at, updated_at, deleted_at) VALUES ('prod_01KRBV99PFREVCY1G507VG85M0', 'sp_01KRBV981Y9YXKYZQKQSFS7FZT', 'prodsp_01KRBV99QKVB48NJP5TDK34QGK', '2026-05-11 15:42:55.73108+00', '2026-05-11 15:42:55.73108+00', NULL) ON CONFLICT DO NOTHING;
INSERT INTO public.product_shipping_profile (product_id, shipping_profile_id, id, created_at, updated_at, deleted_at) VALUES ('prod_01KRBV99R7FFG5T5SSHRCV1AC0', 'sp_01KRBV988R5DDKKY4MC6YXX1SZ', 'prodsp_01KRBV99SPYY4W5G0TDKX2NDBB', '2026-05-11 15:42:55.797889+00', '2026-05-11 15:42:55.797889+00', NULL) ON CONFLICT DO NOTHING;
INSERT INTO public.product_shipping_profile (product_id, shipping_profile_id, id, created_at, updated_at, deleted_at) VALUES ('prod_01KRBV99SYQCA1QW2AP39N0YR0', 'sp_01KRBV98PNMHP880B79C4BWV14', 'prodsp_01KRBV99TRET83VTGNEWJRWSDK', '2026-05-11 15:42:55.83294+00', '2026-05-11 15:42:55.83294+00', NULL) ON CONFLICT DO NOTHING;
INSERT INTO public.product_shipping_profile (product_id, shipping_profile_id, id, created_at, updated_at, deleted_at) VALUES ('prod_01KRBV99TYAHWFNQPNCMP1HW3F', 'sp_01KRBV98G9MH61QYN15MD98097', 'prodsp_01KRBV99W99FVR2PFKS6VY1XWW', '2026-05-11 15:42:55.881185+00', '2026-05-11 15:42:55.881185+00', NULL) ON CONFLICT DO NOTHING;
INSERT INTO public.product_shipping_profile (product_id, shipping_profile_id, id, created_at, updated_at, deleted_at) VALUES ('prod_01KRBV99WHX2QRH6RARNVFBTQB', 'sp_01KRBV98PNMHP880B79C4BWV14', 'prodsp_01KRBV99YAXP1CM0CN4Q8DEP98', '2026-05-11 15:42:55.946447+00', '2026-05-11 15:42:55.946447+00', NULL) ON CONFLICT DO NOTHING;
INSERT INTO public.product_shipping_profile (product_id, shipping_profile_id, id, created_at, updated_at, deleted_at) VALUES ('prod_01KRBV99YG885D2DD3R37A9P10', 'sp_01KRBV96KNYEYDCC1ABGNQ48AQ', 'prodsp_01KRBV9A0D27S5CD8B8Z8N09QY', '2026-05-11 15:42:56.013298+00', '2026-05-11 15:42:56.013298+00', NULL) ON CONFLICT DO NOTHING;
INSERT INTO public.product_shipping_profile (product_id, shipping_profile_id, id, created_at, updated_at, deleted_at) VALUES ('prod_01KRBV9A0S0543WRCQPXPS9MJB', 'sp_01KRBV988R5DDKKY4MC6YXX1SZ', 'prodsp_01KRBV9A23QZGN6VZKXEDV3G0Q', '2026-05-11 15:42:56.067095+00', '2026-05-11 15:42:56.067095+00', NULL) ON CONFLICT DO NOTHING;
INSERT INTO public.product_shipping_profile (product_id, shipping_profile_id, id, created_at, updated_at, deleted_at) VALUES ('prod_01KRBV9A2H1FDAE4F6CE9XBB43', 'sp_01KRBV96EDYYGRSDFR5GV9MJ9P', 'prodsp_01KRBV9A4DYGB9GMF7BXCHX4DS', '2026-05-11 15:42:56.140958+00', '2026-05-11 15:42:56.140958+00', NULL) ON CONFLICT DO NOTHING;
INSERT INTO public.product_shipping_profile (product_id, shipping_profile_id, id, created_at, updated_at, deleted_at) VALUES ('prod_01KRBV9A5B8MX6PMPV9DFX3S8Z', 'sp_01KRBV96EDYYGRSDFR5GV9MJ9P', 'prodsp_01KRBV9A8NECAJNPP3MMANC91V', '2026-05-11 15:42:56.277758+00', '2026-05-11 15:42:56.277758+00', NULL) ON CONFLICT DO NOTHING;
INSERT INTO public.product_shipping_profile (product_id, shipping_profile_id, id, created_at, updated_at, deleted_at) VALUES ('prod_01KRBV9A92K1WJH7Z2ZCBF9GAR', 'sp_01KRBV96KNYEYDCC1ABGNQ48AQ', 'prodsp_01KRBV9AC5K7JEBGVE6NK3J40R', '2026-05-11 15:42:56.389472+00', '2026-05-11 15:42:56.389472+00', NULL) ON CONFLICT DO NOTHING;
INSERT INTO public.product_shipping_profile (product_id, shipping_profile_id, id, created_at, updated_at, deleted_at) VALUES ('prod_01KRBV9ACDBRM47EQBZYTYJPB7', 'sp_01KRBV96EDYYGRSDFR5GV9MJ9P', 'prodsp_01KRBV9ADJQ1642ZDPMJGV510K', '2026-05-11 15:42:56.434604+00', '2026-05-11 15:42:56.434604+00', NULL) ON CONFLICT DO NOTHING;
INSERT INTO public.product_shipping_profile (product_id, shipping_profile_id, id, created_at, updated_at, deleted_at) VALUES ('prod_01KRBV9ADTQG4XRSEAB5N2E6WK', 'sp_01KRBV96EDYYGRSDFR5GV9MJ9P', 'prodsp_01KRBV9AFMCW63J5NG2JVX7DTK', '2026-05-11 15:42:56.500528+00', '2026-05-11 15:42:56.500528+00', NULL) ON CONFLICT DO NOTHING;
INSERT INTO public.product_shipping_profile (product_id, shipping_profile_id, id, created_at, updated_at, deleted_at) VALUES ('prod_01KRBV9AG3PTMV692Z64DJ24JW', 'sp_01KRBV98M055XPYZ794MNAD506', 'prodsp_01KRBV9AHCGDH6TKYDQS1ZRE4J', '2026-05-11 15:42:56.556351+00', '2026-05-11 15:42:56.556351+00', NULL) ON CONFLICT DO NOTHING;
INSERT INTO public.product_shipping_profile (product_id, shipping_profile_id, id, created_at, updated_at, deleted_at) VALUES ('prod_01KRBV9AHK4Z5GHFKMF8DECDYX', 'sp_01KRBV969GNJDVGV8E4A6W9BEH', 'prodsp_01KRBV9AJVAKQ0PPA5YV0TSS6F', '2026-05-11 15:42:56.603834+00', '2026-05-11 15:42:56.603834+00', NULL) ON CONFLICT DO NOTHING;
INSERT INTO public.product_shipping_profile (product_id, shipping_profile_id, id, created_at, updated_at, deleted_at) VALUES ('prod_01KRBV9AKA44J2RQW0MD1A335S', 'sp_01KRBV98M055XPYZ794MNAD506', 'prodsp_01KRBV9AMRVV2Q9J7S750E6R2T', '2026-05-11 15:42:56.663992+00', '2026-05-11 15:42:56.663992+00', NULL) ON CONFLICT DO NOTHING;
INSERT INTO public.product_shipping_profile (product_id, shipping_profile_id, id, created_at, updated_at, deleted_at) VALUES ('prod_01KRBV9AN8K4DN3DVXQBY1VREB', 'sp_01KRBV98M055XPYZ794MNAD506', 'prodsp_01KRBV9APRVYVA98F2QWWKPQA9', '2026-05-11 15:42:56.72862+00', '2026-05-11 15:42:56.72862+00', NULL) ON CONFLICT DO NOTHING;
INSERT INTO public.product_shipping_profile (product_id, shipping_profile_id, id, created_at, updated_at, deleted_at) VALUES ('prod_01KRBV9AQ0F4MKXDQ6Q0A22PPB', 'sp_01KRBV98M055XPYZ794MNAD506', 'prodsp_01KRBV9ARMP61WYY0F7X57D506', '2026-05-11 15:42:56.787658+00', '2026-05-11 15:42:56.787658+00', NULL) ON CONFLICT DO NOTHING;
INSERT INTO public.product_shipping_profile (product_id, shipping_profile_id, id, created_at, updated_at, deleted_at) VALUES ('prod_01KRNSQBKZJRY3PMWV07MAVKEV', 'sp_01KRNSQ9N1EQ6A52ENYZEF03YQ', 'prodsp_01KRNSQBQ7E54JCKQ920WXYHD6', '2026-05-15 12:28:03.687202+00', '2026-05-15 12:28:03.687202+00', NULL) ON CONFLICT DO NOTHING;
INSERT INTO public.product_shipping_profile (product_id, shipping_profile_id, id, created_at, updated_at, deleted_at) VALUES ('prod_01KRNSQBQWDX5Q71H2DJSK00V9', 'sp_01KRNSQ9FKDCFVBTMXGDPBVXVX', 'prodsp_01KRNSQBT3TZP4JK4M4TD2332A', '2026-05-15 12:28:03.77861+00', '2026-05-15 12:28:03.77861+00', NULL) ON CONFLICT DO NOTHING;
INSERT INTO public.product_shipping_profile (product_id, shipping_profile_id, id, created_at, updated_at, deleted_at) VALUES ('prod_01KRNSQBTRJ7VDZJRA9FZZA776', 'sp_01KRNSQ7NHSTBB0QRMA8KDNMCS', 'prodsp_01KRNSQBXKSAQFMR2S6VFMGQCV', '2026-05-15 12:28:03.890795+00', '2026-05-15 12:28:03.890795+00', NULL) ON CONFLICT DO NOTHING;
INSERT INTO public.product_shipping_profile (product_id, shipping_profile_id, id, created_at, updated_at, deleted_at) VALUES ('prod_01KRNSQBXVM9E010A6HMPKWANJ', 'sp_01KRNSQ8A0881ZA1SHSFXV6NV8', 'prodsp_01KRNSQBYV3NTWSP1H79GMEJQV', '2026-05-15 12:28:03.931801+00', '2026-05-15 12:28:03.931801+00', NULL) ON CONFLICT DO NOTHING;
INSERT INTO public.product_shipping_profile (product_id, shipping_profile_id, id, created_at, updated_at, deleted_at) VALUES ('prod_01KRNSQBZ223ZK21DV2RVAR25S', 'sp_01KRNSQ7NHSTBB0QRMA8KDNMCS', 'prodsp_01KRNSQC00WQN32F8H3XXGAW6N', '2026-05-15 12:28:03.96861+00', '2026-05-15 12:28:03.96861+00', NULL) ON CONFLICT DO NOTHING;
INSERT INTO public.product_shipping_profile (product_id, shipping_profile_id, id, created_at, updated_at, deleted_at) VALUES ('prod_01KRNSQC07HDVW24JB2KFD1YQE', 'sp_01KRNSQ80683RSJ64X26NHP2Q9', 'prodsp_01KRNSQC16F2E1YRQ6N6N7YW36', '2026-05-15 12:28:04.006659+00', '2026-05-15 12:28:04.006659+00', NULL) ON CONFLICT DO NOTHING;
INSERT INTO public.product_shipping_profile (product_id, shipping_profile_id, id, created_at, updated_at, deleted_at) VALUES ('prod_01KRNSQC1G8MVTF3FZ92XTNWHH', 'sp_01KRNSQ80683RSJ64X26NHP2Q9', 'prodsp_01KRNSQC2X8X2ZQ59DGWWP27BR', '2026-05-15 12:28:04.06174+00', '2026-05-15 12:28:04.06174+00', NULL) ON CONFLICT DO NOTHING;
INSERT INTO public.product_shipping_profile (product_id, shipping_profile_id, id, created_at, updated_at, deleted_at) VALUES ('prod_01KRNSQC351254WDSB681S4R2Y', 'sp_01KRNSQ99DW05JB4AT8QXF37XJ', 'prodsp_01KRNSQC457D1WBGAQMDED24HA', '2026-05-15 12:28:04.10146+00', '2026-05-15 12:28:04.10146+00', NULL) ON CONFLICT DO NOTHING;
INSERT INTO public.product_shipping_profile (product_id, shipping_profile_id, id, created_at, updated_at, deleted_at) VALUES ('prod_01KRNSQC4D6JHJV7GJVTHX8T7E', 'sp_01KRNSQ8QB7EH2GGN2021F6BKT', 'prodsp_01KRNSQC5C9XCNY2GSD7S0M5Y7', '2026-05-15 12:28:04.140284+00', '2026-05-15 12:28:04.140284+00', NULL) ON CONFLICT DO NOTHING;
INSERT INTO public.product_shipping_profile (product_id, shipping_profile_id, id, created_at, updated_at, deleted_at) VALUES ('prod_01KRNSQC5JETE0XT40GVX19BRW', 'sp_01KRNSQ93CQSCNK95V3XFA2PKH', 'prodsp_01KRNSQC6JZZGNFS5FXVJ9GKGR', '2026-05-15 12:28:04.178448+00', '2026-05-15 12:28:04.178448+00', NULL) ON CONFLICT DO NOTHING;
INSERT INTO public.product_shipping_profile (product_id, shipping_profile_id, id, created_at, updated_at, deleted_at) VALUES ('prod_01KRNSQC6S1GHA149S77ZM9YXQ', 'sp_01KRNSQ93CQSCNK95V3XFA2PKH', 'prodsp_01KRNSQC7QVEZJMAEKB6CMM2B9', '2026-05-15 12:28:04.215455+00', '2026-05-15 12:28:04.215455+00', NULL) ON CONFLICT DO NOTHING;
INSERT INTO public.product_shipping_profile (product_id, shipping_profile_id, id, created_at, updated_at, deleted_at) VALUES ('prod_01KRNSQC7XBMZ52NB0BW430SAP', 'sp_01KRNSQA3E4TM1XVJGFQ0T1DKW', 'prodsp_01KRNSQC8TCJ1WJM2VT9F6KJSQ', '2026-05-15 12:28:04.250577+00', '2026-05-15 12:28:04.250577+00', NULL) ON CONFLICT DO NOTHING;
INSERT INTO public.product_shipping_profile (product_id, shipping_profile_id, id, created_at, updated_at, deleted_at) VALUES ('prod_01KRNSQC91T059MEKK2H3P1Q1H', 'sp_01KRNSQ9T1CBG22S4ZARH32T6Z', 'prodsp_01KRNSQCA0HZ37J6DZCQECGVHF', '2026-05-15 12:28:04.288456+00', '2026-05-15 12:28:04.288456+00', NULL) ON CONFLICT DO NOTHING;
INSERT INTO public.product_shipping_profile (product_id, shipping_profile_id, id, created_at, updated_at, deleted_at) VALUES ('prod_01KRNSQCA9D2ZQXQPH986KNARS', 'sp_01KRNSQA8RRCXESY7EQ2CF3D24', 'prodsp_01KRNSQCB87W1RTHY7FF5G99BA', '2026-05-15 12:28:04.327989+00', '2026-05-15 12:28:04.327989+00', NULL) ON CONFLICT DO NOTHING;
INSERT INTO public.product_shipping_profile (product_id, shipping_profile_id, id, created_at, updated_at, deleted_at) VALUES ('prod_01KRNSQCBFMBXF08AB1Z2EB6XE', 'sp_01KRNSQ9Z282944K473D3YES0N', 'prodsp_01KRNSQCCKH448PG5M0RM0KWX5', '2026-05-15 12:28:04.371662+00', '2026-05-15 12:28:04.371662+00', NULL) ON CONFLICT DO NOTHING;
INSERT INTO public.product_shipping_profile (product_id, shipping_profile_id, id, created_at, updated_at, deleted_at) VALUES ('prod_01KRNSQCCYAAN5E41XBQV7SABC', 'sp_01KRNSQABJ8K40GSZCRFZR0CT7', 'prodsp_01KRNSQCF93FN6T5J271CZE81N', '2026-05-15 12:28:04.457347+00', '2026-05-15 12:28:04.457347+00', NULL) ON CONFLICT DO NOTHING;
INSERT INTO public.product_shipping_profile (product_id, shipping_profile_id, id, created_at, updated_at, deleted_at) VALUES ('prod_01KRNSQCFG5CE0JWK0T524EPW8', 'sp_01KRNSQA65PEZQV8ES5GPG5N7S', 'prodsp_01KRNSQCGDFX90V4KJ9Z6A1ZBX', '2026-05-15 12:28:04.492955+00', '2026-05-15 12:28:04.492955+00', NULL) ON CONFLICT DO NOTHING;
INSERT INTO public.product_shipping_profile (product_id, shipping_profile_id, id, created_at, updated_at, deleted_at) VALUES ('prod_01KRNSQCGK1XVNWM462E6DX362', 'sp_01KRNSQAS8A94W7EJV2CMW2DFJ', 'prodsp_01KRNSQCHGRSPPZXAH7HY5JYFA', '2026-05-15 12:28:04.528383+00', '2026-05-15 12:28:04.528383+00', NULL) ON CONFLICT DO NOTHING;
INSERT INTO public.product_shipping_profile (product_id, shipping_profile_id, id, created_at, updated_at, deleted_at) VALUES ('prod_01KRNSQCHNGY2WR10TNQRT9NND', 'sp_01KRNSQAHA0CC1PMT3S542BG82', 'prodsp_01KRNSQCJKKCMVCZN6V91DKD10', '2026-05-15 12:28:04.563731+00', '2026-05-15 12:28:04.563731+00', NULL) ON CONFLICT DO NOTHING;
INSERT INTO public.product_shipping_profile (product_id, shipping_profile_id, id, created_at, updated_at, deleted_at) VALUES ('prod_01KRNSQCKYQFWCW178RPVBX8PE', 'sp_01KRNSQ9QGNGYWR7J7QW9BVJ2R', 'prodsp_01KRNSQCMWGFG0JCRKJQDTBNRV', '2026-05-15 12:28:04.636145+00', '2026-05-15 12:28:04.636145+00', NULL) ON CONFLICT DO NOTHING;
INSERT INTO public.product_shipping_profile (product_id, shipping_profile_id, id, created_at, updated_at, deleted_at) VALUES ('prod_01KRNSQCPPGZN4JY1WGHSD86EA', 'sp_01KRNSQAXZ5XMN2146RPEHMDNG', 'prodsp_01KRNSQCQKECZTZGZHT373XCH3', '2026-05-15 12:28:04.723055+00', '2026-05-15 12:28:04.723055+00', NULL) ON CONFLICT DO NOTHING;
INSERT INTO public.product_shipping_profile (product_id, shipping_profile_id, id, created_at, updated_at, deleted_at) VALUES ('prod_01KRNSQCRX9WWGTW4C4Z23K39T', 'sp_01KRNSQBB9PMB915VDD84VFD1E', 'prodsp_01KRNSQCSS17NG9YV8NXZCEYRC', '2026-05-15 12:28:04.793812+00', '2026-05-15 12:28:04.793812+00', NULL) ON CONFLICT DO NOTHING;
INSERT INTO public.product_shipping_profile (product_id, shipping_profile_id, id, created_at, updated_at, deleted_at) VALUES ('prod_01KRNSQCV7SDMMW41HRB61RVYT', 'sp_01KRNSQBB9PMB915VDD84VFD1E', 'prodsp_01KRNSQCVY2DWXM0T7GYGGGWRS', '2026-05-15 12:28:04.862551+00', '2026-05-15 12:28:04.862551+00', NULL) ON CONFLICT DO NOTHING;
INSERT INTO public.product_shipping_profile (product_id, shipping_profile_id, id, created_at, updated_at, deleted_at) VALUES ('prod_01KRNSQCXS53KYEYF194BZQ4RF', 'sp_01KRNSQB3BR8AXAJKH5ZS25V96', 'prodsp_01KRNSQCZ040PXKADXTCEK6GWW', '2026-05-15 12:28:04.960114+00', '2026-05-15 12:28:04.960114+00', NULL) ON CONFLICT DO NOTHING;
INSERT INTO public.product_shipping_profile (product_id, shipping_profile_id, id, created_at, updated_at, deleted_at) VALUES ('prod_01KRNSQD18WP92YPY9EGFKQATZ', 'sp_01KRNSQ9C3MG5D1HFB6E5MQQ4Q', 'prodsp_01KRNSQD2PEXZW3Q3F74T8775C', '2026-05-15 12:28:05.078594+00', '2026-05-15 12:28:05.078594+00', NULL) ON CONFLICT DO NOTHING;
INSERT INTO public.product_shipping_profile (product_id, shipping_profile_id, id, created_at, updated_at, deleted_at) VALUES ('prod_01KRNSQD4EZXNV9N52MV130Z3X', 'sp_01KRNSQ9C3MG5D1HFB6E5MQQ4Q', 'prodsp_01KRNSQD5AXKBSZRFXEPQZZVPP', '2026-05-15 12:28:05.162354+00', '2026-05-15 12:28:05.162354+00', NULL) ON CONFLICT DO NOTHING;
INSERT INTO public.product_shipping_profile (product_id, shipping_profile_id, id, created_at, updated_at, deleted_at) VALUES ('prod_01KRNSQD72GB26BCJVS0X19YG1', 'sp_01KRNSQB8Q99TX1DJ5CSB08FB2', 'prodsp_01KRNSQDFEPYAPB6FENSJECZWJ', '2026-05-15 12:28:05.486437+00', '2026-05-15 12:28:05.486437+00', NULL) ON CONFLICT DO NOTHING;
INSERT INTO public.product_shipping_profile (product_id, shipping_profile_id, id, created_at, updated_at, deleted_at) VALUES ('prod_01KRNSQDHW0CVX1MKVVWRZ2Y5T', 'sp_01KRNSQB8Q99TX1DJ5CSB08FB2', 'prodsp_01KRNSQDKDCVBDC2GSXVTTAREC', '2026-05-15 12:28:05.61274+00', '2026-05-15 12:28:05.61274+00', NULL) ON CONFLICT DO NOTHING;
INSERT INTO public.product_shipping_profile (product_id, shipping_profile_id, id, created_at, updated_at, deleted_at) VALUES ('prod_01KRNSQDQYEWA41104P4GRCXXF', 'sp_01KRNSQB8Q99TX1DJ5CSB08FB2', 'prodsp_01KRNSQDSR0EP7ZK36YPSEPH18', '2026-05-15 12:28:05.815926+00', '2026-05-15 12:28:05.815926+00', NULL) ON CONFLICT DO NOTHING;
INSERT INTO public.product_shipping_profile (product_id, shipping_profile_id, id, created_at, updated_at, deleted_at) VALUES ('prod_01KRNSQCJV08C6MC82KFY7WEM4', 'sp_01KRNSQB0P6S0P2TSN0DPQR4PY', 'prodsp_01KRNSQCKNP8HXJCF87RG8VND1', '2026-05-15 12:28:04.597437+00', '2026-05-15 12:28:04.597437+00', NULL) ON CONFLICT DO NOTHING;
INSERT INTO public.product_shipping_profile (product_id, shipping_profile_id, id, created_at, updated_at, deleted_at) VALUES ('prod_01KRNSQCN5ZAC7889GDFS0XKG5', 'sp_01KRNSQAPRT2Z3DY9A7ZN0J6N7', 'prodsp_01KRNSQCPGHG8MC7AGHGK15DD1', '2026-05-15 12:28:04.687932+00', '2026-05-15 12:28:04.687932+00', NULL) ON CONFLICT DO NOTHING;
INSERT INTO public.product_shipping_profile (product_id, shipping_profile_id, id, created_at, updated_at, deleted_at) VALUES ('prod_01KRNSQCQSMKEP1MMZSTKSFZ4S', 'sp_01KRNSQB3BR8AXAJKH5ZS25V96', 'prodsp_01KRNSQCRR6PJTXYS8RA8MTWS9', '2026-05-15 12:28:04.760138+00', '2026-05-15 12:28:04.760138+00', NULL) ON CONFLICT DO NOTHING;
INSERT INTO public.product_shipping_profile (product_id, shipping_profile_id, id, created_at, updated_at, deleted_at) VALUES ('prod_01KRNSQCT0AR40A3WCVXMX0NC2', 'sp_01KRNSQB61AQDJ03HWDZ7YQ703', 'prodsp_01KRNSQCTYYSCA8S8YHEZG2PB9', '2026-05-15 12:28:04.830045+00', '2026-05-15 12:28:04.830045+00', NULL) ON CONFLICT DO NOTHING;
INSERT INTO public.product_shipping_profile (product_id, shipping_profile_id, id, created_at, updated_at, deleted_at) VALUES ('prod_01KRNSQCW7438HQX7JCCJ4M8ZF', 'sp_01KRNSQ9J6S4GA0RJVMPYT66AP', 'prodsp_01KRNSQCXG6P8H7PFY0JY51C50', '2026-05-15 12:28:04.912812+00', '2026-05-15 12:28:04.912812+00', NULL) ON CONFLICT DO NOTHING;
INSERT INTO public.product_shipping_profile (product_id, shipping_profile_id, id, created_at, updated_at, deleted_at) VALUES ('prod_01KRNSQCZ60QW28WGD1MJ5S0CF', 'sp_01KRNSQ9C3MG5D1HFB6E5MQQ4Q', 'prodsp_01KRNSQD0GX7ZGA6XH8NFDTPTH', '2026-05-15 12:28:05.008387+00', '2026-05-15 12:28:05.008387+00', NULL) ON CONFLICT DO NOTHING;
INSERT INTO public.product_shipping_profile (product_id, shipping_profile_id, id, created_at, updated_at, deleted_at) VALUES ('prod_01KRNSQD2Z35FGX5WKDJNBC29A', 'sp_01KRNSQ9J6S4GA0RJVMPYT66AP', 'prodsp_01KRNSQD48T40N6WF27NV3G8YN', '2026-05-15 12:28:05.128253+00', '2026-05-15 12:28:05.128253+00', NULL) ON CONFLICT DO NOTHING;
INSERT INTO public.product_shipping_profile (product_id, shipping_profile_id, id, created_at, updated_at, deleted_at) VALUES ('prod_01KRNSQD5HW64MPF9QNRCZNG08', 'sp_01KRNSQ9C3MG5D1HFB6E5MQQ4Q', 'prodsp_01KRNSQD6QS4V8QQ3ENN3ZWRJX', '2026-05-15 12:28:05.207046+00', '2026-05-15 12:28:05.207046+00', NULL) ON CONFLICT DO NOTHING;
INSERT INTO public.product_shipping_profile (product_id, shipping_profile_id, id, created_at, updated_at, deleted_at) VALUES ('prod_01KRNSQDFXQBMC9TZVDWSD6XYK', 'sp_01KRNSQ93CQSCNK95V3XFA2PKH', 'prodsp_01KRNSQDHJQW9A45P7TN9DPY8X', '2026-05-15 12:28:05.554451+00', '2026-05-15 12:28:05.554451+00', NULL) ON CONFLICT DO NOTHING;
INSERT INTO public.product_shipping_profile (product_id, shipping_profile_id, id, created_at, updated_at, deleted_at) VALUES ('prod_01KRNSQDKQRTQ6ERP4JAKZS8BT', 'sp_01KRNSQB8Q99TX1DJ5CSB08FB2', 'prodsp_01KRNSQDPZYGMTXN8S93V9RPY9', '2026-05-15 12:28:05.726529+00', '2026-05-15 12:28:05.726529+00', NULL) ON CONFLICT DO NOTHING;


ALTER TABLE public.product_shipping_profile ENABLE TRIGGER ALL;

--
-- Data for Name: product_tag; Type: TABLE DATA; Schema: public; Owner: -
--

ALTER TABLE public.product_tag DISABLE TRIGGER ALL;



ALTER TABLE public.product_tag ENABLE TRIGGER ALL;

--
-- Data for Name: product_tags; Type: TABLE DATA; Schema: public; Owner: -
--

ALTER TABLE public.product_tags DISABLE TRIGGER ALL;



ALTER TABLE public.product_tags ENABLE TRIGGER ALL;

--
-- Data for Name: product_variant; Type: TABLE DATA; Schema: public; Owner: -
--

ALTER TABLE public.product_variant DISABLE TRIGGER ALL;

INSERT INTO public.product_variant (id, title, sku, barcode, ean, upc, allow_backorder, manage_inventory, hs_code, origin_country, mid_code, material, weight, length, height, width, metadata, variant_rank, product_id, created_at, updated_at, deleted_at) VALUES ('variant_01KRNSQBNAYQPFTQX933SFGEGE', 'Default', 'sittax-simples-default', NULL, NULL, NULL, false, true, NULL, NULL, NULL, NULL, NULL, NULL, NULL, NULL, NULL, 0, 'prod_01KRNSQBKZJRY3PMWV07MAVKEV', '2026-05-15 12:28:03.626+00', '2026-05-15 12:28:03.626+00', NULL) ON CONFLICT DO NOTHING;
INSERT INTO public.product_variant (id, title, sku, barcode, ean, upc, allow_backorder, manage_inventory, hs_code, origin_country, mid_code, material, weight, length, height, width, metadata, variant_rank, product_id, created_at, updated_at, deleted_at) VALUES ('variant_01KRNSQBRB0WKF1807CNK7P2JZ', 'Default', 'elo-fiscal-default', NULL, NULL, NULL, false, true, NULL, NULL, NULL, NULL, NULL, NULL, NULL, NULL, NULL, 0, 'prod_01KRNSQBQWDX5Q71H2DJSK00V9', '2026-05-15 12:28:03.723+00', '2026-05-15 12:28:03.723+00', NULL) ON CONFLICT DO NOTHING;
INSERT INTO public.product_variant (id, title, sku, barcode, ean, upc, allow_backorder, manage_inventory, hs_code, origin_country, mid_code, material, weight, length, height, width, metadata, variant_rank, product_id, created_at, updated_at, deleted_at) VALUES ('variant_01KRNSQBVSW5WND92A4YJWYHX7', 'Default', 'tax-sheets-default', NULL, NULL, NULL, false, true, NULL, NULL, NULL, NULL, NULL, NULL, NULL, NULL, NULL, 0, 'prod_01KRNSQBTRJ7VDZJRA9FZZA776', '2026-05-15 12:28:03.833+00', '2026-05-15 12:28:03.833+00', NULL) ON CONFLICT DO NOTHING;
INSERT INTO public.product_variant (id, title, sku, barcode, ean, upc, allow_backorder, manage_inventory, hs_code, origin_country, mid_code, material, weight, length, height, width, metadata, variant_rank, product_id, created_at, updated_at, deleted_at) VALUES ('variant_01KRNSQBY68XMFNW879YCQVDQ8', 'Default', 'sistema-ma-default', NULL, NULL, NULL, false, true, NULL, NULL, NULL, NULL, NULL, NULL, NULL, NULL, NULL, 0, 'prod_01KRNSQBXVM9E010A6HMPKWANJ', '2026-05-15 12:28:03.91+00', '2026-05-15 12:28:03.91+00', NULL) ON CONFLICT DO NOTHING;
INSERT INTO public.product_variant (id, title, sku, barcode, ean, upc, allow_backorder, manage_inventory, hs_code, origin_country, mid_code, material, weight, length, height, width, metadata, variant_rank, product_id, created_at, updated_at, deleted_at) VALUES ('variant_01KRNSQBZBW6YR00NTXG4FH729', 'Default', 'tax-dashs-default', NULL, NULL, NULL, false, true, NULL, NULL, NULL, NULL, NULL, NULL, NULL, NULL, NULL, 0, 'prod_01KRNSQBZ223ZK21DV2RVAR25S', '2026-05-15 12:28:03.948+00', '2026-05-15 12:28:03.948+00', NULL) ON CONFLICT DO NOTHING;
INSERT INTO public.product_variant (id, title, sku, barcode, ean, upc, allow_backorder, manage_inventory, hs_code, origin_country, mid_code, material, weight, length, height, width, metadata, variant_rank, product_id, created_at, updated_at, deleted_at) VALUES ('variant_01KRNSQC0G70HZVK5R4K8TTPCK', 'Default', 'busca-legal-t2-default', NULL, NULL, NULL, false, true, NULL, NULL, NULL, NULL, NULL, NULL, NULL, NULL, NULL, 0, 'prod_01KRNSQC07HDVW24JB2KFD1YQE', '2026-05-15 12:28:03.985+00', '2026-05-15 12:28:03.985+00', NULL) ON CONFLICT DO NOTHING;
INSERT INTO public.product_variant (id, title, sku, barcode, ean, upc, allow_backorder, manage_inventory, hs_code, origin_country, mid_code, material, weight, length, height, width, metadata, variant_rank, product_id, created_at, updated_at, deleted_at) VALUES ('variant_01KRNSQC27YHZERRETTC05HC56', 'Default', 'busca-legal-ts-default', NULL, NULL, NULL, false, true, NULL, NULL, NULL, NULL, NULL, NULL, NULL, NULL, NULL, 0, 'prod_01KRNSQC1G8MVTF3FZ92XTNWHH', '2026-05-15 12:28:04.039+00', '2026-05-15 12:28:04.039+00', NULL) ON CONFLICT DO NOTHING;
INSERT INTO public.product_variant (id, title, sku, barcode, ean, upc, allow_backorder, manage_inventory, hs_code, origin_country, mid_code, material, weight, length, height, width, metadata, variant_rank, product_id, created_at, updated_at, deleted_at) VALUES ('variant_01KRNSQC3FBM9MYF6YRDG26BQ8', 'Default', 'brinta-cloud-default', NULL, NULL, NULL, false, true, NULL, NULL, NULL, NULL, NULL, NULL, NULL, NULL, NULL, 0, 'prod_01KRNSQC351254WDSB681S4R2Y', '2026-05-15 12:28:04.079+00', '2026-05-15 12:28:04.079+00', NULL) ON CONFLICT DO NOTHING;
INSERT INTO public.product_variant (id, title, sku, barcode, ean, upc, allow_backorder, manage_inventory, hs_code, origin_country, mid_code, material, weight, length, height, width, metadata, variant_rank, product_id, created_at, updated_at, deleted_at) VALUES ('variant_01KRNSQC4R4C910QK9NPEX7F46', 'Default', 'revizia-default', NULL, NULL, NULL, false, true, NULL, NULL, NULL, NULL, NULL, NULL, NULL, NULL, NULL, 0, 'prod_01KRNSQC4D6JHJV7GJVTHX8T7E', '2026-05-15 12:28:04.12+00', '2026-05-15 12:28:04.12+00', NULL) ON CONFLICT DO NOTHING;
INSERT INTO public.product_variant (id, title, sku, barcode, ean, upc, allow_backorder, manage_inventory, hs_code, origin_country, mid_code, material, weight, length, height, width, metadata, variant_rank, product_id, created_at, updated_at, deleted_at) VALUES ('variant_01KRNSQC5WDQBM5T3A0E2RPSZJ', 'Default', 'tax-true-default', NULL, NULL, NULL, false, true, NULL, NULL, NULL, NULL, NULL, NULL, NULL, NULL, NULL, 0, 'prod_01KRNSQC5JETE0XT40GVX19BRW', '2026-05-15 12:28:04.156+00', '2026-05-15 12:28:04.156+00', NULL) ON CONFLICT DO NOTHING;
INSERT INTO public.product_variant (id, title, sku, barcode, ean, upc, allow_backorder, manage_inventory, hs_code, origin_country, mid_code, material, weight, length, height, width, metadata, variant_rank, product_id, created_at, updated_at, deleted_at) VALUES ('variant_01KRNSQC71MV92MRTPC81MN6TW', 'Default', 'discovery-default', NULL, NULL, NULL, false, true, NULL, NULL, NULL, NULL, NULL, NULL, NULL, NULL, NULL, 0, 'prod_01KRNSQC6S1GHA149S77ZM9YXQ', '2026-05-15 12:28:04.193+00', '2026-05-15 12:28:04.193+00', NULL) ON CONFLICT DO NOTHING;
INSERT INTO public.product_variant (id, title, sku, barcode, ean, upc, allow_backorder, manage_inventory, hs_code, origin_country, mid_code, material, weight, length, height, width, metadata, variant_rank, product_id, created_at, updated_at, deleted_at) VALUES ('variant_01KRNSQC86ENEQ27Z5BRVPX3SX', 'Default', 'legal-tech-default', NULL, NULL, NULL, false, true, NULL, NULL, NULL, NULL, NULL, NULL, NULL, NULL, NULL, 0, 'prod_01KRNSQC7XBMZ52NB0BW430SAP', '2026-05-15 12:28:04.231+00', '2026-05-15 12:28:04.231+00', NULL) ON CONFLICT DO NOTHING;
INSERT INTO public.product_variant (id, title, sku, barcode, ean, upc, allow_backorder, manage_inventory, hs_code, origin_country, mid_code, material, weight, length, height, width, metadata, variant_rank, product_id, created_at, updated_at, deleted_at) VALUES ('variant_01KRNSQC9AC32D3QR3YAFTW4AB', 'Default', 'camu-recebimento-de-notas-fiscais-default', NULL, NULL, NULL, false, true, NULL, NULL, NULL, NULL, NULL, NULL, NULL, NULL, NULL, 0, 'prod_01KRNSQC91T059MEKK2H3P1Q1H', '2026-05-15 12:28:04.266+00', '2026-05-15 12:28:04.266+00', NULL) ON CONFLICT DO NOTHING;
INSERT INTO public.product_variant (id, title, sku, barcode, ean, upc, allow_backorder, manage_inventory, hs_code, origin_country, mid_code, material, weight, length, height, width, metadata, variant_rank, product_id, created_at, updated_at, deleted_at) VALUES ('variant_01KRNSQCAHRZZQ8DPGKZR2W42A', 'Default', 'numix-default', NULL, NULL, NULL, false, true, NULL, NULL, NULL, NULL, NULL, NULL, NULL, NULL, NULL, 0, 'prod_01KRNSQCA9D2ZQXQPH986KNARS', '2026-05-15 12:28:04.305+00', '2026-05-15 12:28:04.305+00', NULL) ON CONFLICT DO NOTHING;
INSERT INTO public.product_variant (id, title, sku, barcode, ean, upc, allow_backorder, manage_inventory, hs_code, origin_country, mid_code, material, weight, length, height, width, metadata, variant_rank, product_id, created_at, updated_at, deleted_at) VALUES ('variant_01KRNSQCBSS0D9K40DCQRAV12Z', 'Default', 'simoes-pires-default', NULL, NULL, NULL, false, true, NULL, NULL, NULL, NULL, NULL, NULL, NULL, NULL, NULL, 0, 'prod_01KRNSQCBFMBXF08AB1Z2EB6XE', '2026-05-15 12:28:04.345+00', '2026-05-15 12:28:04.345+00', NULL) ON CONFLICT DO NOTHING;
INSERT INTO public.product_variant (id, title, sku, barcode, ean, upc, allow_backorder, manage_inventory, hs_code, origin_country, mid_code, material, weight, length, height, width, metadata, variant_rank, product_id, created_at, updated_at, deleted_at) VALUES ('variant_01KRNSQCDVAG1R25GREFC3TNNJ', 'Default', 'syntax-default', NULL, NULL, NULL, false, true, NULL, NULL, NULL, NULL, NULL, NULL, NULL, NULL, NULL, 0, 'prod_01KRNSQCCYAAN5E41XBQV7SABC', '2026-05-15 12:28:04.411+00', '2026-05-15 12:28:04.411+00', NULL) ON CONFLICT DO NOTHING;
INSERT INTO public.product_variant (id, title, sku, barcode, ean, upc, allow_backorder, manage_inventory, hs_code, origin_country, mid_code, material, weight, length, height, width, metadata, variant_rank, product_id, created_at, updated_at, deleted_at) VALUES ('variant_01KRNSQCFVEXYRSP1T70712EV4', 'Default', 'supplier-manager-default', NULL, NULL, NULL, false, true, NULL, NULL, NULL, NULL, NULL, NULL, NULL, NULL, NULL, 0, 'prod_01KRNSQCFG5CE0JWK0T524EPW8', '2026-05-15 12:28:04.475+00', '2026-05-15 12:28:04.475+00', NULL) ON CONFLICT DO NOTHING;
INSERT INTO public.product_variant (id, title, sku, barcode, ean, upc, allow_backorder, manage_inventory, hs_code, origin_country, mid_code, material, weight, length, height, width, metadata, variant_rank, product_id, created_at, updated_at, deleted_at) VALUES ('variant_01KRNSQCGWB0JNASF6CG5F0EQE', 'Default', 'corretor-automatico-do-sped-e-auditoria-default', NULL, NULL, NULL, false, true, NULL, NULL, NULL, NULL, NULL, NULL, NULL, NULL, NULL, 0, 'prod_01KRNSQCGK1XVNWM462E6DX362', '2026-05-15 12:28:04.508+00', '2026-05-15 12:28:04.508+00', NULL) ON CONFLICT DO NOTHING;
INSERT INTO public.product_variant (id, title, sku, barcode, ean, upc, allow_backorder, manage_inventory, hs_code, origin_country, mid_code, material, weight, length, height, width, metadata, variant_rank, product_id, created_at, updated_at, deleted_at) VALUES ('variant_01KRNSQCHYWKEQRX3A0CF6DK2H', 'Default', 'v360-default', NULL, NULL, NULL, false, true, NULL, NULL, NULL, NULL, NULL, NULL, NULL, NULL, NULL, 0, 'prod_01KRNSQCHNGY2WR10TNQRT9NND', '2026-05-15 12:28:04.542+00', '2026-05-15 12:28:04.542+00', NULL) ON CONFLICT DO NOTHING;
INSERT INTO public.product_variant (id, title, sku, barcode, ean, upc, allow_backorder, manage_inventory, hs_code, origin_country, mid_code, material, weight, length, height, width, metadata, variant_rank, product_id, created_at, updated_at, deleted_at) VALUES ('variant_01KRNSQCK35PA7NTK20XHK5NPA', 'Default', 'programa-avancado-implementacao-da-reforma-tributaria-default', NULL, NULL, NULL, false, true, NULL, NULL, NULL, NULL, NULL, NULL, NULL, NULL, NULL, 0, 'prod_01KRNSQCJV08C6MC82KFY7WEM4', '2026-05-15 12:28:04.579+00', '2026-05-15 12:28:04.579+00', NULL) ON CONFLICT DO NOTHING;
INSERT INTO public.product_variant (id, title, sku, barcode, ean, upc, allow_backorder, manage_inventory, hs_code, origin_country, mid_code, material, weight, length, height, width, metadata, variant_rank, product_id, created_at, updated_at, deleted_at) VALUES ('variant_01KRNSQCM7F7BMS27MTXRXXB7Q', 'Default', 'full-tax-service-default', NULL, NULL, NULL, false, true, NULL, NULL, NULL, NULL, NULL, NULL, NULL, NULL, NULL, 0, 'prod_01KRNSQCKYQFWCW178RPVBX8PE', '2026-05-15 12:28:04.616+00', '2026-05-15 12:28:04.616+00', NULL) ON CONFLICT DO NOTHING;
INSERT INTO public.product_variant (id, title, sku, barcode, ean, upc, allow_backorder, manage_inventory, hs_code, origin_country, mid_code, material, weight, length, height, width, metadata, variant_rank, product_id, created_at, updated_at, deleted_at) VALUES ('variant_01KRNSQCNQDSE0ZR90CZW0263F', 'Default', 'consultoria-de-implementacao-da-reforma-tributaria-default', NULL, NULL, NULL, false, true, NULL, NULL, NULL, NULL, NULL, NULL, NULL, NULL, NULL, 0, 'prod_01KRNSQCN5ZAC7889GDFS0XKG5', '2026-05-15 12:28:04.664+00', '2026-05-15 12:28:04.664+00', NULL) ON CONFLICT DO NOTHING;
INSERT INTO public.product_variant (id, title, sku, barcode, ean, upc, allow_backorder, manage_inventory, hs_code, origin_country, mid_code, material, weight, length, height, width, metadata, variant_rank, product_id, created_at, updated_at, deleted_at) VALUES ('variant_01KRNSQCPZ01ZCQ4FNNN0EC47T', 'Default', 'conta-digital-empresarial-logisbank-default', NULL, NULL, NULL, false, true, NULL, NULL, NULL, NULL, NULL, NULL, NULL, NULL, NULL, 0, 'prod_01KRNSQCPPGZN4JY1WGHSD86EA', '2026-05-15 12:28:04.703+00', '2026-05-15 12:28:04.703+00', NULL) ON CONFLICT DO NOTHING;
INSERT INTO public.product_variant (id, title, sku, barcode, ean, upc, allow_backorder, manage_inventory, hs_code, origin_country, mid_code, material, weight, length, height, width, metadata, variant_rank, product_id, created_at, updated_at, deleted_at) VALUES ('variant_01KRNSQCR0QBX0D8ZYQZQ8JCR9', 'Default', 'total-compliance-default', NULL, NULL, NULL, false, true, NULL, NULL, NULL, NULL, NULL, NULL, NULL, NULL, NULL, 0, 'prod_01KRNSQCQSMKEP1MMZSTKSFZ4S', '2026-05-15 12:28:04.736+00', '2026-05-15 12:28:04.736+00', NULL) ON CONFLICT DO NOTHING;
INSERT INTO public.product_variant (id, title, sku, barcode, ean, upc, allow_backorder, manage_inventory, hs_code, origin_country, mid_code, material, weight, length, height, width, metadata, variant_rank, product_id, created_at, updated_at, deleted_at) VALUES ('variant_01KRNSQCS670S15FPSG8HMB9KT', 'Default', 'educacao-e-mentoria-tributaria-default', NULL, NULL, NULL, false, true, NULL, NULL, NULL, NULL, NULL, NULL, NULL, NULL, NULL, 0, 'prod_01KRNSQCRX9WWGTW4C4Z23K39T', '2026-05-15 12:28:04.774+00', '2026-05-15 12:28:04.774+00', NULL) ON CONFLICT DO NOTHING;
INSERT INTO public.product_variant (id, title, sku, barcode, ean, upc, allow_backorder, manage_inventory, hs_code, origin_country, mid_code, material, weight, length, height, width, metadata, variant_rank, product_id, created_at, updated_at, deleted_at) VALUES ('variant_01KRNSQCT700AZ3YQRXJGCVE0J', 'Default', 'consultoria-planing-default', NULL, NULL, NULL, false, true, NULL, NULL, NULL, NULL, NULL, NULL, NULL, NULL, NULL, 0, 'prod_01KRNSQCT0AR40A3WCVXMX0NC2', '2026-05-15 12:28:04.807+00', '2026-05-15 12:28:04.807+00', NULL) ON CONFLICT DO NOTHING;
INSERT INTO public.product_variant (id, title, sku, barcode, ean, upc, allow_backorder, manage_inventory, hs_code, origin_country, mid_code, material, weight, length, height, width, metadata, variant_rank, product_id, created_at, updated_at, deleted_at) VALUES ('variant_01KRNSQCVEY2083GYMEGZXGGTQ', 'Default', 'consultoria-tributaria-especializada-default', NULL, NULL, NULL, false, true, NULL, NULL, NULL, NULL, NULL, NULL, NULL, NULL, NULL, 0, 'prod_01KRNSQCV7SDMMW41HRB61RVYT', '2026-05-15 12:28:04.846+00', '2026-05-15 12:28:04.846+00', NULL) ON CONFLICT DO NOTHING;
INSERT INTO public.product_variant (id, title, sku, barcode, ean, upc, allow_backorder, manage_inventory, hs_code, origin_country, mid_code, material, weight, length, height, width, metadata, variant_rank, product_id, created_at, updated_at, deleted_at) VALUES ('variant_01KRNSQCWFST2FZ6PZKVPW8NCW', 'Default', 'fs4you-consultoria-default', NULL, NULL, NULL, false, true, NULL, NULL, NULL, NULL, NULL, NULL, NULL, NULL, NULL, 0, 'prod_01KRNSQCW7438HQX7JCCJ4M8ZF', '2026-05-15 12:28:04.88+00', '2026-05-15 12:28:04.88+00', NULL) ON CONFLICT DO NOTHING;
INSERT INTO public.product_variant (id, title, sku, barcode, ean, upc, allow_backorder, manage_inventory, hs_code, origin_country, mid_code, material, weight, length, height, width, metadata, variant_rank, product_id, created_at, updated_at, deleted_at) VALUES ('variant_01KRNSQCYE35A3GXQR03HHKV5F', 'Default', 'total-inbound-default', NULL, NULL, NULL, false, true, NULL, NULL, NULL, NULL, NULL, NULL, NULL, NULL, NULL, 0, 'prod_01KRNSQCXS53KYEYF194BZQ4RF', '2026-05-15 12:28:04.942+00', '2026-05-15 12:28:04.942+00', NULL) ON CONFLICT DO NOTHING;
INSERT INTO public.product_variant (id, title, sku, barcode, ean, upc, allow_backorder, manage_inventory, hs_code, origin_country, mid_code, material, weight, length, height, width, metadata, variant_rank, product_id, created_at, updated_at, deleted_at) VALUES ('variant_01KRNSQCZGRFXSSX0RAF1RVVF7', 'Default', 'tools-default', NULL, NULL, NULL, false, true, NULL, NULL, NULL, NULL, NULL, NULL, NULL, NULL, NULL, 0, 'prod_01KRNSQCZ60QW28WGD1MJ5S0CF', '2026-05-15 12:28:04.976+00', '2026-05-15 12:28:04.976+00', NULL) ON CONFLICT DO NOTHING;
INSERT INTO public.product_variant (id, title, sku, barcode, ean, upc, allow_backorder, manage_inventory, hs_code, origin_country, mid_code, material, weight, length, height, width, metadata, variant_rank, product_id, created_at, updated_at, deleted_at) VALUES ('variant_01KRNSQD20FNTNGSZ1YEHC6CCY', 'Default', 'monitor-default', NULL, NULL, NULL, false, true, NULL, NULL, NULL, NULL, NULL, NULL, NULL, NULL, NULL, 0, 'prod_01KRNSQD18WP92YPY9EGFKQATZ', '2026-05-15 12:28:05.057+00', '2026-05-15 12:28:05.057+00', NULL) ON CONFLICT DO NOTHING;
INSERT INTO public.product_variant (id, title, sku, barcode, ean, upc, allow_backorder, manage_inventory, hs_code, origin_country, mid_code, material, weight, length, height, width, metadata, variant_rank, product_id, created_at, updated_at, deleted_at) VALUES ('variant_01KRNSQD388X5CSS5RDGV80582', 'Default', 'linc-gestao-inteligente-de-investimentos-sociais-default', NULL, NULL, NULL, false, true, NULL, NULL, NULL, NULL, NULL, NULL, NULL, NULL, NULL, 0, 'prod_01KRNSQD2Z35FGX5WKDJNBC29A', '2026-05-15 12:28:05.096+00', '2026-05-15 12:28:05.096+00', NULL) ON CONFLICT DO NOTHING;
INSERT INTO public.product_variant (id, title, sku, barcode, ean, upc, allow_backorder, manage_inventory, hs_code, origin_country, mid_code, material, weight, length, height, width, metadata, variant_rank, product_id, created_at, updated_at, deleted_at) VALUES ('variant_01KRNSQD4RD0SH28F7XKN18E9C', 'Default', 'prime-default', NULL, NULL, NULL, false, true, NULL, NULL, NULL, NULL, NULL, NULL, NULL, NULL, NULL, 0, 'prod_01KRNSQD4EZXNV9N52MV130Z3X', '2026-05-15 12:28:05.144+00', '2026-05-15 12:28:05.144+00', NULL) ON CONFLICT DO NOTHING;
INSERT INTO public.product_variant (id, title, sku, barcode, ean, upc, allow_backorder, manage_inventory, hs_code, origin_country, mid_code, material, weight, length, height, width, metadata, variant_rank, product_id, created_at, updated_at, deleted_at) VALUES ('variant_01KRNSQD61MPXDVK7Y6D94NHWF', 'Default', 'reforma-tributaria-default', NULL, NULL, NULL, false, true, NULL, NULL, NULL, NULL, NULL, NULL, NULL, NULL, NULL, 0, 'prod_01KRNSQD5HW64MPF9QNRCZNG08', '2026-05-15 12:28:05.185+00', '2026-05-15 12:28:05.185+00', NULL) ON CONFLICT DO NOTHING;
INSERT INTO public.product_variant (id, title, sku, barcode, ean, upc, allow_backorder, manage_inventory, hs_code, origin_country, mid_code, material, weight, length, height, width, metadata, variant_rank, product_id, created_at, updated_at, deleted_at) VALUES ('variant_01KRNSQD8VQS0JCN1D9NR6JA8R', 'Default', 'gerenciador-de-certidoes-default', NULL, NULL, NULL, false, true, NULL, NULL, NULL, NULL, NULL, NULL, NULL, NULL, NULL, 0, 'prod_01KRNSQD72GB26BCJVS0X19YG1', '2026-05-15 12:28:05.275+00', '2026-05-15 12:28:05.275+00', NULL) ON CONFLICT DO NOTHING;
INSERT INTO public.product_variant (id, title, sku, barcode, ean, upc, allow_backorder, manage_inventory, hs_code, origin_country, mid_code, material, weight, length, height, width, metadata, variant_rank, product_id, created_at, updated_at, deleted_at) VALUES ('variant_01KRNSQDG9EXF8CWA6XYDG7QR3', 'Default', 'strategy-default', NULL, NULL, NULL, false, true, NULL, NULL, NULL, NULL, NULL, NULL, NULL, NULL, NULL, 0, 'prod_01KRNSQDFXQBMC9TZVDWSD6XYK', '2026-05-15 12:28:05.514+00', '2026-05-15 12:28:05.514+00', NULL) ON CONFLICT DO NOTHING;
INSERT INTO public.product_variant (id, title, sku, barcode, ean, upc, allow_backorder, manage_inventory, hs_code, origin_country, mid_code, material, weight, length, height, width, metadata, variant_rank, product_id, created_at, updated_at, deleted_at) VALUES ('variant_01KRNSQDJCZ1TFG8F1D4TBH1TE', 'Default', 'tax-transformation-as-a-service-projetos-customizaveis-default', NULL, NULL, NULL, false, true, NULL, NULL, NULL, NULL, NULL, NULL, NULL, NULL, NULL, 0, 'prod_01KRNSQDHW0CVX1MKVVWRZ2Y5T', '2026-05-15 12:28:05.58+00', '2026-05-15 12:28:05.58+00', NULL) ON CONFLICT DO NOTHING;
INSERT INTO public.product_variant (id, title, sku, barcode, ean, upc, allow_backorder, manage_inventory, hs_code, origin_country, mid_code, material, weight, length, height, width, metadata, variant_rank, product_id, created_at, updated_at, deleted_at) VALUES ('variant_01KRNSQDMFSDVRYD0W2N5GGM3T', 'Default', 'conta-corrente-fiscal-default', NULL, NULL, NULL, false, true, NULL, NULL, NULL, NULL, NULL, NULL, NULL, NULL, NULL, 0, 'prod_01KRNSQDKQRTQ6ERP4JAKZS8BT', '2026-05-15 12:28:05.647+00', '2026-05-15 12:28:05.647+00', NULL) ON CONFLICT DO NOTHING;
INSERT INTO public.product_variant (id, title, sku, barcode, ean, upc, allow_backorder, manage_inventory, hs_code, origin_country, mid_code, material, weight, length, height, width, metadata, variant_rank, product_id, created_at, updated_at, deleted_at) VALUES ('variant_01KRNSQDRG27XVD1NZQFR9EH5A', 'Default', 'caixa-postal-fiscal-dte-default', NULL, NULL, NULL, false, true, NULL, NULL, NULL, NULL, NULL, NULL, NULL, NULL, NULL, 0, 'prod_01KRNSQDQYEWA41104P4GRCXXF', '2026-05-15 12:28:05.776+00', '2026-05-15 12:28:05.776+00', NULL) ON CONFLICT DO NOTHING;


ALTER TABLE public.product_variant ENABLE TRIGGER ALL;

--
-- Data for Name: product_variant_inventory_item; Type: TABLE DATA; Schema: public; Owner: -
--

ALTER TABLE public.product_variant_inventory_item DISABLE TRIGGER ALL;

INSERT INTO public.product_variant_inventory_item (variant_id, inventory_item_id, id, required_quantity, created_at, updated_at, deleted_at) VALUES ('variant_01KQNRBARK2PP1AP99YQ2EKHNN', 'iitem_01KQNRBARY7XTH7GG5VD755SBF', 'pvitem_01KQNRBASGJENF1VKD6DCBAE15', 1, '2026-05-03 01:48:19.12021+00', '2026-05-11 10:47:25.317+00', '2026-05-11 10:47:25.313+00') ON CONFLICT DO NOTHING;
INSERT INTO public.product_variant_inventory_item (variant_id, inventory_item_id, id, required_quantity, created_at, updated_at, deleted_at) VALUES ('variant_01KQNRBARMEXNS0EGD6SE9TVSD', 'iitem_01KQNRBARZECK9DSQD4N64PQB3', 'pvitem_01KQNRBASGYWFDDVG2HWB7K2RF', 1, '2026-05-03 01:48:19.12021+00', '2026-05-11 10:47:25.317+00', '2026-05-11 10:47:25.313+00') ON CONFLICT DO NOTHING;
INSERT INTO public.product_variant_inventory_item (variant_id, inventory_item_id, id, required_quantity, created_at, updated_at, deleted_at) VALUES ('variant_01KQNRBARMM9371JD4RT2CSRK8', 'iitem_01KQNRBARZZDNEFEPMA3HDCGC8', 'pvitem_01KQNRBASHVYBA5QA3RW68R5C2', 1, '2026-05-03 01:48:19.12021+00', '2026-05-11 10:47:25.317+00', '2026-05-11 10:47:25.313+00') ON CONFLICT DO NOTHING;
INSERT INTO public.product_variant_inventory_item (variant_id, inventory_item_id, id, required_quantity, created_at, updated_at, deleted_at) VALUES ('variant_01KRBV98TZ5980VFYBC23H8TPH', 'iitem_01KRBV98V8WTB2CAFA8V74FY4S', 'pvitem_01KRBV98VFMN8ZM6DXNEHXECCF', 1, '2026-05-11 15:42:54.831216+00', '2026-05-11 15:42:54.831216+00', NULL) ON CONFLICT DO NOTHING;
INSERT INTO public.product_variant_inventory_item (variant_id, inventory_item_id, id, required_quantity, created_at, updated_at, deleted_at) VALUES ('variant_01KRBV98XDYR0VVGWF28QXRBY3', 'iitem_01KRBV98XMC9QJV9A4A4ETCJ58', 'pvitem_01KRBV98XR3JW02YHTRR1J91BC', 1, '2026-05-11 15:42:54.904074+00', '2026-05-11 15:42:54.904074+00', NULL) ON CONFLICT DO NOTHING;
INSERT INTO public.product_variant_inventory_item (variant_id, inventory_item_id, id, required_quantity, created_at, updated_at, deleted_at) VALUES ('variant_01KRBV98Z5X5CGEB6KC0ACEQQF', 'iitem_01KRBV98ZFJVNSNNYAWMAGB18V', 'pvitem_01KRBV98ZTYR8D9V9JEA9N1Q89', 1, '2026-05-11 15:42:54.970606+00', '2026-05-11 15:42:54.970606+00', NULL) ON CONFLICT DO NOTHING;
INSERT INTO public.product_variant_inventory_item (variant_id, inventory_item_id, id, required_quantity, created_at, updated_at, deleted_at) VALUES ('variant_01KRBV991AAZJ04PWAP3DCEP5C', 'iitem_01KRBV991F3MXPS4V9SFDJ7WSS', 'pvitem_01KRBV991N80S182SXH2RNH23S', 1, '2026-05-11 15:42:55.029169+00', '2026-05-11 15:42:55.029169+00', NULL) ON CONFLICT DO NOTHING;
INSERT INTO public.product_variant_inventory_item (variant_id, inventory_item_id, id, required_quantity, created_at, updated_at, deleted_at) VALUES ('variant_01KRBV992XHDT8MVQKTDX28ZXA', 'iitem_01KRBV99327NJJJ1DEFKNZTZT3', 'pvitem_01KRBV9936F869CVN6GGNBDN1D', 1, '2026-05-11 15:42:55.078755+00', '2026-05-11 15:42:55.078755+00', NULL) ON CONFLICT DO NOTHING;
INSERT INTO public.product_variant_inventory_item (variant_id, inventory_item_id, id, required_quantity, created_at, updated_at, deleted_at) VALUES ('variant_01KRBV994AF79N17N2M4QQVMTZ', 'iitem_01KRBV994F5ER0K1NEQ8CER4W8', 'pvitem_01KRBV994M6BBHAMK467V6GYNB', 1, '2026-05-11 15:42:55.124458+00', '2026-05-11 15:42:55.124458+00', NULL) ON CONFLICT DO NOTHING;
INSERT INTO public.product_variant_inventory_item (variant_id, inventory_item_id, id, required_quantity, created_at, updated_at, deleted_at) VALUES ('variant_01KRBV995FC0MJZ4Q95M3XT3FD', 'iitem_01KRBV995KV3KN6ZGDP0J3Z93Q', 'pvitem_01KRBV995SZNRP0XEPEZ1H4MZZ', 1, '2026-05-11 15:42:55.161578+00', '2026-05-11 15:42:55.161578+00', NULL) ON CONFLICT DO NOTHING;
INSERT INTO public.product_variant_inventory_item (variant_id, inventory_item_id, id, required_quantity, created_at, updated_at, deleted_at) VALUES ('variant_01KRBV996S1CFTVZJ2TS4M5A0C', 'iitem_01KRBV996W7DXKBVCNMNNS3JS2', 'pvitem_01KRBV996ZNYQ0HTT46MZK9Y63', 1, '2026-05-11 15:42:55.199666+00', '2026-05-11 15:42:55.199666+00', NULL) ON CONFLICT DO NOTHING;
INSERT INTO public.product_variant_inventory_item (variant_id, inventory_item_id, id, required_quantity, created_at, updated_at, deleted_at) VALUES ('variant_01KRBV997TZR2A8KSPCCQQDF2N', 'iitem_01KRBV997ZFX0WNX9285XZ3WND', 'pvitem_01KRBV9984Z58PARAGZN350C98', 1, '2026-05-11 15:42:55.236276+00', '2026-05-11 15:42:55.236276+00', NULL) ON CONFLICT DO NOTHING;
INSERT INTO public.product_variant_inventory_item (variant_id, inventory_item_id, id, required_quantity, created_at, updated_at, deleted_at) VALUES ('variant_01KRBV9991ZPKJMRQDHRQAG4D3', 'iitem_01KRBV9993D0R8NVN90RCP55GC', 'pvitem_01KRBV99979ZWEZZ3JDBH2KAAN', 1, '2026-05-11 15:42:55.271176+00', '2026-05-11 15:42:55.271176+00', NULL) ON CONFLICT DO NOTHING;
INSERT INTO public.product_variant_inventory_item (variant_id, inventory_item_id, id, required_quantity, created_at, updated_at, deleted_at) VALUES ('variant_01KRBV99A2BYTMVKHJ362YNH6F', 'iitem_01KRBV99A55SG391RRX91HE2X3', 'pvitem_01KRBV99A872XCNFNWJDVR82ES', 1, '2026-05-11 15:42:55.304778+00', '2026-05-11 15:42:55.304778+00', NULL) ON CONFLICT DO NOTHING;
INSERT INTO public.product_variant_inventory_item (variant_id, inventory_item_id, id, required_quantity, created_at, updated_at, deleted_at) VALUES ('variant_01KRBV99B3HD8JYWCREF76S8QW', 'iitem_01KRBV99B5NKVSZA1BK7QY6PE8', 'pvitem_01KRBV99B8VQEH0BKTZN4K2BPW', 1, '2026-05-11 15:42:55.336422+00', '2026-05-11 15:42:55.336422+00', NULL) ON CONFLICT DO NOTHING;
INSERT INTO public.product_variant_inventory_item (variant_id, inventory_item_id, id, required_quantity, created_at, updated_at, deleted_at) VALUES ('variant_01KRBV99C346PH6ZNA1MWJ4PWB', 'iitem_01KRBV99C6T821F4PEC7QADXVE', 'pvitem_01KRBV99CAY21WS39GMA5PS33Y', 1, '2026-05-11 15:42:55.370371+00', '2026-05-11 15:42:55.370371+00', NULL) ON CONFLICT DO NOTHING;
INSERT INTO public.product_variant_inventory_item (variant_id, inventory_item_id, id, required_quantity, created_at, updated_at, deleted_at) VALUES ('variant_01KRBV99D3KFPHFS6MFSE3T9TZ', 'iitem_01KRBV99D6V1VCT90DT8TXT1DC', 'pvitem_01KRBV99DAPF9WS9ZQED06EFJ1', 1, '2026-05-11 15:42:55.402602+00', '2026-05-11 15:42:55.402602+00', NULL) ON CONFLICT DO NOTHING;
INSERT INTO public.product_variant_inventory_item (variant_id, inventory_item_id, id, required_quantity, created_at, updated_at, deleted_at) VALUES ('variant_01KRBV99E2HX9TP8M9KFVYE45S', 'iitem_01KRBV99E5BVZHS12QANDGZK00', 'pvitem_01KRBV99E8782030YWHWND4CME', 1, '2026-05-11 15:42:55.432556+00', '2026-05-11 15:42:55.432556+00', NULL) ON CONFLICT DO NOTHING;
INSERT INTO public.product_variant_inventory_item (variant_id, inventory_item_id, id, required_quantity, created_at, updated_at, deleted_at) VALUES ('variant_01KRBV99F61DVDJB1ST90S6WWA', 'iitem_01KRBV99FA7YH8N9C2N8AFKJ71', 'pvitem_01KRBV99FFXNN6Q23B9E80E39M', 1, '2026-05-11 15:42:55.471308+00', '2026-05-11 15:42:55.471308+00', NULL) ON CONFLICT DO NOTHING;
INSERT INTO public.product_variant_inventory_item (variant_id, inventory_item_id, id, required_quantity, created_at, updated_at, deleted_at) VALUES ('variant_01KRBV99G947A6R6AFA8G3N8C4', 'iitem_01KRBV99GCMCADSAZQ2SEA6W2T', 'pvitem_01KRBV99GFE8518D7788798780', 1, '2026-05-11 15:42:55.503323+00', '2026-05-11 15:42:55.503323+00', NULL) ON CONFLICT DO NOTHING;
INSERT INTO public.product_variant_inventory_item (variant_id, inventory_item_id, id, required_quantity, created_at, updated_at, deleted_at) VALUES ('variant_01KRBV99HAMG1VJXEBX24Z8Y3K', 'iitem_01KRBV99HD5HG88MG8CQ5QGRXZ', 'pvitem_01KRBV99HGT0X26G2NHYV53085', 1, '2026-05-11 15:42:55.536862+00', '2026-05-11 15:42:55.536862+00', NULL) ON CONFLICT DO NOTHING;
INSERT INTO public.product_variant_inventory_item (variant_id, inventory_item_id, id, required_quantity, created_at, updated_at, deleted_at) VALUES ('variant_01KRBV99JB8FFPX98ZQRNPW8EN', 'iitem_01KRBV99JG7SKJYJ3X30BX9E0G', 'pvitem_01KRBV99JMNXC944TWXVC09A33', 1, '2026-05-11 15:42:55.572143+00', '2026-05-11 15:42:55.572143+00', NULL) ON CONFLICT DO NOTHING;
INSERT INTO public.product_variant_inventory_item (variant_id, inventory_item_id, id, required_quantity, created_at, updated_at, deleted_at) VALUES ('variant_01KRBV99KGBK9M4HH99W0N63SC', 'iitem_01KRBV99KNFFRQBQV2PC26K75Y', 'pvitem_01KRBV99KT9P19F9D1XVVXAKCZ', 1, '2026-05-11 15:42:55.610749+00', '2026-05-11 15:42:55.610749+00', NULL) ON CONFLICT DO NOTHING;
INSERT INTO public.product_variant_inventory_item (variant_id, inventory_item_id, id, required_quantity, created_at, updated_at, deleted_at) VALUES ('variant_01KRBV99MQSPEDJYGA97VYRF8T', 'iitem_01KRBV99MTVYNEKMMKSB4Z72XC', 'pvitem_01KRBV99MYDBX410J1R7H5PS2K', 1, '2026-05-11 15:42:55.646688+00', '2026-05-11 15:42:55.646688+00', NULL) ON CONFLICT DO NOTHING;
INSERT INTO public.product_variant_inventory_item (variant_id, inventory_item_id, id, required_quantity, created_at, updated_at, deleted_at) VALUES ('variant_01KRBV99NRK5MJ1Y4MQ2R39DTB', 'iitem_01KRBV99NVKK88DGE5927G4WX6', 'pvitem_01KRBV99NZ5MMRAR1P5VCH903C', 1, '2026-05-11 15:42:55.679396+00', '2026-05-11 15:42:55.679396+00', NULL) ON CONFLICT DO NOTHING;
INSERT INTO public.product_variant_inventory_item (variant_id, inventory_item_id, id, required_quantity, created_at, updated_at, deleted_at) VALUES ('variant_01KRBV99PSBDD2DVJ463QW3FNE', 'iitem_01KRBV99PXERTDWHQKDB4378BE', 'pvitem_01KRBV99Q4ZQA9PANA716EAE7E', 1, '2026-05-11 15:42:55.716345+00', '2026-05-11 15:42:55.716345+00', NULL) ON CONFLICT DO NOTHING;
INSERT INTO public.product_variant_inventory_item (variant_id, inventory_item_id, id, required_quantity, created_at, updated_at, deleted_at) VALUES ('variant_01KRBV99S2DVNXH6PG5CXX2H81', 'iitem_01KRBV99S7JN4PNCZS50PKKQ8T', 'pvitem_01KRBV99SCEYJ5DDYV6DQ4RF1W', 1, '2026-05-11 15:42:55.788597+00', '2026-05-11 15:42:55.788597+00', NULL) ON CONFLICT DO NOTHING;
INSERT INTO public.product_variant_inventory_item (variant_id, inventory_item_id, id, required_quantity, created_at, updated_at, deleted_at) VALUES ('variant_01KRBV99T9R4ZH0249KFX5YVBR', 'iitem_01KRBV99TD1X9ESSKQRZSJRE83', 'pvitem_01KRBV99TG01J7GJM98QE50BNP', 1, '2026-05-11 15:42:55.824634+00', '2026-05-11 15:42:55.824634+00', NULL) ON CONFLICT DO NOTHING;
INSERT INTO public.product_variant_inventory_item (variant_id, inventory_item_id, id, required_quantity, created_at, updated_at, deleted_at) VALUES ('variant_01KRBV99VCR6PEDK7WMXCR7MJH', 'iitem_01KRBV99VFZHAJBVQWNC37GXKG', 'pvitem_01KRBV99VMBWJQ78YM4ERHXV47', 1, '2026-05-11 15:42:55.860147+00', '2026-05-11 15:42:55.860147+00', NULL) ON CONFLICT DO NOTHING;
INSERT INTO public.product_variant_inventory_item (variant_id, inventory_item_id, id, required_quantity, created_at, updated_at, deleted_at) VALUES ('variant_01KRBV99X18FP7Y3V89YVCEKEN', 'iitem_01KRBV99XCR2XGH68NN9DXK10S', 'pvitem_01KRBV99XS031KS91NT4JSSS3G', 1, '2026-05-11 15:42:55.929617+00', '2026-05-11 15:42:55.929617+00', NULL) ON CONFLICT DO NOTHING;
INSERT INTO public.product_variant_inventory_item (variant_id, inventory_item_id, id, required_quantity, created_at, updated_at, deleted_at) VALUES ('variant_01KRBV99Z87VFKFA9ABC2N6KM5', 'iitem_01KRBV99ZE416QVFNS4SYGRT12', 'pvitem_01KRBV99ZK6EXG2NJVB2994453', 1, '2026-05-11 15:42:55.987143+00', '2026-05-11 15:42:55.987143+00', NULL) ON CONFLICT DO NOTHING;
INSERT INTO public.product_variant_inventory_item (variant_id, inventory_item_id, id, required_quantity, created_at, updated_at, deleted_at) VALUES ('variant_01KRBV9A11XD319DQS3K1K3XHT', 'iitem_01KRBV9A13ZFTF7N21GS61ZMW4', 'pvitem_01KRBV9A17WGWXYSMGNJD81AWP', 1, '2026-05-11 15:42:56.039366+00', '2026-05-11 15:42:56.039366+00', NULL) ON CONFLICT DO NOTHING;
INSERT INTO public.product_variant_inventory_item (variant_id, inventory_item_id, id, required_quantity, created_at, updated_at, deleted_at) VALUES ('variant_01KRBV9A38DND7YR1JW592Y55G', 'iitem_01KRBV9A3ESJ7VZTJEFBZPCHXF', 'pvitem_01KRBV9A3RDFH81XA2CCD2S1F6', 1, '2026-05-11 15:42:56.119525+00', '2026-05-11 15:42:56.119525+00', NULL) ON CONFLICT DO NOTHING;
INSERT INTO public.product_variant_inventory_item (variant_id, inventory_item_id, id, required_quantity, created_at, updated_at, deleted_at) VALUES ('variant_01KRBV9A7FSQ83FP9B8BQGK9DB', 'iitem_01KRBV9A7N6SXP5FMQ0R1J7KJF', 'pvitem_01KRBV9A7WXPGPZ3X4QZG1KBTG', 1, '2026-05-11 15:42:56.252506+00', '2026-05-11 15:42:56.252506+00', NULL) ON CONFLICT DO NOTHING;
INSERT INTO public.product_variant_inventory_item (variant_id, inventory_item_id, id, required_quantity, created_at, updated_at, deleted_at) VALUES ('variant_01KRBV9AAAA7BVDN9CYDM0NCBD', 'iitem_01KRBV9AAJ43W2FYB2B7FVWN40', 'pvitem_01KRBV9AAXAZT09PA9F4055FMK', 1, '2026-05-11 15:42:56.34867+00', '2026-05-11 15:42:56.34867+00', NULL) ON CONFLICT DO NOTHING;
INSERT INTO public.product_variant_inventory_item (variant_id, inventory_item_id, id, required_quantity, created_at, updated_at, deleted_at) VALUES ('variant_01KRBV9ACV0820Q3WEG1NF313H', 'iitem_01KRBV9AD0ZR7C420RKB73DZ3M', 'pvitem_01KRBV9AD3QAARZTHSPM5GHP6G', 1, '2026-05-11 15:42:56.419678+00', '2026-05-11 15:42:56.419678+00', NULL) ON CONFLICT DO NOTHING;
INSERT INTO public.product_variant_inventory_item (variant_id, inventory_item_id, id, required_quantity, created_at, updated_at, deleted_at) VALUES ('variant_01KRBV9AEMH6NDKWKVCMHH81NQ', 'iitem_01KRBV9AESM5C6SFBWSPEZFEC0', 'pvitem_01KRBV9AF3CH15PM16TJ2N0MJC', 1, '2026-05-11 15:42:56.483053+00', '2026-05-11 15:42:56.483053+00', NULL) ON CONFLICT DO NOTHING;
INSERT INTO public.product_variant_inventory_item (variant_id, inventory_item_id, id, required_quantity, created_at, updated_at, deleted_at) VALUES ('variant_01KRBV9AGNWV8K90QKNS1DV47Z', 'iitem_01KRBV9AGVD9VA2PWRR1EYR342', 'pvitem_01KRBV9AGY7ZB7WZK250WES775', 1, '2026-05-11 15:42:56.54232+00', '2026-05-11 15:42:56.54232+00', NULL) ON CONFLICT DO NOTHING;
INSERT INTO public.product_variant_inventory_item (variant_id, inventory_item_id, id, required_quantity, created_at, updated_at, deleted_at) VALUES ('variant_01KRBV9AHY1SC1RKF5PD6Q9ZAH', 'iitem_01KRBV9AJ44XK7MP96E6FCSTZQ', 'pvitem_01KRBV9AJA2E7ZKM1MEBM5GE26', 1, '2026-05-11 15:42:56.586079+00', '2026-05-11 15:42:56.586079+00', NULL) ON CONFLICT DO NOTHING;
INSERT INTO public.product_variant_inventory_item (variant_id, inventory_item_id, id, required_quantity, created_at, updated_at, deleted_at) VALUES ('variant_01KRBV9AKVQV63V0H3VQM6KV1V', 'iitem_01KRBV9AKZY9XBTNYKHMPGRD24', 'pvitem_01KRBV9AM3APXVCWYV1VMYEHZ9', 1, '2026-05-11 15:42:56.642995+00', '2026-05-11 15:42:56.642995+00', NULL) ON CONFLICT DO NOTHING;
INSERT INTO public.product_variant_inventory_item (variant_id, inventory_item_id, id, required_quantity, created_at, updated_at, deleted_at) VALUES ('variant_01KRBV9AP0ZKB3EBGPS7XKY3KC', 'iitem_01KRBV9AP5FNAE95KEXANB0K70', 'pvitem_01KRBV9APAB071HHGM7TCHQ9Q3', 1, '2026-05-11 15:42:56.714656+00', '2026-05-11 15:42:56.714656+00', NULL) ON CONFLICT DO NOTHING;
INSERT INTO public.product_variant_inventory_item (variant_id, inventory_item_id, id, required_quantity, created_at, updated_at, deleted_at) VALUES ('variant_01KRBV9AQE3EDR84K9SE5DNZ6X', 'iitem_01KRBV9AQPADFWB04R15XAH43N', 'pvitem_01KRBV9AQYTMYARZ0B4BBFM1GZ', 1, '2026-05-11 15:42:56.766056+00', '2026-05-11 15:42:56.766056+00', NULL) ON CONFLICT DO NOTHING;
INSERT INTO public.product_variant_inventory_item (variant_id, inventory_item_id, id, required_quantity, created_at, updated_at, deleted_at) VALUES ('variant_01KRNSQBNAYQPFTQX933SFGEGE', 'iitem_01KRNSQBNPA1T810ZN9WZ7BSVT', 'pvitem_01KRNSQBNXQ8N7W96GY6N0F55G', 1, '2026-05-15 12:28:03.645401+00', '2026-05-15 12:28:03.645401+00', NULL) ON CONFLICT DO NOTHING;
INSERT INTO public.product_variant_inventory_item (variant_id, inventory_item_id, id, required_quantity, created_at, updated_at, deleted_at) VALUES ('variant_01KRNSQBRB0WKF1807CNK7P2JZ', 'iitem_01KRNSQBRMB6W814DQ51PGYXWZ', 'pvitem_01KRNSQBRWQ6K2ZNRR321XSK77', 1, '2026-05-15 12:28:03.740341+00', '2026-05-15 12:28:03.740341+00', NULL) ON CONFLICT DO NOTHING;
INSERT INTO public.product_variant_inventory_item (variant_id, inventory_item_id, id, required_quantity, created_at, updated_at, deleted_at) VALUES ('variant_01KRNSQBVSW5WND92A4YJWYHX7', 'iitem_01KRNSQBVZ19NNK0FEPXFAHVY5', 'pvitem_01KRNSQBWCVSQE605RKRHS6PH3', 1, '2026-05-15 12:28:03.851836+00', '2026-05-15 12:28:03.851836+00', NULL) ON CONFLICT DO NOTHING;
INSERT INTO public.product_variant_inventory_item (variant_id, inventory_item_id, id, required_quantity, created_at, updated_at, deleted_at) VALUES ('variant_01KRNSQBY68XMFNW879YCQVDQ8', 'iitem_01KRNSQBYAD9AF0RS5X3AGCW7Z', 'pvitem_01KRNSQBYFG14BZRBVY41J1C9T', 1, '2026-05-15 12:28:03.919168+00', '2026-05-15 12:28:03.919168+00', NULL) ON CONFLICT DO NOTHING;
INSERT INTO public.product_variant_inventory_item (variant_id, inventory_item_id, id, required_quantity, created_at, updated_at, deleted_at) VALUES ('variant_01KRNSQBZBW6YR00NTXG4FH729', 'iitem_01KRNSQBZFG9Y63JBDMVVAP647', 'pvitem_01KRNSQBZMYN81E515XT471D8N', 1, '2026-05-15 12:28:03.95675+00', '2026-05-15 12:28:03.95675+00', NULL) ON CONFLICT DO NOTHING;
INSERT INTO public.product_variant_inventory_item (variant_id, inventory_item_id, id, required_quantity, created_at, updated_at, deleted_at) VALUES ('variant_01KRNSQC0G70HZVK5R4K8TTPCK', 'iitem_01KRNSQC0NSNNC4QHJ86PVS1HH', 'pvitem_01KRNSQC0SEZQRAW03TNYENNWP', 1, '2026-05-15 12:28:03.993452+00', '2026-05-15 12:28:03.993452+00', NULL) ON CONFLICT DO NOTHING;
INSERT INTO public.product_variant_inventory_item (variant_id, inventory_item_id, id, required_quantity, created_at, updated_at, deleted_at) VALUES ('variant_01KRNSQC27YHZERRETTC05HC56', 'iitem_01KRNSQC2CNWN6J6GDN3V0RFNP', 'pvitem_01KRNSQC2GERBQ039RTW21DFJN', 1, '2026-05-15 12:28:04.048662+00', '2026-05-15 12:28:04.048662+00', NULL) ON CONFLICT DO NOTHING;
INSERT INTO public.product_variant_inventory_item (variant_id, inventory_item_id, id, required_quantity, created_at, updated_at, deleted_at) VALUES ('variant_01KRNSQC3FBM9MYF6YRDG26BQ8', 'iitem_01KRNSQC3J99YPGDCMNZSBVMW1', 'pvitem_01KRNSQC3PNSQFSK3C82NK5PHW', 1, '2026-05-15 12:28:04.086448+00', '2026-05-15 12:28:04.086448+00', NULL) ON CONFLICT DO NOTHING;
INSERT INTO public.product_variant_inventory_item (variant_id, inventory_item_id, id, required_quantity, created_at, updated_at, deleted_at) VALUES ('variant_01KRNSQC4R4C910QK9NPEX7F46', 'iitem_01KRNSQC4W0FWMVZHN2MFVD2VZ', 'pvitem_01KRNSQC50BB4Y34G7V6HYS71V', 1, '2026-05-15 12:28:04.128263+00', '2026-05-15 12:28:04.128263+00', NULL) ON CONFLICT DO NOTHING;
INSERT INTO public.product_variant_inventory_item (variant_id, inventory_item_id, id, required_quantity, created_at, updated_at, deleted_at) VALUES ('variant_01KRNSQC5WDQBM5T3A0E2RPSZJ', 'iitem_01KRNSQC60RHMWRDNY84VFBSP4', 'pvitem_01KRNSQC64AMTHN36QQ6SSGTC9', 1, '2026-05-15 12:28:04.164309+00', '2026-05-15 12:28:04.164309+00', NULL) ON CONFLICT DO NOTHING;
INSERT INTO public.product_variant_inventory_item (variant_id, inventory_item_id, id, required_quantity, created_at, updated_at, deleted_at) VALUES ('variant_01KRNSQC71MV92MRTPC81MN6TW', 'iitem_01KRNSQC77WS31MEMVMB10EM1J', 'pvitem_01KRNSQC7BBCR3TE9TVP3BDZR7', 1, '2026-05-15 12:28:04.20369+00', '2026-05-15 12:28:04.20369+00', NULL) ON CONFLICT DO NOTHING;
INSERT INTO public.product_variant_inventory_item (variant_id, inventory_item_id, id, required_quantity, created_at, updated_at, deleted_at) VALUES ('variant_01KRNSQC9AC32D3QR3YAFTW4AB', 'iitem_01KRNSQC9D15ZNAQ8FXEPTF60S', 'pvitem_01KRNSQC9JTZZPZMZWYQKBS4T7', 1, '2026-05-15 12:28:04.273968+00', '2026-05-15 12:28:04.273968+00', NULL) ON CONFLICT DO NOTHING;
INSERT INTO public.product_variant_inventory_item (variant_id, inventory_item_id, id, required_quantity, created_at, updated_at, deleted_at) VALUES ('variant_01KRNSQCBSS0D9K40DCQRAV12Z', 'iitem_01KRNSQCBXZJGSK2VKMRH5AM15', 'pvitem_01KRNSQCC138HCJRXW21CEXGT6', 1, '2026-05-15 12:28:04.353377+00', '2026-05-15 12:28:04.353377+00', NULL) ON CONFLICT DO NOTHING;
INSERT INTO public.product_variant_inventory_item (variant_id, inventory_item_id, id, required_quantity, created_at, updated_at, deleted_at) VALUES ('variant_01KRNSQCFVEXYRSP1T70712EV4', 'iitem_01KRNSQCFZ2FWESPG8WKDWNB3R', 'pvitem_01KRNSQCG3J5AQPKPNDPQP23QA', 1, '2026-05-15 12:28:04.483134+00', '2026-05-15 12:28:04.483134+00', NULL) ON CONFLICT DO NOTHING;
INSERT INTO public.product_variant_inventory_item (variant_id, inventory_item_id, id, required_quantity, created_at, updated_at, deleted_at) VALUES ('variant_01KRNSQCGWB0JNASF6CG5F0EQE', 'iitem_01KRNSQCGZ7KJGTJJN2WZYC7KG', 'pvitem_01KRNSQCH50MJ50B4BXJR72MCH', 1, '2026-05-15 12:28:04.517097+00', '2026-05-15 12:28:04.517097+00', NULL) ON CONFLICT DO NOTHING;
INSERT INTO public.product_variant_inventory_item (variant_id, inventory_item_id, id, required_quantity, created_at, updated_at, deleted_at) VALUES ('variant_01KRNSQCK35PA7NTK20XHK5NPA', 'iitem_01KRNSQCK5YE472E4N5EVKJKRJ', 'pvitem_01KRNSQCK97EC397GH040AWBS3', 1, '2026-05-15 12:28:04.585358+00', '2026-05-15 12:28:04.585358+00', NULL) ON CONFLICT DO NOTHING;
INSERT INTO public.product_variant_inventory_item (variant_id, inventory_item_id, id, required_quantity, created_at, updated_at, deleted_at) VALUES ('variant_01KRNSQCNQDSE0ZR90CZW0263F', 'iitem_01KRNSQCNYRWR7VATD5ENZB94A', 'pvitem_01KRNSQCP521CPM4YQ3P5GMHPA', 1, '2026-05-15 12:28:04.677218+00', '2026-05-15 12:28:04.677218+00', NULL) ON CONFLICT DO NOTHING;
INSERT INTO public.product_variant_inventory_item (variant_id, inventory_item_id, id, required_quantity, created_at, updated_at, deleted_at) VALUES ('variant_01KRNSQCR0QBX0D8ZYQZQ8JCR9', 'iitem_01KRNSQCR590DCZ03AGND2JCPN', 'pvitem_01KRNSQCRBC3RPVRP2RKJWF28T', 1, '2026-05-15 12:28:04.747778+00', '2026-05-15 12:28:04.747778+00', NULL) ON CONFLICT DO NOTHING;
INSERT INTO public.product_variant_inventory_item (variant_id, inventory_item_id, id, required_quantity, created_at, updated_at, deleted_at) VALUES ('variant_01KRNSQCT700AZ3YQRXJGCVE0J', 'iitem_01KRNSQCTA93BG6HBCK7EK200R', 'pvitem_01KRNSQCTFHB149NH77ESNFZHD', 1, '2026-05-15 12:28:04.815248+00', '2026-05-15 12:28:04.815248+00', NULL) ON CONFLICT DO NOTHING;
INSERT INTO public.product_variant_inventory_item (variant_id, inventory_item_id, id, required_quantity, created_at, updated_at, deleted_at) VALUES ('variant_01KRNSQCWFST2FZ6PZKVPW8NCW', 'iitem_01KRNSQCWJZ5RHDEF6923P9G12', 'pvitem_01KRNSQCWQT9QZHVES5FFJPMM8', 1, '2026-05-15 12:28:04.887192+00', '2026-05-15 12:28:04.887192+00', NULL) ON CONFLICT DO NOTHING;
INSERT INTO public.product_variant_inventory_item (variant_id, inventory_item_id, id, required_quantity, created_at, updated_at, deleted_at) VALUES ('variant_01KRNSQCZGRFXSSX0RAF1RVVF7', 'iitem_01KRNSQCZQESH4HSKB4B870T80', 'pvitem_01KRNSQD00F2MRE4SYAGK7AC43', 1, '2026-05-15 12:28:04.992188+00', '2026-05-15 12:28:04.992188+00', NULL) ON CONFLICT DO NOTHING;
INSERT INTO public.product_variant_inventory_item (variant_id, inventory_item_id, id, required_quantity, created_at, updated_at, deleted_at) VALUES ('variant_01KRNSQD388X5CSS5RDGV80582', 'iitem_01KRNSQD3H1APJ42N6NV74P8VW', 'pvitem_01KRNSQD3P353WV2X1H24DTPG0', 1, '2026-05-15 12:28:05.110649+00', '2026-05-15 12:28:05.110649+00', NULL) ON CONFLICT DO NOTHING;
INSERT INTO public.product_variant_inventory_item (variant_id, inventory_item_id, id, required_quantity, created_at, updated_at, deleted_at) VALUES ('variant_01KRNSQD61MPXDVK7Y6D94NHWF', 'iitem_01KRNSQD663S4EMXXZFM99YNEF', 'pvitem_01KRNSQD6ANDT4SBDV7KHGJNK9', 1, '2026-05-15 12:28:05.194466+00', '2026-05-15 12:28:05.194466+00', NULL) ON CONFLICT DO NOTHING;
INSERT INTO public.product_variant_inventory_item (variant_id, inventory_item_id, id, required_quantity, created_at, updated_at, deleted_at) VALUES ('variant_01KRNSQDG9EXF8CWA6XYDG7QR3', 'iitem_01KRNSQDGMG9TGVXQEXSP46NT2', 'pvitem_01KRNSQDH13QQ8DE9AM7148PTY', 1, '2026-05-15 12:28:05.537772+00', '2026-05-15 12:28:05.537772+00', NULL) ON CONFLICT DO NOTHING;
INSERT INTO public.product_variant_inventory_item (variant_id, inventory_item_id, id, required_quantity, created_at, updated_at, deleted_at) VALUES ('variant_01KRNSQDMFSDVRYD0W2N5GGM3T', 'iitem_01KRNSQDMMK2RSPN35AK6G6ZYE', 'pvitem_01KRNSQDMVBA7K9AH3HM3KKJ8N', 1, '2026-05-15 12:28:05.65892+00', '2026-05-15 12:28:05.65892+00', NULL) ON CONFLICT DO NOTHING;
INSERT INTO public.product_variant_inventory_item (variant_id, inventory_item_id, id, required_quantity, created_at, updated_at, deleted_at) VALUES ('variant_01KRNSQC86ENEQ27Z5BRVPX3SX', 'iitem_01KRNSQC8ARTBV8V89373WWD7M', 'pvitem_01KRNSQC8FV05TD7TSWRTHDYWA', 1, '2026-05-15 12:28:04.239549+00', '2026-05-15 12:28:04.239549+00', NULL) ON CONFLICT DO NOTHING;
INSERT INTO public.product_variant_inventory_item (variant_id, inventory_item_id, id, required_quantity, created_at, updated_at, deleted_at) VALUES ('variant_01KRNSQCAHRZZQ8DPGKZR2W42A', 'iitem_01KRNSQCANHXAP5Z28PSCGAKNR', 'pvitem_01KRNSQCAVD26BTX96WBAD1DCX', 1, '2026-05-15 12:28:04.315788+00', '2026-05-15 12:28:04.315788+00', NULL) ON CONFLICT DO NOTHING;
INSERT INTO public.product_variant_inventory_item (variant_id, inventory_item_id, id, required_quantity, created_at, updated_at, deleted_at) VALUES ('variant_01KRNSQCDVAG1R25GREFC3TNNJ', 'iitem_01KRNSQCE83J386AXNB0C1ZNA2', 'pvitem_01KRNSQCEKN23KH8SPM7ZNG6SH', 1, '2026-05-15 12:28:04.434066+00', '2026-05-15 12:28:04.434066+00', NULL) ON CONFLICT DO NOTHING;
INSERT INTO public.product_variant_inventory_item (variant_id, inventory_item_id, id, required_quantity, created_at, updated_at, deleted_at) VALUES ('variant_01KRNSQCHYWKEQRX3A0CF6DK2H', 'iitem_01KRNSQCJ1DKHSW216EZ1HMY72', 'pvitem_01KRNSQCJ6PNECHV1C94YEC4BA', 1, '2026-05-15 12:28:04.550064+00', '2026-05-15 12:28:04.550064+00', NULL) ON CONFLICT DO NOTHING;
INSERT INTO public.product_variant_inventory_item (variant_id, inventory_item_id, id, required_quantity, created_at, updated_at, deleted_at) VALUES ('variant_01KRNSQCM7F7BMS27MTXRXXB7Q', 'iitem_01KRNSQCME639X17V4GQD2EMHT', 'pvitem_01KRNSQCMJS47397GR869T48DA', 1, '2026-05-15 12:28:04.6269+00', '2026-05-15 12:28:04.6269+00', NULL) ON CONFLICT DO NOTHING;
INSERT INTO public.product_variant_inventory_item (variant_id, inventory_item_id, id, required_quantity, created_at, updated_at, deleted_at) VALUES ('variant_01KRNSQCPZ01ZCQ4FNNN0EC47T', 'iitem_01KRNSQCQ3M24K0WCR214AH6D5', 'pvitem_01KRNSQCQ70NW7D72XAK8604M7', 1, '2026-05-15 12:28:04.711348+00', '2026-05-15 12:28:04.711348+00', NULL) ON CONFLICT DO NOTHING;
INSERT INTO public.product_variant_inventory_item (variant_id, inventory_item_id, id, required_quantity, created_at, updated_at, deleted_at) VALUES ('variant_01KRNSQCS670S15FPSG8HMB9KT', 'iitem_01KRNSQCSAGTKPSC23M22DHJ2A', 'pvitem_01KRNSQCSDGHZC9GN91VZVDR9N', 1, '2026-05-15 12:28:04.7815+00', '2026-05-15 12:28:04.7815+00', NULL) ON CONFLICT DO NOTHING;
INSERT INTO public.product_variant_inventory_item (variant_id, inventory_item_id, id, required_quantity, created_at, updated_at, deleted_at) VALUES ('variant_01KRNSQCVEY2083GYMEGZXGGTQ', 'iitem_01KRNSQCVHX20S696DB2Q847KP', 'pvitem_01KRNSQCVN004N3J3EH43F6YNK', 1, '2026-05-15 12:28:04.853285+00', '2026-05-15 12:28:04.853285+00', NULL) ON CONFLICT DO NOTHING;
INSERT INTO public.product_variant_inventory_item (variant_id, inventory_item_id, id, required_quantity, created_at, updated_at, deleted_at) VALUES ('variant_01KRNSQCYE35A3GXQR03HHKV5F', 'iitem_01KRNSQCYJ02CD7R7BMK1DPF0Z', 'pvitem_01KRNSQCYNQB5C5Z07YRQ0WXVM', 1, '2026-05-15 12:28:04.949781+00', '2026-05-15 12:28:04.949781+00', NULL) ON CONFLICT DO NOTHING;
INSERT INTO public.product_variant_inventory_item (variant_id, inventory_item_id, id, required_quantity, created_at, updated_at, deleted_at) VALUES ('variant_01KRNSQD20FNTNGSZ1YEHC6CCY', 'iitem_01KRNSQD24FT2CH05PBBST3HD5', 'pvitem_01KRNSQD29A3M66N3121M6MA19', 1, '2026-05-15 12:28:05.065161+00', '2026-05-15 12:28:05.065161+00', NULL) ON CONFLICT DO NOTHING;
INSERT INTO public.product_variant_inventory_item (variant_id, inventory_item_id, id, required_quantity, created_at, updated_at, deleted_at) VALUES ('variant_01KRNSQD4RD0SH28F7XKN18E9C', 'iitem_01KRNSQD4VVDW0W2NGXVX37RX7', 'pvitem_01KRNSQD509KHVXT0WDPTBVWB3', 1, '2026-05-15 12:28:05.152031+00', '2026-05-15 12:28:05.152031+00', NULL) ON CONFLICT DO NOTHING;
INSERT INTO public.product_variant_inventory_item (variant_id, inventory_item_id, id, required_quantity, created_at, updated_at, deleted_at) VALUES ('variant_01KRNSQD8VQS0JCN1D9NR6JA8R', 'iitem_01KRNSQDA6M05ZXYNEFWN0N05E', 'pvitem_01KRNSQDCSB8KECXKC1V2DC39M', 1, '2026-05-15 12:28:05.401215+00', '2026-05-15 12:28:05.401215+00', NULL) ON CONFLICT DO NOTHING;
INSERT INTO public.product_variant_inventory_item (variant_id, inventory_item_id, id, required_quantity, created_at, updated_at, deleted_at) VALUES ('variant_01KRNSQDJCZ1TFG8F1D4TBH1TE', 'iitem_01KRNSQDJHDPXEGM35FCG8Q9Y5', 'pvitem_01KRNSQDJRVSHD76BFASHP20E0', 1, '2026-05-15 12:28:05.592238+00', '2026-05-15 12:28:05.592238+00', NULL) ON CONFLICT DO NOTHING;
INSERT INTO public.product_variant_inventory_item (variant_id, inventory_item_id, id, required_quantity, created_at, updated_at, deleted_at) VALUES ('variant_01KRNSQDRG27XVD1NZQFR9EH5A', 'iitem_01KRNSQDRP97G3RC18Q105F512', 'pvitem_01KRNSQDRW3H5MSG0SN9DPZN6T', 1, '2026-05-15 12:28:05.78829+00', '2026-05-15 12:28:05.78829+00', NULL) ON CONFLICT DO NOTHING;


ALTER TABLE public.product_variant_inventory_item ENABLE TRIGGER ALL;

--
-- Data for Name: product_variant_option; Type: TABLE DATA; Schema: public; Owner: -
--

ALTER TABLE public.product_variant_option DISABLE TRIGGER ALL;

INSERT INTO public.product_variant_option (variant_id, option_value_id) VALUES ('variant_01KRNSQBNAYQPFTQX933SFGEGE', 'optval_01KRNSQBM0SBG2HY9M2R1NP051') ON CONFLICT DO NOTHING;
INSERT INTO public.product_variant_option (variant_id, option_value_id) VALUES ('variant_01KRNSQBRB0WKF1807CNK7P2JZ', 'optval_01KRNSQBQW2SQT5W2QQ6JA4961') ON CONFLICT DO NOTHING;
INSERT INTO public.product_variant_option (variant_id, option_value_id) VALUES ('variant_01KRNSQBVSW5WND92A4YJWYHX7', 'optval_01KRNSQBTR6R8KG5BN51VXGRX3') ON CONFLICT DO NOTHING;
INSERT INTO public.product_variant_option (variant_id, option_value_id) VALUES ('variant_01KRNSQBY68XMFNW879YCQVDQ8', 'optval_01KRNSQBXV8GGBJVDX1CYFEJ57') ON CONFLICT DO NOTHING;
INSERT INTO public.product_variant_option (variant_id, option_value_id) VALUES ('variant_01KRNSQBZBW6YR00NTXG4FH729', 'optval_01KRNSQBZ3TDPDK48J2Z8V7KR6') ON CONFLICT DO NOTHING;
INSERT INTO public.product_variant_option (variant_id, option_value_id) VALUES ('variant_01KRNSQC0G70HZVK5R4K8TTPCK', 'optval_01KRNSQC07B9SPM017DMTBVRSM') ON CONFLICT DO NOTHING;
INSERT INTO public.product_variant_option (variant_id, option_value_id) VALUES ('variant_01KRNSQC27YHZERRETTC05HC56', 'optval_01KRNSQC1H960DA0JKYGY71GYQ') ON CONFLICT DO NOTHING;
INSERT INTO public.product_variant_option (variant_id, option_value_id) VALUES ('variant_01KRNSQC3FBM9MYF6YRDG26BQ8', 'optval_01KRNSQC356C88P49TE0N509DW') ON CONFLICT DO NOTHING;
INSERT INTO public.product_variant_option (variant_id, option_value_id) VALUES ('variant_01KRNSQC4R4C910QK9NPEX7F46', 'optval_01KRNSQC4DZ7C8VVVXHHMZQM50') ON CONFLICT DO NOTHING;
INSERT INTO public.product_variant_option (variant_id, option_value_id) VALUES ('variant_01KRNSQC5WDQBM5T3A0E2RPSZJ', 'optval_01KRNSQC5J1JQKWSKY3M0P5GS6') ON CONFLICT DO NOTHING;
INSERT INTO public.product_variant_option (variant_id, option_value_id) VALUES ('variant_01KRNSQC71MV92MRTPC81MN6TW', 'optval_01KRNSQC6S30KXHJQTNGSRN61K') ON CONFLICT DO NOTHING;
INSERT INTO public.product_variant_option (variant_id, option_value_id) VALUES ('variant_01KRNSQC86ENEQ27Z5BRVPX3SX', 'optval_01KRNSQC7XYXHJM6BWVHZPKZBB') ON CONFLICT DO NOTHING;
INSERT INTO public.product_variant_option (variant_id, option_value_id) VALUES ('variant_01KRNSQC9AC32D3QR3YAFTW4AB', 'optval_01KRNSQC911QAFG04C7DBZ0SY5') ON CONFLICT DO NOTHING;
INSERT INTO public.product_variant_option (variant_id, option_value_id) VALUES ('variant_01KRNSQCAHRZZQ8DPGKZR2W42A', 'optval_01KRNSQCA98GFTTQE1BFXNNJZJ') ON CONFLICT DO NOTHING;
INSERT INTO public.product_variant_option (variant_id, option_value_id) VALUES ('variant_01KRNSQCBSS0D9K40DCQRAV12Z', 'optval_01KRNSQCBG8N0SE4SZ4GB09A9G') ON CONFLICT DO NOTHING;
INSERT INTO public.product_variant_option (variant_id, option_value_id) VALUES ('variant_01KRNSQCDVAG1R25GREFC3TNNJ', 'optval_01KRNSQCCYPXGHP4B75R16GQ2R') ON CONFLICT DO NOTHING;
INSERT INTO public.product_variant_option (variant_id, option_value_id) VALUES ('variant_01KRNSQCFVEXYRSP1T70712EV4', 'optval_01KRNSQCFGXM9JYJ72HZPW2XG3') ON CONFLICT DO NOTHING;
INSERT INTO public.product_variant_option (variant_id, option_value_id) VALUES ('variant_01KRNSQCGWB0JNASF6CG5F0EQE', 'optval_01KRNSQCGKWTTJR6FBJBJA3B6P') ON CONFLICT DO NOTHING;
INSERT INTO public.product_variant_option (variant_id, option_value_id) VALUES ('variant_01KRNSQCHYWKEQRX3A0CF6DK2H', 'optval_01KRNSQCHP3GNHSSJGTDXJAS7G') ON CONFLICT DO NOTHING;
INSERT INTO public.product_variant_option (variant_id, option_value_id) VALUES ('variant_01KRNSQCK35PA7NTK20XHK5NPA', 'optval_01KRNSQCJVB0GYDRWCDBWBZDAP') ON CONFLICT DO NOTHING;
INSERT INTO public.product_variant_option (variant_id, option_value_id) VALUES ('variant_01KRNSQCM7F7BMS27MTXRXXB7Q', 'optval_01KRNSQCKYWRGEFYJ0XKB6XN4Z') ON CONFLICT DO NOTHING;
INSERT INTO public.product_variant_option (variant_id, option_value_id) VALUES ('variant_01KRNSQCNQDSE0ZR90CZW0263F', 'optval_01KRNSQCN5HH2XAPKA1YDWSYGE') ON CONFLICT DO NOTHING;
INSERT INTO public.product_variant_option (variant_id, option_value_id) VALUES ('variant_01KRNSQCPZ01ZCQ4FNNN0EC47T', 'optval_01KRNSQCPPX2D556JZ2DGAE1WX') ON CONFLICT DO NOTHING;
INSERT INTO public.product_variant_option (variant_id, option_value_id) VALUES ('variant_01KRNSQCR0QBX0D8ZYQZQ8JCR9', 'optval_01KRNSQCQS68DYKB2NY96Q9N3G') ON CONFLICT DO NOTHING;
INSERT INTO public.product_variant_option (variant_id, option_value_id) VALUES ('variant_01KRNSQCS670S15FPSG8HMB9KT', 'optval_01KRNSQCRY13TQWRPZCSECP80Z') ON CONFLICT DO NOTHING;
INSERT INTO public.product_variant_option (variant_id, option_value_id) VALUES ('variant_01KRNSQCT700AZ3YQRXJGCVE0J', 'optval_01KRNSQCT07A06TR5YDAS5GH8E') ON CONFLICT DO NOTHING;
INSERT INTO public.product_variant_option (variant_id, option_value_id) VALUES ('variant_01KRNSQCVEY2083GYMEGZXGGTQ', 'optval_01KRNSQCV7WPERR27TNY5AC5W2') ON CONFLICT DO NOTHING;
INSERT INTO public.product_variant_option (variant_id, option_value_id) VALUES ('variant_01KRNSQCWFST2FZ6PZKVPW8NCW', 'optval_01KRNSQCW7JNBCPXYPTNCKXSFB') ON CONFLICT DO NOTHING;
INSERT INTO public.product_variant_option (variant_id, option_value_id) VALUES ('variant_01KRNSQCYE35A3GXQR03HHKV5F', 'optval_01KRNSQCXS5NPSQMGY861JDE3M') ON CONFLICT DO NOTHING;
INSERT INTO public.product_variant_option (variant_id, option_value_id) VALUES ('variant_01KRNSQCZGRFXSSX0RAF1RVVF7', 'optval_01KRNSQCZ6DHVB5N5EPF3KXY7N') ON CONFLICT DO NOTHING;
INSERT INTO public.product_variant_option (variant_id, option_value_id) VALUES ('variant_01KRNSQD20FNTNGSZ1YEHC6CCY', 'optval_01KRNSQD1ATHBEMA7KBXHDW7K2') ON CONFLICT DO NOTHING;
INSERT INTO public.product_variant_option (variant_id, option_value_id) VALUES ('variant_01KRNSQD388X5CSS5RDGV80582', 'optval_01KRNSQD2ZTC20EGVDFXQE3ZV1') ON CONFLICT DO NOTHING;
INSERT INTO public.product_variant_option (variant_id, option_value_id) VALUES ('variant_01KRNSQD4RD0SH28F7XKN18E9C', 'optval_01KRNSQD4EW30ZSZS681AV3KWT') ON CONFLICT DO NOTHING;
INSERT INTO public.product_variant_option (variant_id, option_value_id) VALUES ('variant_01KRNSQD61MPXDVK7Y6D94NHWF', 'optval_01KRNSQD5H9JE5AP84R6A6QA5A') ON CONFLICT DO NOTHING;
INSERT INTO public.product_variant_option (variant_id, option_value_id) VALUES ('variant_01KRNSQD8VQS0JCN1D9NR6JA8R', 'optval_01KRNSQD72W89MTZJF2TFGMVFT') ON CONFLICT DO NOTHING;
INSERT INTO public.product_variant_option (variant_id, option_value_id) VALUES ('variant_01KRNSQDG9EXF8CWA6XYDG7QR3', 'optval_01KRNSQDFXBDV5YHVCA05SVRH2') ON CONFLICT DO NOTHING;
INSERT INTO public.product_variant_option (variant_id, option_value_id) VALUES ('variant_01KRNSQDJCZ1TFG8F1D4TBH1TE', 'optval_01KRNSQDHWP7D23KQCT8NWP3Q9') ON CONFLICT DO NOTHING;
INSERT INTO public.product_variant_option (variant_id, option_value_id) VALUES ('variant_01KRNSQDMFSDVRYD0W2N5GGM3T', 'optval_01KRNSQDKQP1RMKHGCHP84QE01') ON CONFLICT DO NOTHING;
INSERT INTO public.product_variant_option (variant_id, option_value_id) VALUES ('variant_01KRNSQDRG27XVD1NZQFR9EH5A', 'optval_01KRNSQDQZ8K6B6DEK1FPBDZ24') ON CONFLICT DO NOTHING;


ALTER TABLE public.product_variant_option ENABLE TRIGGER ALL;

--
-- Data for Name: product_variant_price_set; Type: TABLE DATA; Schema: public; Owner: -
--

ALTER TABLE public.product_variant_price_set DISABLE TRIGGER ALL;

INSERT INTO public.product_variant_price_set (variant_id, price_set_id, id, created_at, updated_at, deleted_at) VALUES ('variant_01KQNRBARK2PP1AP99YQ2EKHNN', 'pset_01KQNRBASQYXJMK1THY84X480N', 'pvps_01KQNRBAT30WWXGMD5274X0B9H', '2026-05-03 01:48:19.139549+00', '2026-05-11 10:47:25.468+00', '2026-05-11 10:47:25.457+00') ON CONFLICT DO NOTHING;
INSERT INTO public.product_variant_price_set (variant_id, price_set_id, id, created_at, updated_at, deleted_at) VALUES ('variant_01KQNRBARMEXNS0EGD6SE9TVSD', 'pset_01KQNRBASQTFGRZGKGTXQRA3NS', 'pvps_01KQNRBAT4ZXMYMA9TEC4FAF5V', '2026-05-03 01:48:19.139549+00', '2026-05-11 10:47:25.468+00', '2026-05-11 10:47:25.457+00') ON CONFLICT DO NOTHING;
INSERT INTO public.product_variant_price_set (variant_id, price_set_id, id, created_at, updated_at, deleted_at) VALUES ('variant_01KQNRBARMM9371JD4RT2CSRK8', 'pset_01KQNRBASRR2SWS8FW1G5ZZAAV', 'pvps_01KQNRBAT4KJW35Q9A4D6GP4RV', '2026-05-03 01:48:19.139549+00', '2026-05-11 10:47:25.468+00', '2026-05-11 10:47:25.457+00') ON CONFLICT DO NOTHING;
INSERT INTO public.product_variant_price_set (variant_id, price_set_id, id, created_at, updated_at, deleted_at) VALUES ('variant_01KRBV98TZ5980VFYBC23H8TPH', 'pset_01KRBV98VPNCEW8ZDBKDZD3V1G', 'pvps_01KRBV98W65EBWPQS1WVFVQRJH', '2026-05-11 15:42:54.853961+00', '2026-05-11 15:42:54.853961+00', NULL) ON CONFLICT DO NOTHING;
INSERT INTO public.product_variant_price_set (variant_id, price_set_id, id, created_at, updated_at, deleted_at) VALUES ('variant_01KRBV98XDYR0VVGWF28QXRBY3', 'pset_01KRBV98XT4649CQ5Y045S335P', 'pvps_01KRBV98Y19NK008WA9H3AE25T', '2026-05-11 15:42:54.91337+00', '2026-05-11 15:42:54.91337+00', NULL) ON CONFLICT DO NOTHING;
INSERT INTO public.product_variant_price_set (variant_id, price_set_id, id, created_at, updated_at, deleted_at) VALUES ('variant_01KRBV98Z5X5CGEB6KC0ACEQQF', 'pset_01KRBV99015VWV67H9849C9GZJ', 'pvps_01KRBV9908EDB6T60K9EF4KXJ8', '2026-05-11 15:42:54.984815+00', '2026-05-11 15:42:54.984815+00', NULL) ON CONFLICT DO NOTHING;
INSERT INTO public.product_variant_price_set (variant_id, price_set_id, id, created_at, updated_at, deleted_at) VALUES ('variant_01KRBV991AAZJ04PWAP3DCEP5C', 'pset_01KRBV991RXKBAXAEPSTVVPVJB', 'pvps_01KRBV991X517RZD2ZAAP6WY82', '2026-05-11 15:42:55.037578+00', '2026-05-11 15:42:55.037578+00', NULL) ON CONFLICT DO NOTHING;
INSERT INTO public.product_variant_price_set (variant_id, price_set_id, id, created_at, updated_at, deleted_at) VALUES ('variant_01KRBV992XHDT8MVQKTDX28ZXA', 'pset_01KRBV99390YBYK41KNA00V910', 'pvps_01KRBV993FQ5HBRQA2PAKVD4GQ', '2026-05-11 15:42:55.087134+00', '2026-05-11 15:42:55.087134+00', NULL) ON CONFLICT DO NOTHING;
INSERT INTO public.product_variant_price_set (variant_id, price_set_id, id, created_at, updated_at, deleted_at) VALUES ('variant_01KRBV994AF79N17N2M4QQVMTZ', 'pset_01KRBV994PHFX3ZRBKFCT4BEHZ', 'pvps_01KRBV994TQNADXSE474ZEFA2P', '2026-05-11 15:42:55.130638+00', '2026-05-11 15:42:55.130638+00', NULL) ON CONFLICT DO NOTHING;
INSERT INTO public.product_variant_price_set (variant_id, price_set_id, id, created_at, updated_at, deleted_at) VALUES ('variant_01KRBV995FC0MJZ4Q95M3XT3FD', 'pset_01KRBV995VTKWWJZSA1TEDFH3M', 'pvps_01KRBV995Y68DWT661FJVPHB80', '2026-05-11 15:42:55.166794+00', '2026-05-11 15:42:55.166794+00', NULL) ON CONFLICT DO NOTHING;
INSERT INTO public.product_variant_price_set (variant_id, price_set_id, id, created_at, updated_at, deleted_at) VALUES ('variant_01KRBV996S1CFTVZJ2TS4M5A0C', 'pset_01KRBV9971KGX18ZMA44Y222QF', 'pvps_01KRBV997513X4BSHVTGC2Z3AC', '2026-05-11 15:42:55.205697+00', '2026-05-11 15:42:55.205697+00', NULL) ON CONFLICT DO NOTHING;
INSERT INTO public.product_variant_price_set (variant_id, price_set_id, id, created_at, updated_at, deleted_at) VALUES ('variant_01KRBV997TZR2A8KSPCCQQDF2N', 'pset_01KRBV9986A0J5GPN0VXV9EM4M', 'pvps_01KRBV998B83N14PQFYBVXASXK', '2026-05-11 15:42:55.243142+00', '2026-05-11 15:42:55.243142+00', NULL) ON CONFLICT DO NOTHING;
INSERT INTO public.product_variant_price_set (variant_id, price_set_id, id, created_at, updated_at, deleted_at) VALUES ('variant_01KRBV9991ZPKJMRQDHRQAG4D3', 'pset_01KRBV9998XPXCA9MP4GAAWNFQ', 'pvps_01KRBV999B2F37B0FZRQAM7KJ7', '2026-05-11 15:42:55.275533+00', '2026-05-11 15:42:55.275533+00', NULL) ON CONFLICT DO NOTHING;
INSERT INTO public.product_variant_price_set (variant_id, price_set_id, id, created_at, updated_at, deleted_at) VALUES ('variant_01KRBV99A2BYTMVKHJ362YNH6F', 'pset_01KRBV99AARZ8Y4V7S4V15V7PT', 'pvps_01KRBV99ADJ7PQQS9GN7B5HZC4', '2026-05-11 15:42:55.309128+00', '2026-05-11 15:42:55.309128+00', NULL) ON CONFLICT DO NOTHING;
INSERT INTO public.product_variant_price_set (variant_id, price_set_id, id, created_at, updated_at, deleted_at) VALUES ('variant_01KRBV99B3HD8JYWCREF76S8QW', 'pset_01KRBV99B9FKQ1DC3N0FYXS9ZP', 'pvps_01KRBV99BDAKE863QTZGFG4AGV', '2026-05-11 15:42:55.340961+00', '2026-05-11 15:42:55.340961+00', NULL) ON CONFLICT DO NOTHING;
INSERT INTO public.product_variant_price_set (variant_id, price_set_id, id, created_at, updated_at, deleted_at) VALUES ('variant_01KRBV99C346PH6ZNA1MWJ4PWB', 'pset_01KRBV99CBEGD47NHPAH18M7FX', 'pvps_01KRBV99CF9337ZYFX956JQVTF', '2026-05-11 15:42:55.375678+00', '2026-05-11 15:42:55.375678+00', NULL) ON CONFLICT DO NOTHING;
INSERT INTO public.product_variant_price_set (variant_id, price_set_id, id, created_at, updated_at, deleted_at) VALUES ('variant_01KRBV99D3KFPHFS6MFSE3T9TZ', 'pset_01KRBV99DBB69EQW5NJB9BMGSF', 'pvps_01KRBV99DFGY7RPEHME44SW06N', '2026-05-11 15:42:55.407683+00', '2026-05-11 15:42:55.407683+00', NULL) ON CONFLICT DO NOTHING;
INSERT INTO public.product_variant_price_set (variant_id, price_set_id, id, created_at, updated_at, deleted_at) VALUES ('variant_01KRBV99E2HX9TP8M9KFVYE45S', 'pset_01KRBV99EBCGXST4DDNT5NCTTC', 'pvps_01KRBV99EE7WVA4A1ZQ20M4XVP', '2026-05-11 15:42:55.438321+00', '2026-05-11 15:42:55.438321+00', NULL) ON CONFLICT DO NOTHING;
INSERT INTO public.product_variant_price_set (variant_id, price_set_id, id, created_at, updated_at, deleted_at) VALUES ('variant_01KRBV99F61DVDJB1ST90S6WWA', 'pset_01KRBV99FH0BFJK10H8TKZ6H63', 'pvps_01KRBV99FN5KES5G7YAYX5MTRM', '2026-05-11 15:42:55.477085+00', '2026-05-11 15:42:55.477085+00', NULL) ON CONFLICT DO NOTHING;
INSERT INTO public.product_variant_price_set (variant_id, price_set_id, id, created_at, updated_at, deleted_at) VALUES ('variant_01KRBV99G947A6R6AFA8G3N8C4', 'pset_01KRBV99GG6ARQSENPMDNPQ27S', 'pvps_01KRBV99GK68J66JSH71GY4XXE', '2026-05-11 15:42:55.507795+00', '2026-05-11 15:42:55.507795+00', NULL) ON CONFLICT DO NOTHING;
INSERT INTO public.product_variant_price_set (variant_id, price_set_id, id, created_at, updated_at, deleted_at) VALUES ('variant_01KRBV99HAMG1VJXEBX24Z8Y3K', 'pset_01KRBV99HJVXSMWP01ZHEVT76Q', 'pvps_01KRBV99HNKZ0ASBKEA8SS2F4V', '2026-05-11 15:42:55.541769+00', '2026-05-11 15:42:55.541769+00', NULL) ON CONFLICT DO NOTHING;
INSERT INTO public.product_variant_price_set (variant_id, price_set_id, id, created_at, updated_at, deleted_at) VALUES ('variant_01KRBV99JB8FFPX98ZQRNPW8EN', 'pset_01KRBV99JPXP67NMRZ0E153F0X', 'pvps_01KRBV99JT2WPM32BYGZKP2AXJ', '2026-05-11 15:42:55.578166+00', '2026-05-11 15:42:55.578166+00', NULL) ON CONFLICT DO NOTHING;
INSERT INTO public.product_variant_price_set (variant_id, price_set_id, id, created_at, updated_at, deleted_at) VALUES ('variant_01KRBV99KGBK9M4HH99W0N63SC', 'pset_01KRBV99KWQZBW14JASNBGW1HN', 'pvps_01KRBV99M006Y0VSZZ9KFVC5MP', '2026-05-11 15:42:55.616632+00', '2026-05-11 15:42:55.616632+00', NULL) ON CONFLICT DO NOTHING;
INSERT INTO public.product_variant_price_set (variant_id, price_set_id, id, created_at, updated_at, deleted_at) VALUES ('variant_01KRBV99MQSPEDJYGA97VYRF8T', 'pset_01KRBV99N0KVWWFXFE6BZ408J0', 'pvps_01KRBV99N3XY7H6WT6BKCY2ZS5', '2026-05-11 15:42:55.651047+00', '2026-05-11 15:42:55.651047+00', NULL) ON CONFLICT DO NOTHING;
INSERT INTO public.product_variant_price_set (variant_id, price_set_id, id, created_at, updated_at, deleted_at) VALUES ('variant_01KRBV99NRK5MJ1Y4MQ2R39DTB', 'pset_01KRBV99P1E0QR6KD2HCS9RW8P', 'pvps_01KRBV99P5Y38C90AWNH5G39Y6', '2026-05-11 15:42:55.685342+00', '2026-05-11 15:42:55.685342+00', NULL) ON CONFLICT DO NOTHING;
INSERT INTO public.product_variant_price_set (variant_id, price_set_id, id, created_at, updated_at, deleted_at) VALUES ('variant_01KRBV99PSBDD2DVJ463QW3FNE', 'pset_01KRBV99Q6ETTQRN71PM8FDBZN', 'pvps_01KRBV99QB9CSYWSJV3F925F4R', '2026-05-11 15:42:55.723356+00', '2026-05-11 15:42:55.723356+00', NULL) ON CONFLICT DO NOTHING;
INSERT INTO public.product_variant_price_set (variant_id, price_set_id, id, created_at, updated_at, deleted_at) VALUES ('variant_01KRBV99S2DVNXH6PG5CXX2H81', 'pset_01KRBV99SE96AB6SHYX4NG2FD8', 'pvps_01KRBV99SH91AKS4894J705WE3', '2026-05-11 15:42:55.793532+00', '2026-05-11 15:42:55.793532+00', NULL) ON CONFLICT DO NOTHING;
INSERT INTO public.product_variant_price_set (variant_id, price_set_id, id, created_at, updated_at, deleted_at) VALUES ('variant_01KRBV99T9R4ZH0249KFX5YVBR', 'pset_01KRBV99TJEBDEF6WV4TYYPJ50', 'pvps_01KRBV99TMJ9RY7FE3P310RC2V', '2026-05-11 15:42:55.828829+00', '2026-05-11 15:42:55.828829+00', NULL) ON CONFLICT DO NOTHING;
INSERT INTO public.product_variant_price_set (variant_id, price_set_id, id, created_at, updated_at, deleted_at) VALUES ('variant_01KRBV99VCR6PEDK7WMXCR7MJH', 'pset_01KRBV99VQYF091C06Z1ND3ZPB', 'pvps_01KRBV99VX7HAEGBB8EC6GCGEK', '2026-05-11 15:42:55.869653+00', '2026-05-11 15:42:55.869653+00', NULL) ON CONFLICT DO NOTHING;
INSERT INTO public.product_variant_price_set (variant_id, price_set_id, id, created_at, updated_at, deleted_at) VALUES ('variant_01KRBV99X18FP7Y3V89YVCEKEN', 'pset_01KRBV99XWA57G8G5NNA055TCZ', 'pvps_01KRBV99Y3E5AP4VR1X3D8AAAC', '2026-05-11 15:42:55.939191+00', '2026-05-11 15:42:55.939191+00', NULL) ON CONFLICT DO NOTHING;
INSERT INTO public.product_variant_price_set (variant_id, price_set_id, id, created_at, updated_at, deleted_at) VALUES ('variant_01KRBV99Z87VFKFA9ABC2N6KM5', 'pset_01KRBV99ZM6BJ8NK5KKSHCN5XJ', 'pvps_01KRBV9A0509GSHX0A2SGTJFYR', '2026-05-11 15:42:56.005548+00', '2026-05-11 15:42:56.005548+00', NULL) ON CONFLICT DO NOTHING;
INSERT INTO public.product_variant_price_set (variant_id, price_set_id, id, created_at, updated_at, deleted_at) VALUES ('variant_01KRBV9A11XD319DQS3K1K3XHT', 'pset_01KRBV9A19B6NBNRJJ3SETQ52N', 'pvps_01KRBV9A1E833M78X6S4CE4WMJ', '2026-05-11 15:42:56.04597+00', '2026-05-11 15:42:56.04597+00', NULL) ON CONFLICT DO NOTHING;
INSERT INTO public.product_variant_price_set (variant_id, price_set_id, id, created_at, updated_at, deleted_at) VALUES ('variant_01KRBV9A38DND7YR1JW592Y55G', 'pset_01KRBV9A3TP32696S85KBCS95K', 'pvps_01KRBV9A44X5Z4NXJ1DM2QVZW7', '2026-05-11 15:42:56.131665+00', '2026-05-11 15:42:56.131665+00', NULL) ON CONFLICT DO NOTHING;
INSERT INTO public.product_variant_price_set (variant_id, price_set_id, id, created_at, updated_at, deleted_at) VALUES ('variant_01KRBV9A7FSQ83FP9B8BQGK9DB', 'pset_01KRBV9A7YFR9VZKE0FVWN3N0Q', 'pvps_01KRBV9A8CF8VJ8XXVAR8R6CMZ', '2026-05-11 15:42:56.268149+00', '2026-05-11 15:42:56.268149+00', NULL) ON CONFLICT DO NOTHING;
INSERT INTO public.product_variant_price_set (variant_id, price_set_id, id, created_at, updated_at, deleted_at) VALUES ('variant_01KRBV9AAAA7BVDN9CYDM0NCBD', 'pset_01KRBV9AB81KDPSJV8JRNPSE2P', 'pvps_01KRBV9ABNXRDSZT3YGV3663RS', '2026-05-11 15:42:56.372851+00', '2026-05-11 15:42:56.372851+00', NULL) ON CONFLICT DO NOTHING;
INSERT INTO public.product_variant_price_set (variant_id, price_set_id, id, created_at, updated_at, deleted_at) VALUES ('variant_01KRBV9ACV0820Q3WEG1NF313H', 'pset_01KRBV9AD5P0XC8CSSSNBSG0E7', 'pvps_01KRBV9ADDJTM67J9Q6SWXYE21', '2026-05-11 15:42:56.429011+00', '2026-05-11 15:42:56.429011+00', NULL) ON CONFLICT DO NOTHING;
INSERT INTO public.product_variant_price_set (variant_id, price_set_id, id, created_at, updated_at, deleted_at) VALUES ('variant_01KRBV9AEMH6NDKWKVCMHH81NQ', 'pset_01KRBV9AF4B66DC2SSW5W55N89', 'pvps_01KRBV9AFDVEW4X7HBXKNEHM4N', '2026-05-11 15:42:56.493314+00', '2026-05-11 15:42:56.493314+00', NULL) ON CONFLICT DO NOTHING;
INSERT INTO public.product_variant_price_set (variant_id, price_set_id, id, created_at, updated_at, deleted_at) VALUES ('variant_01KRBV9AGNWV8K90QKNS1DV47Z', 'pset_01KRBV9AGZ1DDQPPMWVFH32MZA', 'pvps_01KRBV9AH2TYCVCK384DQQGK3B', '2026-05-11 15:42:56.546774+00', '2026-05-11 15:42:56.546774+00', NULL) ON CONFLICT DO NOTHING;
INSERT INTO public.product_variant_price_set (variant_id, price_set_id, id, created_at, updated_at, deleted_at) VALUES ('variant_01KRBV9AHY1SC1RKF5PD6Q9ZAH', 'pset_01KRBV9AJCRV8JXC3MF5ZKD3VG', 'pvps_01KRBV9AJHESPA30X2BJEA1XD9', '2026-05-11 15:42:56.593293+00', '2026-05-11 15:42:56.593293+00', NULL) ON CONFLICT DO NOTHING;
INSERT INTO public.product_variant_price_set (variant_id, price_set_id, id, created_at, updated_at, deleted_at) VALUES ('variant_01KRBV9AKVQV63V0H3VQM6KV1V', 'pset_01KRBV9AM5JD41655Y27FN1NSE', 'pvps_01KRBV9AMDR0H09EM868XPJ1VN', '2026-05-11 15:42:56.653139+00', '2026-05-11 15:42:56.653139+00', NULL) ON CONFLICT DO NOTHING;
INSERT INTO public.product_variant_price_set (variant_id, price_set_id, id, created_at, updated_at, deleted_at) VALUES ('variant_01KRBV9AP0ZKB3EBGPS7XKY3KC', 'pset_01KRBV9APDX0FHY3MMRZTJVMWX', 'pvps_01KRBV9APJ1SR3Q9MT87AGPQ4V', '2026-05-11 15:42:56.721961+00', '2026-05-11 15:42:56.721961+00', NULL) ON CONFLICT DO NOTHING;
INSERT INTO public.product_variant_price_set (variant_id, price_set_id, id, created_at, updated_at, deleted_at) VALUES ('variant_01KRBV9AQE3EDR84K9SE5DNZ6X', 'pset_01KRBV9AR0WFZANZ717VWVNJNQ', 'pvps_01KRBV9AR9Q35NWX6KGGYHFVJA', '2026-05-11 15:42:56.777631+00', '2026-05-11 15:42:56.777631+00', NULL) ON CONFLICT DO NOTHING;
INSERT INTO public.product_variant_price_set (variant_id, price_set_id, id, created_at, updated_at, deleted_at) VALUES ('variant_01KRNSQBNAYQPFTQX933SFGEGE', 'pset_01KRNSQBP3PP4S41QAR1F56D4P', 'pvps_01KRNSQBPKW5AFSBQ64S6EXQ7K', '2026-05-15 12:28:03.667718+00', '2026-05-15 12:28:03.667718+00', NULL) ON CONFLICT DO NOTHING;
INSERT INTO public.product_variant_price_set (variant_id, price_set_id, id, created_at, updated_at, deleted_at) VALUES ('variant_01KRNSQBRB0WKF1807CNK7P2JZ', 'pset_01KRNSQBRZJWX0C9Y38QB2CQ45', 'pvps_01KRNSQBS7A1KFMV7XBGVC58Q9', '2026-05-15 12:28:03.751526+00', '2026-05-15 12:28:03.751526+00', NULL) ON CONFLICT DO NOTHING;
INSERT INTO public.product_variant_price_set (variant_id, price_set_id, id, created_at, updated_at, deleted_at) VALUES ('variant_01KRNSQBVSW5WND92A4YJWYHX7', 'pset_01KRNSQBWH18R5KHBFAXHE8P8A', 'pvps_01KRNSQBWTX2Z2QXPSXEX7XNZ5', '2026-05-15 12:28:03.86654+00', '2026-05-15 12:28:03.86654+00', NULL) ON CONFLICT DO NOTHING;
INSERT INTO public.product_variant_price_set (variant_id, price_set_id, id, created_at, updated_at, deleted_at) VALUES ('variant_01KRNSQBY68XMFNW879YCQVDQ8', 'pset_01KRNSQBYHV8TXC8CQS5HHFX34', 'pvps_01KRNSQBYN1GF2897ZBPQMYJSM', '2026-05-15 12:28:03.925156+00', '2026-05-15 12:28:03.925156+00', NULL) ON CONFLICT DO NOTHING;
INSERT INTO public.product_variant_price_set (variant_id, price_set_id, id, created_at, updated_at, deleted_at) VALUES ('variant_01KRNSQBZBW6YR00NTXG4FH729', 'pset_01KRNSQBZP7QQGFRD1KDVRCN72', 'pvps_01KRNSQBZTS9R6S413K31ZYGJ6', '2026-05-15 12:28:03.962679+00', '2026-05-15 12:28:03.962679+00', NULL) ON CONFLICT DO NOTHING;
INSERT INTO public.product_variant_price_set (variant_id, price_set_id, id, created_at, updated_at, deleted_at) VALUES ('variant_01KRNSQC0G70HZVK5R4K8TTPCK', 'pset_01KRNSQC0V4BD89J7V4BBTAWZ1', 'pvps_01KRNSQC10GVASXKTETN619MH4', '2026-05-15 12:28:04.00021+00', '2026-05-15 12:28:04.00021+00', NULL) ON CONFLICT DO NOTHING;
INSERT INTO public.product_variant_price_set (variant_id, price_set_id, id, created_at, updated_at, deleted_at) VALUES ('variant_01KRNSQC27YHZERRETTC05HC56', 'pset_01KRNSQC2JEJJWJM0RW1G3B72B', 'pvps_01KRNSQC2PB6QENVANSTGVEKNH', '2026-05-15 12:28:04.054166+00', '2026-05-15 12:28:04.054166+00', NULL) ON CONFLICT DO NOTHING;
INSERT INTO public.product_variant_price_set (variant_id, price_set_id, id, created_at, updated_at, deleted_at) VALUES ('variant_01KRNSQC3FBM9MYF6YRDG26BQ8', 'pset_01KRNSQC3RFHPJTMEGMC2Z4H20', 'pvps_01KRNSQC3Y9NSEHXXTMFZB3EDH', '2026-05-15 12:28:04.094647+00', '2026-05-15 12:28:04.094647+00', NULL) ON CONFLICT DO NOTHING;
INSERT INTO public.product_variant_price_set (variant_id, price_set_id, id, created_at, updated_at, deleted_at) VALUES ('variant_01KRNSQC4R4C910QK9NPEX7F46', 'pset_01KRNSQC52M160N8HFD35WV67G', 'pvps_01KRNSQC56GHNSQBT9RT4FDA1J', '2026-05-15 12:28:04.133935+00', '2026-05-15 12:28:04.133935+00', NULL) ON CONFLICT DO NOTHING;
INSERT INTO public.product_variant_price_set (variant_id, price_set_id, id, created_at, updated_at, deleted_at) VALUES ('variant_01KRNSQC5WDQBM5T3A0E2RPSZJ', 'pset_01KRNSQC65EN813ZGPYHJ99WRS', 'pvps_01KRNSQC69BNNMF3CCXDCMPSS0', '2026-05-15 12:28:04.16922+00', '2026-05-15 12:28:04.16922+00', NULL) ON CONFLICT DO NOTHING;
INSERT INTO public.product_variant_price_set (variant_id, price_set_id, id, created_at, updated_at, deleted_at) VALUES ('variant_01KRNSQC71MV92MRTPC81MN6TW', 'pset_01KRNSQC7DFXGTFX8T262PC390', 'pvps_01KRNSQC7GKZ1EDGZ3NEWZZ3G1', '2026-05-15 12:28:04.208701+00', '2026-05-15 12:28:04.208701+00', NULL) ON CONFLICT DO NOTHING;
INSERT INTO public.product_variant_price_set (variant_id, price_set_id, id, created_at, updated_at, deleted_at) VALUES ('variant_01KRNSQC86ENEQ27Z5BRVPX3SX', 'pset_01KRNSQC8H1ZRJ3VDEK5M6BRF6', 'pvps_01KRNSQC8NQSVV9Z4QTT2ZEGNT', '2026-05-15 12:28:04.245006+00', '2026-05-15 12:28:04.245006+00', NULL) ON CONFLICT DO NOTHING;
INSERT INTO public.product_variant_price_set (variant_id, price_set_id, id, created_at, updated_at, deleted_at) VALUES ('variant_01KRNSQC9AC32D3QR3YAFTW4AB', 'pset_01KRNSQC9K8HQGAFRHCW9MWP6G', 'pvps_01KRNSQC9RTTZM95C233K9ZFZF', '2026-05-15 12:28:04.280194+00', '2026-05-15 12:28:04.280194+00', NULL) ON CONFLICT DO NOTHING;
INSERT INTO public.product_variant_price_set (variant_id, price_set_id, id, created_at, updated_at, deleted_at) VALUES ('variant_01KRNSQCBSS0D9K40DCQRAV12Z', 'pset_01KRNSQCC3MEWX3XQFY1QMDYMM', 'pvps_01KRNSQCC7Z20GVS6G6FPV7MQN', '2026-05-15 12:28:04.35915+00', '2026-05-15 12:28:04.35915+00', NULL) ON CONFLICT DO NOTHING;
INSERT INTO public.product_variant_price_set (variant_id, price_set_id, id, created_at, updated_at, deleted_at) VALUES ('variant_01KRNSQCFVEXYRSP1T70712EV4', 'pset_01KRNSQCG4RKYAVK83SF98DHEF', 'pvps_01KRNSQCG7GGHD2C6GYNKF52K7', '2026-05-15 12:28:04.487721+00', '2026-05-15 12:28:04.487721+00', NULL) ON CONFLICT DO NOTHING;
INSERT INTO public.product_variant_price_set (variant_id, price_set_id, id, created_at, updated_at, deleted_at) VALUES ('variant_01KRNSQCGWB0JNASF6CG5F0EQE', 'pset_01KRNSQCH7RXZJHD7B76H3NZYZ', 'pvps_01KRNSQCHB3EEDG82D0MA37PTZ', '2026-05-15 12:28:04.523459+00', '2026-05-15 12:28:04.523459+00', NULL) ON CONFLICT DO NOTHING;
INSERT INTO public.product_variant_price_set (variant_id, price_set_id, id, created_at, updated_at, deleted_at) VALUES ('variant_01KRNSQCK35PA7NTK20XHK5NPA', 'pset_01KRNSQCKBW68JJ6KY3VANS74G', 'pvps_01KRNSQCKFBM7JR3X8BXYNZ0AA', '2026-05-15 12:28:04.59114+00', '2026-05-15 12:28:04.59114+00', NULL) ON CONFLICT DO NOTHING;
INSERT INTO public.product_variant_price_set (variant_id, price_set_id, id, created_at, updated_at, deleted_at) VALUES ('variant_01KRNSQCNQDSE0ZR90CZW0263F', 'pset_01KRNSQCP70MP8PZ1TJJMK6TB4', 'pvps_01KRNSQCPA90WCKKPJW9EM2VZM', '2026-05-15 12:28:04.682884+00', '2026-05-15 12:28:04.682884+00', NULL) ON CONFLICT DO NOTHING;
INSERT INTO public.product_variant_price_set (variant_id, price_set_id, id, created_at, updated_at, deleted_at) VALUES ('variant_01KRNSQCR0QBX0D8ZYQZQ8JCR9', 'pset_01KRNSQCREF75NNWHHHK3M72RC', 'pvps_01KRNSQCRJYBBZCRGS7619WDRA', '2026-05-15 12:28:04.754191+00', '2026-05-15 12:28:04.754191+00', NULL) ON CONFLICT DO NOTHING;
INSERT INTO public.product_variant_price_set (variant_id, price_set_id, id, created_at, updated_at, deleted_at) VALUES ('variant_01KRNSQCT700AZ3YQRXJGCVE0J', 'pset_01KRNSQCTH14KF3ZRQHZQXW1ZY', 'pvps_01KRNSQCTQVA6YKMTTQSEJ98G6', '2026-05-15 12:28:04.822735+00', '2026-05-15 12:28:04.822735+00', NULL) ON CONFLICT DO NOTHING;
INSERT INTO public.product_variant_price_set (variant_id, price_set_id, id, created_at, updated_at, deleted_at) VALUES ('variant_01KRNSQCWFST2FZ6PZKVPW8NCW', 'pset_01KRNSQCWSSF2C4AK2Z4JM5Z1Y', 'pvps_01KRNSQCX0GF217HWYG1KKY64W', '2026-05-15 12:28:04.89575+00', '2026-05-15 12:28:04.89575+00', NULL) ON CONFLICT DO NOTHING;
INSERT INTO public.product_variant_price_set (variant_id, price_set_id, id, created_at, updated_at, deleted_at) VALUES ('variant_01KRNSQCZGRFXSSX0RAF1RVVF7', 'pset_01KRNSQD02P1RSC5WTCVHM8G7B', 'pvps_01KRNSQD08K6SW0A89X04JBKM7', '2026-05-15 12:28:05.000787+00', '2026-05-15 12:28:05.000787+00', NULL) ON CONFLICT DO NOTHING;
INSERT INTO public.product_variant_price_set (variant_id, price_set_id, id, created_at, updated_at, deleted_at) VALUES ('variant_01KRNSQD388X5CSS5RDGV80582', 'pset_01KRNSQD3R6BBKQK2C08P1ARFJ', 'pvps_01KRNSQD3XG7HZJFMC1FTXBZW7', '2026-05-15 12:28:05.117129+00', '2026-05-15 12:28:05.117129+00', NULL) ON CONFLICT DO NOTHING;
INSERT INTO public.product_variant_price_set (variant_id, price_set_id, id, created_at, updated_at, deleted_at) VALUES ('variant_01KRNSQD61MPXDVK7Y6D94NHWF', 'pset_01KRNSQD6CE20Y7H10VK6BSEGK', 'pvps_01KRNSQD6F8MTEK3KR4BP2GJD3', '2026-05-15 12:28:05.199772+00', '2026-05-15 12:28:05.199772+00', NULL) ON CONFLICT DO NOTHING;
INSERT INTO public.product_variant_price_set (variant_id, price_set_id, id, created_at, updated_at, deleted_at) VALUES ('variant_01KRNSQDG9EXF8CWA6XYDG7QR3', 'pset_01KRNSQDH4BVRM7KGVEYAZ9KPY', 'pvps_01KRNSQDH9ZGJ5C5FPWFRD0EHE', '2026-05-15 12:28:05.545716+00', '2026-05-15 12:28:05.545716+00', NULL) ON CONFLICT DO NOTHING;
INSERT INTO public.product_variant_price_set (variant_id, price_set_id, id, created_at, updated_at, deleted_at) VALUES ('variant_01KRNSQDMFSDVRYD0W2N5GGM3T', 'pset_01KRNSQDNXZ713XRGHTPRTGZ50', 'pvps_01KRNSQDPNQT5662RS9JQHZB2W', '2026-05-15 12:28:05.717606+00', '2026-05-15 12:28:05.717606+00', NULL) ON CONFLICT DO NOTHING;
INSERT INTO public.product_variant_price_set (variant_id, price_set_id, id, created_at, updated_at, deleted_at) VALUES ('variant_01KRNSQCAHRZZQ8DPGKZR2W42A', 'pset_01KRNSQCAYNAE2TWY891NGG5WE', 'pvps_01KRNSQCB1XBD7NNBMZ64KWAQM', '2026-05-15 12:28:04.32167+00', '2026-05-15 12:28:04.32167+00', NULL) ON CONFLICT DO NOTHING;
INSERT INTO public.product_variant_price_set (variant_id, price_set_id, id, created_at, updated_at, deleted_at) VALUES ('variant_01KRNSQCDVAG1R25GREFC3TNNJ', 'pset_01KRNSQCEP5MWAH454R321FHC4', 'pvps_01KRNSQCEZJ1F2CNE9GSGS0Q33', '2026-05-15 12:28:04.447822+00', '2026-05-15 12:28:04.447822+00', NULL) ON CONFLICT DO NOTHING;
INSERT INTO public.product_variant_price_set (variant_id, price_set_id, id, created_at, updated_at, deleted_at) VALUES ('variant_01KRNSQCHYWKEQRX3A0CF6DK2H', 'pset_01KRNSQCJ8G7CAV9BBYH4BQEE4', 'pvps_01KRNSQCJDKC7MP4FK514FRY8H', '2026-05-15 12:28:04.557687+00', '2026-05-15 12:28:04.557687+00', NULL) ON CONFLICT DO NOTHING;
INSERT INTO public.product_variant_price_set (variant_id, price_set_id, id, created_at, updated_at, deleted_at) VALUES ('variant_01KRNSQCM7F7BMS27MTXRXXB7Q', 'pset_01KRNSQCMMEXM0TP0QKK82VQ40', 'pvps_01KRNSQCMQ870H4HWHRBK1WSG7', '2026-05-15 12:28:04.631319+00', '2026-05-15 12:28:04.631319+00', NULL) ON CONFLICT DO NOTHING;
INSERT INTO public.product_variant_price_set (variant_id, price_set_id, id, created_at, updated_at, deleted_at) VALUES ('variant_01KRNSQCPZ01ZCQ4FNNN0EC47T', 'pset_01KRNSQCQ85Z2AJBGAG7PBFAAB', 'pvps_01KRNSQCQBHAZWCCZBVAFR5QPR', '2026-05-15 12:28:04.715759+00', '2026-05-15 12:28:04.715759+00', NULL) ON CONFLICT DO NOTHING;
INSERT INTO public.product_variant_price_set (variant_id, price_set_id, id, created_at, updated_at, deleted_at) VALUES ('variant_01KRNSQCS670S15FPSG8HMB9KT', 'pset_01KRNSQCSEYNEMX3SRWREHXZ0P', 'pvps_01KRNSQCSKNRJP0VKC049XMZB9', '2026-05-15 12:28:04.787266+00', '2026-05-15 12:28:04.787266+00', NULL) ON CONFLICT DO NOTHING;
INSERT INTO public.product_variant_price_set (variant_id, price_set_id, id, created_at, updated_at, deleted_at) VALUES ('variant_01KRNSQCVEY2083GYMEGZXGGTQ', 'pset_01KRNSQCVPX7M7D8G2NVASD515', 'pvps_01KRNSQCVTV6JR0TVRFE99N8M2', '2026-05-15 12:28:04.85799+00', '2026-05-15 12:28:04.85799+00', NULL) ON CONFLICT DO NOTHING;
INSERT INTO public.product_variant_price_set (variant_id, price_set_id, id, created_at, updated_at, deleted_at) VALUES ('variant_01KRNSQCYE35A3GXQR03HHKV5F', 'pset_01KRNSQCYQD64MD5MZQCKMMX7R', 'pvps_01KRNSQCYTB4P52CC7EESDHX89', '2026-05-15 12:28:04.95421+00', '2026-05-15 12:28:04.95421+00', NULL) ON CONFLICT DO NOTHING;
INSERT INTO public.product_variant_price_set (variant_id, price_set_id, id, created_at, updated_at, deleted_at) VALUES ('variant_01KRNSQD20FNTNGSZ1YEHC6CCY', 'pset_01KRNSQD2BDX81S8KPBB74H2PN', 'pvps_01KRNSQD2HNBVFD2HP2RTJBCDJ', '2026-05-15 12:28:05.073317+00', '2026-05-15 12:28:05.073317+00', NULL) ON CONFLICT DO NOTHING;
INSERT INTO public.product_variant_price_set (variant_id, price_set_id, id, created_at, updated_at, deleted_at) VALUES ('variant_01KRNSQD4RD0SH28F7XKN18E9C', 'pset_01KRNSQD51HX6Q833A3HQ55SR8', 'pvps_01KRNSQD54CTGQ9J3225Y4AKQT', '2026-05-15 12:28:05.156806+00', '2026-05-15 12:28:05.156806+00', NULL) ON CONFLICT DO NOTHING;
INSERT INTO public.product_variant_price_set (variant_id, price_set_id, id, created_at, updated_at, deleted_at) VALUES ('variant_01KRNSQD8VQS0JCN1D9NR6JA8R', 'pset_01KRNSQDCXD3Y26THKWT8YTES1', 'pvps_01KRNSQDENNHSRVBM2H42ZCXEX', '2026-05-15 12:28:05.460696+00', '2026-05-15 12:28:05.460696+00', NULL) ON CONFLICT DO NOTHING;
INSERT INTO public.product_variant_price_set (variant_id, price_set_id, id, created_at, updated_at, deleted_at) VALUES ('variant_01KRNSQDJCZ1TFG8F1D4TBH1TE', 'pset_01KRNSQDJVYTBHHABBWXTE85N8', 'pvps_01KRNSQDK2YWJ4CK0DP43Y64ZF', '2026-05-15 12:28:05.602786+00', '2026-05-15 12:28:05.602786+00', NULL) ON CONFLICT DO NOTHING;
INSERT INTO public.product_variant_price_set (variant_id, price_set_id, id, created_at, updated_at, deleted_at) VALUES ('variant_01KRNSQDRG27XVD1NZQFR9EH5A', 'pset_01KRNSQDS2GDARY7R10VCWB0M9', 'pvps_01KRNSQDSAZKQNGCVBMQ8TWGSX', '2026-05-15 12:28:05.80206+00', '2026-05-15 12:28:05.80206+00', NULL) ON CONFLICT DO NOTHING;


ALTER TABLE public.product_variant_price_set ENABLE TRIGGER ALL;

--
-- Data for Name: promotion_campaign; Type: TABLE DATA; Schema: public; Owner: -
--

ALTER TABLE public.promotion_campaign DISABLE TRIGGER ALL;



ALTER TABLE public.promotion_campaign ENABLE TRIGGER ALL;

--
-- Data for Name: promotion; Type: TABLE DATA; Schema: public; Owner: -
--

ALTER TABLE public.promotion DISABLE TRIGGER ALL;



ALTER TABLE public.promotion ENABLE TRIGGER ALL;

--
-- Data for Name: promotion_application_method; Type: TABLE DATA; Schema: public; Owner: -
--

ALTER TABLE public.promotion_application_method DISABLE TRIGGER ALL;



ALTER TABLE public.promotion_application_method ENABLE TRIGGER ALL;

--
-- Data for Name: promotion_campaign_budget; Type: TABLE DATA; Schema: public; Owner: -
--

ALTER TABLE public.promotion_campaign_budget DISABLE TRIGGER ALL;



ALTER TABLE public.promotion_campaign_budget ENABLE TRIGGER ALL;

--
-- Data for Name: promotion_rule; Type: TABLE DATA; Schema: public; Owner: -
--

ALTER TABLE public.promotion_rule DISABLE TRIGGER ALL;



ALTER TABLE public.promotion_rule ENABLE TRIGGER ALL;

--
-- Data for Name: promotion_promotion_rule; Type: TABLE DATA; Schema: public; Owner: -
--

ALTER TABLE public.promotion_promotion_rule DISABLE TRIGGER ALL;



ALTER TABLE public.promotion_promotion_rule ENABLE TRIGGER ALL;

--
-- Data for Name: promotion_rule_value; Type: TABLE DATA; Schema: public; Owner: -
--

ALTER TABLE public.promotion_rule_value DISABLE TRIGGER ALL;



ALTER TABLE public.promotion_rule_value ENABLE TRIGGER ALL;

--
-- Data for Name: provider_identity; Type: TABLE DATA; Schema: public; Owner: -
--

ALTER TABLE public.provider_identity DISABLE TRIGGER ALL;

INSERT INTO public.provider_identity (id, entity_id, provider, auth_identity_id, user_metadata, provider_metadata, created_at, updated_at, deleted_at) VALUES ('01KRBB56F55YV53CQYMZ4MFYEA', 'seller@mercurjs.com', 'emailpass', 'authid_01KRBB56F6RYX606C52ZEG6HGZ', NULL, '{"password": "c2NyeXB0AA8AAAAIAAAAAURwDIpBakOpxyz2OrCxwRnO+dZ2XNrGM4CDhxfOSu85XMjaYww+g1lWi6UzvF4La2f6Re4kEbtff2DGOle4nC6/BReO3455D5vVVlga1NU8"}', '2026-05-11 11:01:04.102+00', '2026-05-11 11:01:04.102+00', NULL) ON CONFLICT DO NOTHING;
INSERT INTO public.provider_identity (id, entity_id, provider, auth_identity_id, user_metadata, provider_metadata, created_at, updated_at, deleted_at) VALUES ('01KRNSQ7M3NN1YA8YMBCDWRWE6', 'taxcel@findtax.com', 'emailpass', 'authid_01KRNSQ7M3TQ0Z04666QR74JPQ', NULL, '{"password": "c2NyeXB0AA8AAAAIAAAAAbCZUgWsX9NjrQX0hBUKot27wKIxV9d1hy4Fni4rhkN3wj7XrvvfFNJFRPiwPWnjFLgssxaBFFdeLOQR/nt5MxHJTv8c5SjchMZXcMOGy6aN"}', '2026-05-15 12:27:59.491+00', '2026-05-15 12:27:59.491+00', NULL) ON CONFLICT DO NOTHING;
INSERT INTO public.provider_identity (id, entity_id, provider, auth_identity_id, user_metadata, provider_metadata, created_at, updated_at, deleted_at) VALUES ('01KRNSQ7Z9MTZCR593GEWMHM66', 'buscalegal@findtax.com', 'emailpass', 'authid_01KRNSQ7Z9KVEZDJKT8G58J9PM', NULL, '{"password": "c2NyeXB0AA8AAAAIAAAAAaM9ZQ7VGDhENqJCuakaSbMsx9njlfNZZtRH2O5IjCgTQ4vtNFjb3IkWNZ2GbTWSpagZET0Iu10ilUN1zQ5X/HlbMGmwekCa2L8GWwYcLCEV"}', '2026-05-15 12:27:59.849+00', '2026-05-15 12:27:59.849+00', NULL) ON CONFLICT DO NOTHING;
INSERT INTO public.provider_identity (id, entity_id, provider, auth_identity_id, user_metadata, provider_metadata, created_at, updated_at, deleted_at) VALUES ('01KRNSQ896870GYBF1HDZGEAC9', 'matecnologias@findtax.com', 'emailpass', 'authid_01KRNSQ896WVAD6X85H67A0Q5V', NULL, '{"password": "c2NyeXB0AA8AAAAIAAAAATitFhtQl2vPBj9FHIX5WV+sK4NcB+GbP5H1uWQC4ClmGi9YJpKh3F5vaJ31DZr6ObDVr4bITegiNUwDOrmA+SSXpDkgC3StKuGcHK8mEl2F"}', '2026-05-15 12:28:00.166+00', '2026-05-15 12:28:00.166+00', NULL) ON CONFLICT DO NOTHING;
INSERT INTO public.provider_identity (id, entity_id, provider, auth_identity_id, user_metadata, provider_metadata, created_at, updated_at, deleted_at) VALUES ('01KRNSQ8NS98H8T3GTT1JFW772', 'revizia@findtax.com', 'emailpass', 'authid_01KRNSQ8NSHYFGDA5HJ2F1NN03', NULL, '{"password": "c2NyeXB0AA8AAAAIAAAAAclhwyPqxHBqYt6WiaEV9TqNDwMiUAWJVbd2IEg4FlloE1NlZhbFAJOo5Vye+s0a6Viy4xX+TcsBNgArVV8VhSdZ8yLDJr9wXC/ziYZisjlN"}', '2026-05-15 12:28:00.57+00', '2026-05-15 12:28:00.57+00', NULL) ON CONFLICT DO NOTHING;
INSERT INTO public.provider_identity (id, entity_id, provider, auth_identity_id, user_metadata, provider_metadata, created_at, updated_at, deleted_at) VALUES ('01KRNSQ8Z1V09TERQ878AXY8B7', 'taxstragegy@findtax.com', 'emailpass', 'authid_01KRNSQ8Z11HECRJAC3M5Y7PN7', NULL, '{"password": "c2NyeXB0AA8AAAAIAAAAATrOvOIt2Bst7BVZTLxvzPNdkXIEq4gJUkaJgr91mn19BwEea2JnsKH7a7YexV7kMIHYjfw/VvBvR4jorL06McK1XEwcCZAvwZ2pPUVIP9Tc"}', '2026-05-15 12:28:00.865+00', '2026-05-15 12:28:00.865+00', NULL) ON CONFLICT DO NOTHING;
INSERT INTO public.provider_identity (id, entity_id, provider, auth_identity_id, user_metadata, provider_metadata, created_at, updated_at, deleted_at) VALUES ('01KRNSQ9316QHSPFMK6S7MSX51', 'roit@findtax.com', 'emailpass', 'authid_01KRNSQ931111R3JVQG88WSJ19', NULL, '{"password": "c2NyeXB0AA8AAAAIAAAAAeX5FrykCnj3UzrCRzKPF4DswkY+hrkI3LuTCiYGKbTz0nqzg+MaQrGMLp8AkoxPfHHiZxHXUX7xMY3fXQy1ATiUAujsxVyqlK8gN7gWpIAX"}', '2026-05-15 12:28:00.993+00', '2026-05-15 12:28:00.993+00', NULL) ON CONFLICT DO NOTHING;
INSERT INTO public.provider_identity (id, entity_id, provider, auth_identity_id, user_metadata, provider_metadata, created_at, updated_at, deleted_at) VALUES ('01KRNSQ98YXF210DAE7QPTHXFA', 'brinta@findtax.com', 'emailpass', 'authid_01KRNSQ98YJPC2M7KTF7YGS754', NULL, '{"password": "c2NyeXB0AA8AAAAIAAAAAZsvQzSDyACUMB/NkKCaOJQHfaia3kfrAHIDmdqA/wqPujXOm9bib6kt3BN/CJwb+t1ENt8r0GDvKLNlXZq6JFbCrm+Y3VCFhOgxrmsd0TtO"}', '2026-05-15 12:28:01.182+00', '2026-05-15 12:28:01.182+00', NULL) ON CONFLICT DO NOTHING;
INSERT INTO public.provider_identity (id, entity_id, provider, auth_identity_id, user_metadata, provider_metadata, created_at, updated_at, deleted_at) VALUES ('01KRNSQ9BTEPE556GY3CVD3P1Y', 'evollux@findtax.com', 'emailpass', 'authid_01KRNSQ9BT1KBVVPACYK030DXZ', NULL, '{"password": "c2NyeXB0AA8AAAAIAAAAAevc1QRiWy44v9vM6z5WHzU9t1mxcCl/NPiJSXQyekx4mLzYIGHidNalGewlc+6TanOlzqzRqbJE+AWM5MhUHvw0cFzngW/2iW5LVw6uJkb3"}', '2026-05-15 12:28:01.274+00', '2026-05-15 12:28:01.274+00', NULL) ON CONFLICT DO NOTHING;
INSERT INTO public.provider_identity (id, entity_id, provider, auth_identity_id, user_metadata, provider_metadata, created_at, updated_at, deleted_at) VALUES ('01KRNSQ9F5NAEH0GAVJW3XFFH2', 'elofiscal@findtax.com', 'emailpass', 'authid_01KRNSQ9F5T18V3R52HG57J84K', NULL, '{"password": "c2NyeXB0AA8AAAAIAAAAARzX+pJaT0n3gZ212QP30REoj1clfSUE962Iwa3KYocW4klSCcVsUpieOGREWadF8A7MnOazu7bDCcEP3A3V/z3B1CDquw2z8EFt4JGDYjQ+"}', '2026-05-15 12:28:01.382+00', '2026-05-15 12:28:01.382+00', NULL) ON CONFLICT DO NOTHING;
INSERT INTO public.provider_identity (id, entity_id, provider, auth_identity_id, user_metadata, provider_metadata, created_at, updated_at, deleted_at) VALUES ('01KRNSQ9HWK6M36J4380PC2AY2', 'fs4you@findtax.com', 'emailpass', 'authid_01KRNSQ9HWKVRHYX8YKSNWPR70', NULL, '{"password": "c2NyeXB0AA8AAAAIAAAAAeNELHNaLDzewRn4YebP1w7oXki71AX1JcxFyU81ncZzXtjQu/Gn8/X6PF4LMjlXoNgct4av7plqE4xbQ/ujGSYKcq7dx2Tpo+ciy7NYnJXf"}', '2026-05-15 12:28:01.468+00', '2026-05-15 12:28:01.468+00', NULL) ON CONFLICT DO NOTHING;
INSERT INTO public.provider_identity (id, entity_id, provider, auth_identity_id, user_metadata, provider_metadata, created_at, updated_at, deleted_at) VALUES ('01KRNSQ9MK2CZ0Z0FZRSFAV0CX', 'sittax@findtax.com', 'emailpass', 'authid_01KRNSQ9MKK46HQWJJTN86X15R', NULL, '{"password": "c2NyeXB0AA8AAAAIAAAAAbhUoiFo2d3nCi1ANABU2JmQRh7b2t24J0BxX57agcWofouSnBG6ihGmLRZ0kRAU2bbvVevcULql89xhF2QPUChkcoYDYdhntgjFf49YaZ5q"}', '2026-05-15 12:28:01.555+00', '2026-05-15 12:28:01.555+00', NULL) ON CONFLICT DO NOTHING;
INSERT INTO public.provider_identity (id, entity_id, provider, auth_identity_id, user_metadata, provider_metadata, created_at, updated_at, deleted_at) VALUES ('01KRNSQ9Q5ZAN4A8DS3J3C84TV', 'menndelmeloadvocacia@findtax.com', 'emailpass', 'authid_01KRNSQ9Q6AVCWYQW4555QAJXB', NULL, '{"password": "c2NyeXB0AA8AAAAIAAAAAXNRWRhZJ3qsCKXQDp4Z7imAkLj9DcFuteu5XmXfj8KD+xTd+g6d6UFQWBGXZkPDjlqrAhq8EQQ5Emrl7bz6Z2FB2fVk3GP4nQpGnL3v0HSE"}', '2026-05-15 12:28:01.638+00', '2026-05-15 12:28:01.638+00', NULL) ON CONFLICT DO NOTHING;
INSERT INTO public.provider_identity (id, entity_id, provider, auth_identity_id, user_metadata, provider_metadata, created_at, updated_at, deleted_at) VALUES ('01KRNSQ9SRTAYXVAJ66W20VVZ7', 'camu@findtax.com', 'emailpass', 'authid_01KRNSQ9SRVY5H9H4JZXSXD7ZQ', NULL, '{"password": "c2NyeXB0AA8AAAAIAAAAAb0jmnSeo04e5p0ToCVJuBY3s5e1uZiaUKWzSF6MflKFt3KkKHCKGd7lCyKgyn5mLe+iQEntBpllQf/SUivJR6AI73EFW+xKP9b/ytwqujhR"}', '2026-05-15 12:28:01.721+00', '2026-05-15 12:28:01.721+00', NULL) ON CONFLICT DO NOTHING;
INSERT INTO public.provider_identity (id, entity_id, provider, auth_identity_id, user_metadata, provider_metadata, created_at, updated_at, deleted_at) VALUES ('01KRNSQ9YPM6X5P4YQ4Q82X368', 'simoespires@findtax.com', 'emailpass', 'authid_01KRNSQ9YQ467TW2ABKA9AP78T', NULL, '{"password": "c2NyeXB0AA8AAAAIAAAAAdPl88I8AfjZAJau3eiRJ4rFzRluxtJ8KJoQJExmru3gzzSVENvhGS8lJgfpquz8/SiBgtawqlXChbqmhQuA/heEHDpU+xbf//WzJ3/MVeHv"}', '2026-05-15 12:28:01.879+00', '2026-05-15 12:28:01.879+00', NULL) ON CONFLICT DO NOTHING;
INSERT INTO public.provider_identity (id, entity_id, provider, auth_identity_id, user_metadata, provider_metadata, created_at, updated_at, deleted_at) VALUES ('01KRNSQA33TVGMADN4M1FKWTBG', 'lopti@findtax.com', 'emailpass', 'authid_01KRNSQA333YRKN1CTKV6BG21D', NULL, '{"password": "c2NyeXB0AA8AAAAIAAAAAZIJ1DcJHSaThI3JzrNpwxr6M9kzDPi6mkv47Qtly49hr5W+jUQIbWTr0p6BhsLQEVwfSw+7CgYuX20Z3eTEvg5vOrH9zrlbrHTzmTAmMrad"}', '2026-05-15 12:28:02.019+00', '2026-05-15 12:28:02.019+00', NULL) ON CONFLICT DO NOTHING;
INSERT INTO public.provider_identity (id, entity_id, provider, auth_identity_id, user_metadata, provider_metadata, created_at, updated_at, deleted_at) VALUES ('01KRNSQA5T0BVX5B8C5T0C0YJE', 'tsctisolucoesfiscais@findtax.com', 'emailpass', 'authid_01KRNSQA5VGGT3WMCHER77A1TH', NULL, '{"password": "c2NyeXB0AA8AAAAIAAAAAVz199XzDChA2rSbew6leWOZn19i9xPPGPkEGiyKSfMeBK6PrmNvkd9sUsB34puiQ4iuksU2uv4zhzeZTAzQP6FeeNeTsCWECTqkqB0QLtRj"}', '2026-05-15 12:28:02.107+00', '2026-05-15 12:28:02.107+00', NULL) ON CONFLICT DO NOTHING;
INSERT INTO public.provider_identity (id, entity_id, provider, auth_identity_id, user_metadata, provider_metadata, created_at, updated_at, deleted_at) VALUES ('01KRNSQA8DAAF9V6DC557HFV2A', 'numixtech@findtax.com', 'emailpass', 'authid_01KRNSQA8DDBW643CZF6AEN3C1', NULL, '{"password": "c2NyeXB0AA8AAAAIAAAAAWqflZeMo/fs2rH0gA8WsLH0IsSAfvRFWurkiviZ3LnYRUGe97HkexC/jtqLf0prRaZ0lG0ZfSf6f6j/8j4mNSbDBL7OgNUak0b4VuIyEkjt"}', '2026-05-15 12:28:02.189+00', '2026-05-15 12:28:02.189+00', NULL) ON CONFLICT DO NOTHING;
INSERT INTO public.provider_identity (id, entity_id, provider, auth_identity_id, user_metadata, provider_metadata, created_at, updated_at, deleted_at) VALUES ('01KRNSQAB7EC81WRX17TV9GP2A', 'masteryecommercesolutions@findtax.com', 'emailpass', 'authid_01KRNSQAB7ZY9WP690JN1FSZ1R', NULL, '{"password": "c2NyeXB0AA8AAAAIAAAAAbfohFgKpu22rxD97exkbgacQHU+BHfvfxOy60+LQzv4rh8QwEAl0A3tMefcgnkaOu+KGG2kPZMsBmb7pIAT3pCpQmwbs8/70iS9u9tJfj6q"}', '2026-05-15 12:28:02.279+00', '2026-05-15 12:28:02.279+00', NULL) ON CONFLICT DO NOTHING;
INSERT INTO public.provider_identity (id, entity_id, provider, auth_identity_id, user_metadata, provider_metadata, created_at, updated_at, deleted_at) VALUES ('01KRNSQAE79X9XKTP7JFPAM3R8', 'findtaxsolutions@findtax.com', 'emailpass', 'authid_01KRNSQAE7PQCRFG3AE68EF0R3', NULL, '{"password": "c2NyeXB0AA8AAAAIAAAAASKzh1PB5YVAKpPaHouB7/+OYLTYFAUIiGLcPYufjiwiVRrFFpY1I0AgcQ5erH8/AFgsBHaRqrukvq2rfpm8KReokJWRBJ2Ov19AJJqo3ZEp"}', '2026-05-15 12:28:02.375+00', '2026-05-15 12:28:02.375+00', NULL) ON CONFLICT DO NOTHING;
INSERT INTO public.provider_identity (id, entity_id, provider, auth_identity_id, user_metadata, provider_metadata, created_at, updated_at, deleted_at) VALUES ('01KRNSQAGZDRG0DG40Y16BP9FA', 'v360@findtax.com', 'emailpass', 'authid_01KRNSQAGZ3H8TB2MD332P195T', NULL, '{"password": "c2NyeXB0AA8AAAAIAAAAARf/oskjTBIKzxdaBeeOuGkMUr7xkJ2jB+hUWkbwaYAwDLwJKboTKZBy4p49+RPqyQ0rZIFkAy/YxPSm1GmjfIrtnmdJr5r+CF8uS+lmjWCt"}', '2026-05-15 12:28:02.464+00', '2026-05-15 12:28:02.464+00', NULL) ON CONFLICT DO NOTHING;
INSERT INTO public.provider_identity (id, entity_id, provider, auth_identity_id, user_metadata, provider_metadata, created_at, updated_at, deleted_at) VALUES ('01KRNSQAPD64KA83ZVGK7KBN9Y', 'tax5consult@findtax.com', 'emailpass', 'authid_01KRNSQAPDW5Q74SYNYPTP9BZQ', NULL, '{"password": "c2NyeXB0AA8AAAAIAAAAAZuOrulXPek7jdplocJLWDIbdW2aSm8CRHj6o9OC1WCIc62b9rrncSe3zSMb+Fag7LHOr2LJvbSySroujmlCiHSvr1OsdJnRbC4CKu0fESr4"}', '2026-05-15 12:28:02.637+00', '2026-05-15 12:28:02.637+00', NULL) ON CONFLICT DO NOTHING;
INSERT INTO public.provider_identity (id, entity_id, provider, auth_identity_id, user_metadata, provider_metadata, created_at, updated_at, deleted_at) VALUES ('01KRNSQARYKZ5DSFP9X4YEGQE8', 'eauditoria@findtax.com', 'emailpass', 'authid_01KRNSQARY43QER3ZHECF3X1YW', NULL, '{"password": "c2NyeXB0AA8AAAAIAAAAAe8/93wxoX2xXkS7CCB/IhdSxA+Jrfj/R5lkIK6khtIscb/0vGQ6fstLmGEd0xKyvoV2sQh5aINgcx0NEi4BUU7dX0VjLKlfi9SonhwtbfL/"}', '2026-05-15 12:28:02.718+00', '2026-05-15 12:28:02.718+00', NULL) ON CONFLICT DO NOTHING;
INSERT INTO public.provider_identity (id, entity_id, provider, auth_identity_id, user_metadata, provider_metadata, created_at, updated_at, deleted_at) VALUES ('01KRNSQAXN79N5G41PHF9X36MV', 'logisbank@findtax.com', 'emailpass', 'authid_01KRNSQAXNQ815KP5Y33BK62V9', NULL, '{"password": "c2NyeXB0AA8AAAAIAAAAAa+57mvHW2jlGS1KOkAcYvU6pqJ28+7zYlfxd0OeAChzXOBF/uqVN3nlk5/eOhYI8hcUZhqcFJfcNzd8w6NeT+g30eyeXumvHwMAW2y8wPJF"}', '2026-05-15 12:28:02.869+00', '2026-05-15 12:28:02.869+00', NULL) ON CONFLICT DO NOTHING;
INSERT INTO public.provider_identity (id, entity_id, provider, auth_identity_id, user_metadata, provider_metadata, created_at, updated_at, deleted_at) VALUES ('01KRNSQB0C8BHRG2275KFVMKZJ', 'trevisanescoladenegocios@findtax.com', 'emailpass', 'authid_01KRNSQB0D6Z6SXR7STW4MXS3X', NULL, '{"password": "c2NyeXB0AA8AAAAIAAAAAdHMIhegmFiKEqp+AlUKxfHWoIHlljUo70uQ9Wn6Q4TscFNIer6Lqct2Mjs40BSBhvkRnxJ39PMMh5bB0JjbG3ZuEPZs0zSBedE66siWZ4S8"}', '2026-05-15 12:28:02.957+00', '2026-05-15 12:28:02.957+00', NULL) ON CONFLICT DO NOTHING;
INSERT INTO public.provider_identity (id, entity_id, provider, auth_identity_id, user_metadata, provider_metadata, created_at, updated_at, deleted_at) VALUES ('01KRNSQB30VGEMF8F9Z53GYH4M', 'solutio@findtax.com', 'emailpass', 'authid_01KRNSQB30A0YK6C9E0FZCN1S7', NULL, '{"password": "c2NyeXB0AA8AAAAIAAAAAdL5BIBbhMyC6uhOJXVmD8q+ti3cUrjAJOpQZ337Al1LUkt8zeh5HnWT0rNgUrkUdYVCI+H/Ds2QrJXCOocTB4AM45mOLzgzJYCFEXzRr1PG"}', '2026-05-15 12:28:03.04+00', '2026-05-15 12:28:03.04+00', NULL) ON CONFLICT DO NOTHING;
INSERT INTO public.provider_identity (id, entity_id, provider, auth_identity_id, user_metadata, provider_metadata, created_at, updated_at, deleted_at) VALUES ('01KRNSQB5PBZWBJAHRDRAAEP9S', 'planning@findtax.com', 'emailpass', 'authid_01KRNSQB5P3N0HWH1W55M1THDN', NULL, '{"password": "c2NyeXB0AA8AAAAIAAAAAYbGclvtRPitLC8vYTQqcuzxOW/6QEvcMXIEb11hqMw4Sia6zCp3GS/K+X7xXzCSHYQz3YcFLpBDqDBlSbjH21jxULVxtyAG3kEMKGcMpkEV"}', '2026-05-15 12:28:03.126+00', '2026-05-15 12:28:03.126+00', NULL) ON CONFLICT DO NOTHING;
INSERT INTO public.provider_identity (id, entity_id, provider, auth_identity_id, user_metadata, provider_metadata, created_at, updated_at, deleted_at) VALUES ('01KRNSQB8BHTJ96SD0MX9YY2QQ', 'taxly@findtax.com', 'emailpass', 'authid_01KRNSQB8B3ZPGPE3TAAR0BJ2D', NULL, '{"password": "c2NyeXB0AA8AAAAIAAAAAbIoGbXK5aK3jr/MLWjzERaH05bbMQuVGmcUuRxL8luPpDBSqCuU59njBUmCy0T7341a+PzPUrpm+HLOifSdFS9G+sIWTBkhWjcqK/QzuOKk"}', '2026-05-15 12:28:03.211+00', '2026-05-15 12:28:03.211+00', NULL) ON CONFLICT DO NOTHING;
INSERT INTO public.provider_identity (id, entity_id, provider, auth_identity_id, user_metadata, provider_metadata, created_at, updated_at, deleted_at) VALUES ('01KRNSQBAX18V4SKEPKA7520R3', 'tributarioubusiness@findtax.com', 'emailpass', 'authid_01KRNSQBAXRJB72DRPR0S61Q69', NULL, '{"password": "c2NyeXB0AA8AAAAIAAAAARSJGdbF6U9KwL9E9lrZuoQ0q0dSyBqa7xWSN85TxYjye5Eg97855XKfK6Pd7W05cpHQn4P0oc53LpJNre5m6Kiwu9eLfymILOtGgzCFrO1e"}', '2026-05-15 12:28:03.293+00', '2026-05-15 12:28:03.293+00', NULL) ON CONFLICT DO NOTHING;
INSERT INTO public.provider_identity (id, entity_id, provider, auth_identity_id, user_metadata, provider_metadata, created_at, updated_at, deleted_at) VALUES ('01KRNSQBJRCQN8PBXTEEVF0Q9C', 'taxlyservicosetecnologia@findtax.com', 'emailpass', 'authid_01KRNSQBJR6TH7HYCSE5M3DMX2', NULL, '{"password": "c2NyeXB0AA8AAAAIAAAAARLwWd+dp3KQC7knRtuBHZamc559HHVK80K2ZqO5pFkwxyHcFY25AJTTiWq+H9MwaswGV3AHGVTFml1X0StsUMlMa5KWIOy/VEVVrvnjCqwH"}', '2026-05-15 12:28:03.545+00', '2026-05-15 12:28:03.545+00', NULL) ON CONFLICT DO NOTHING;


ALTER TABLE public.provider_identity ENABLE TRIGGER ALL;

--
-- Data for Name: publishable_api_key_sales_channel; Type: TABLE DATA; Schema: public; Owner: -
--

ALTER TABLE public.publishable_api_key_sales_channel DISABLE TRIGGER ALL;

INSERT INTO public.publishable_api_key_sales_channel (publishable_key_id, sales_channel_id, id, created_at, updated_at, deleted_at) VALUES ('apk_01KQNRBAPSXDKS0V1KFB6XB59M', 'sc_01KQNRA1PA5TWKZKS1FRYPY3F9', 'pksc_01KQNRBAPYAZNEBN7FWYY6821V', '2026-05-03 01:48:19.038238+00', '2026-05-03 01:48:19.038238+00', NULL) ON CONFLICT DO NOTHING;


ALTER TABLE public.publishable_api_key_sales_channel ENABLE TRIGGER ALL;

--
-- Data for Name: refund; Type: TABLE DATA; Schema: public; Owner: -
--

ALTER TABLE public.refund DISABLE TRIGGER ALL;



ALTER TABLE public.refund ENABLE TRIGGER ALL;

--
-- Data for Name: refund_reason; Type: TABLE DATA; Schema: public; Owner: -
--

ALTER TABLE public.refund_reason DISABLE TRIGGER ALL;



ALTER TABLE public.refund_reason ENABLE TRIGGER ALL;

--
-- Data for Name: region; Type: TABLE DATA; Schema: public; Owner: -
--

ALTER TABLE public.region DISABLE TRIGGER ALL;

INSERT INTO public.region (id, name, currency_code, metadata, created_at, updated_at, deleted_at, automatic_taxes) VALUES ('reg_01KQNRBAKVCM3EY946Y004C850', 'North America', 'usd', NULL, '2026-05-03 01:48:18.945+00', '2026-05-03 01:48:18.945+00', NULL, true) ON CONFLICT DO NOTHING;
INSERT INTO public.region (id, name, currency_code, metadata, created_at, updated_at, deleted_at, automatic_taxes) VALUES ('reg_01KQNRBAKVX5S2J9N16GG778VN', 'Europe', 'eur', NULL, '2026-05-03 01:48:18.945+00', '2026-05-03 01:48:18.945+00', NULL, true) ON CONFLICT DO NOTHING;
INSERT INTO public.region (id, name, currency_code, metadata, created_at, updated_at, deleted_at, automatic_taxes) VALUES ('reg_01KRBV94T02V3YEHH55HGMREVE', 'Brazil', 'brl', NULL, '2026-05-11 15:42:50.698+00', '2026-05-11 15:42:50.698+00', NULL, true) ON CONFLICT DO NOTHING;


ALTER TABLE public.region ENABLE TRIGGER ALL;

--
-- Data for Name: region_country; Type: TABLE DATA; Schema: public; Owner: -
--

ALTER TABLE public.region_country DISABLE TRIGGER ALL;

INSERT INTO public.region_country (iso_2, iso_3, num_code, name, display_name, region_id, metadata, created_at, updated_at, deleted_at) VALUES ('af', 'afg', '004', 'AFGHANISTAN', 'Afghanistan', NULL, NULL, '2026-05-03 01:47:01.442+00', '2026-05-03 01:47:01.442+00', NULL) ON CONFLICT DO NOTHING;
INSERT INTO public.region_country (iso_2, iso_3, num_code, name, display_name, region_id, metadata, created_at, updated_at, deleted_at) VALUES ('al', 'alb', '008', 'ALBANIA', 'Albania', NULL, NULL, '2026-05-03 01:47:01.442+00', '2026-05-03 01:47:01.442+00', NULL) ON CONFLICT DO NOTHING;
INSERT INTO public.region_country (iso_2, iso_3, num_code, name, display_name, region_id, metadata, created_at, updated_at, deleted_at) VALUES ('dz', 'dza', '012', 'ALGERIA', 'Algeria', NULL, NULL, '2026-05-03 01:47:01.442+00', '2026-05-03 01:47:01.442+00', NULL) ON CONFLICT DO NOTHING;
INSERT INTO public.region_country (iso_2, iso_3, num_code, name, display_name, region_id, metadata, created_at, updated_at, deleted_at) VALUES ('as', 'asm', '016', 'AMERICAN SAMOA', 'American Samoa', NULL, NULL, '2026-05-03 01:47:01.442+00', '2026-05-03 01:47:01.442+00', NULL) ON CONFLICT DO NOTHING;
INSERT INTO public.region_country (iso_2, iso_3, num_code, name, display_name, region_id, metadata, created_at, updated_at, deleted_at) VALUES ('ad', 'and', '020', 'ANDORRA', 'Andorra', NULL, NULL, '2026-05-03 01:47:01.442+00', '2026-05-03 01:47:01.442+00', NULL) ON CONFLICT DO NOTHING;
INSERT INTO public.region_country (iso_2, iso_3, num_code, name, display_name, region_id, metadata, created_at, updated_at, deleted_at) VALUES ('ao', 'ago', '024', 'ANGOLA', 'Angola', NULL, NULL, '2026-05-03 01:47:01.442+00', '2026-05-03 01:47:01.442+00', NULL) ON CONFLICT DO NOTHING;
INSERT INTO public.region_country (iso_2, iso_3, num_code, name, display_name, region_id, metadata, created_at, updated_at, deleted_at) VALUES ('ai', 'aia', '660', 'ANGUILLA', 'Anguilla', NULL, NULL, '2026-05-03 01:47:01.442+00', '2026-05-03 01:47:01.442+00', NULL) ON CONFLICT DO NOTHING;
INSERT INTO public.region_country (iso_2, iso_3, num_code, name, display_name, region_id, metadata, created_at, updated_at, deleted_at) VALUES ('aq', 'ata', '010', 'ANTARCTICA', 'Antarctica', NULL, NULL, '2026-05-03 01:47:01.442+00', '2026-05-03 01:47:01.442+00', NULL) ON CONFLICT DO NOTHING;
INSERT INTO public.region_country (iso_2, iso_3, num_code, name, display_name, region_id, metadata, created_at, updated_at, deleted_at) VALUES ('ag', 'atg', '028', 'ANTIGUA AND BARBUDA', 'Antigua and Barbuda', NULL, NULL, '2026-05-03 01:47:01.442+00', '2026-05-03 01:47:01.442+00', NULL) ON CONFLICT DO NOTHING;
INSERT INTO public.region_country (iso_2, iso_3, num_code, name, display_name, region_id, metadata, created_at, updated_at, deleted_at) VALUES ('ar', 'arg', '032', 'ARGENTINA', 'Argentina', NULL, NULL, '2026-05-03 01:47:01.442+00', '2026-05-03 01:47:01.442+00', NULL) ON CONFLICT DO NOTHING;
INSERT INTO public.region_country (iso_2, iso_3, num_code, name, display_name, region_id, metadata, created_at, updated_at, deleted_at) VALUES ('am', 'arm', '051', 'ARMENIA', 'Armenia', NULL, NULL, '2026-05-03 01:47:01.442+00', '2026-05-03 01:47:01.442+00', NULL) ON CONFLICT DO NOTHING;
INSERT INTO public.region_country (iso_2, iso_3, num_code, name, display_name, region_id, metadata, created_at, updated_at, deleted_at) VALUES ('aw', 'abw', '533', 'ARUBA', 'Aruba', NULL, NULL, '2026-05-03 01:47:01.442+00', '2026-05-03 01:47:01.442+00', NULL) ON CONFLICT DO NOTHING;
INSERT INTO public.region_country (iso_2, iso_3, num_code, name, display_name, region_id, metadata, created_at, updated_at, deleted_at) VALUES ('au', 'aus', '036', 'AUSTRALIA', 'Australia', NULL, NULL, '2026-05-03 01:47:01.442+00', '2026-05-03 01:47:01.442+00', NULL) ON CONFLICT DO NOTHING;
INSERT INTO public.region_country (iso_2, iso_3, num_code, name, display_name, region_id, metadata, created_at, updated_at, deleted_at) VALUES ('at', 'aut', '040', 'AUSTRIA', 'Austria', NULL, NULL, '2026-05-03 01:47:01.442+00', '2026-05-03 01:47:01.442+00', NULL) ON CONFLICT DO NOTHING;
INSERT INTO public.region_country (iso_2, iso_3, num_code, name, display_name, region_id, metadata, created_at, updated_at, deleted_at) VALUES ('az', 'aze', '031', 'AZERBAIJAN', 'Azerbaijan', NULL, NULL, '2026-05-03 01:47:01.442+00', '2026-05-03 01:47:01.442+00', NULL) ON CONFLICT DO NOTHING;
INSERT INTO public.region_country (iso_2, iso_3, num_code, name, display_name, region_id, metadata, created_at, updated_at, deleted_at) VALUES ('bs', 'bhs', '044', 'BAHAMAS', 'Bahamas', NULL, NULL, '2026-05-03 01:47:01.442+00', '2026-05-03 01:47:01.442+00', NULL) ON CONFLICT DO NOTHING;
INSERT INTO public.region_country (iso_2, iso_3, num_code, name, display_name, region_id, metadata, created_at, updated_at, deleted_at) VALUES ('bh', 'bhr', '048', 'BAHRAIN', 'Bahrain', NULL, NULL, '2026-05-03 01:47:01.442+00', '2026-05-03 01:47:01.442+00', NULL) ON CONFLICT DO NOTHING;
INSERT INTO public.region_country (iso_2, iso_3, num_code, name, display_name, region_id, metadata, created_at, updated_at, deleted_at) VALUES ('bd', 'bgd', '050', 'BANGLADESH', 'Bangladesh', NULL, NULL, '2026-05-03 01:47:01.442+00', '2026-05-03 01:47:01.442+00', NULL) ON CONFLICT DO NOTHING;
INSERT INTO public.region_country (iso_2, iso_3, num_code, name, display_name, region_id, metadata, created_at, updated_at, deleted_at) VALUES ('bb', 'brb', '052', 'BARBADOS', 'Barbados', NULL, NULL, '2026-05-03 01:47:01.442+00', '2026-05-03 01:47:01.442+00', NULL) ON CONFLICT DO NOTHING;
INSERT INTO public.region_country (iso_2, iso_3, num_code, name, display_name, region_id, metadata, created_at, updated_at, deleted_at) VALUES ('by', 'blr', '112', 'BELARUS', 'Belarus', NULL, NULL, '2026-05-03 01:47:01.442+00', '2026-05-03 01:47:01.442+00', NULL) ON CONFLICT DO NOTHING;
INSERT INTO public.region_country (iso_2, iso_3, num_code, name, display_name, region_id, metadata, created_at, updated_at, deleted_at) VALUES ('be', 'bel', '056', 'BELGIUM', 'Belgium', NULL, NULL, '2026-05-03 01:47:01.442+00', '2026-05-03 01:47:01.442+00', NULL) ON CONFLICT DO NOTHING;
INSERT INTO public.region_country (iso_2, iso_3, num_code, name, display_name, region_id, metadata, created_at, updated_at, deleted_at) VALUES ('bz', 'blz', '084', 'BELIZE', 'Belize', NULL, NULL, '2026-05-03 01:47:01.442+00', '2026-05-03 01:47:01.442+00', NULL) ON CONFLICT DO NOTHING;
INSERT INTO public.region_country (iso_2, iso_3, num_code, name, display_name, region_id, metadata, created_at, updated_at, deleted_at) VALUES ('bj', 'ben', '204', 'BENIN', 'Benin', NULL, NULL, '2026-05-03 01:47:01.442+00', '2026-05-03 01:47:01.442+00', NULL) ON CONFLICT DO NOTHING;
INSERT INTO public.region_country (iso_2, iso_3, num_code, name, display_name, region_id, metadata, created_at, updated_at, deleted_at) VALUES ('bm', 'bmu', '060', 'BERMUDA', 'Bermuda', NULL, NULL, '2026-05-03 01:47:01.442+00', '2026-05-03 01:47:01.442+00', NULL) ON CONFLICT DO NOTHING;
INSERT INTO public.region_country (iso_2, iso_3, num_code, name, display_name, region_id, metadata, created_at, updated_at, deleted_at) VALUES ('bt', 'btn', '064', 'BHUTAN', 'Bhutan', NULL, NULL, '2026-05-03 01:47:01.442+00', '2026-05-03 01:47:01.442+00', NULL) ON CONFLICT DO NOTHING;
INSERT INTO public.region_country (iso_2, iso_3, num_code, name, display_name, region_id, metadata, created_at, updated_at, deleted_at) VALUES ('bo', 'bol', '068', 'BOLIVIA', 'Bolivia', NULL, NULL, '2026-05-03 01:47:01.442+00', '2026-05-03 01:47:01.442+00', NULL) ON CONFLICT DO NOTHING;
INSERT INTO public.region_country (iso_2, iso_3, num_code, name, display_name, region_id, metadata, created_at, updated_at, deleted_at) VALUES ('bq', 'bes', '535', 'BONAIRE, SINT EUSTATIUS AND SABA', 'Bonaire, Sint Eustatius and Saba', NULL, NULL, '2026-05-03 01:47:01.442+00', '2026-05-03 01:47:01.442+00', NULL) ON CONFLICT DO NOTHING;
INSERT INTO public.region_country (iso_2, iso_3, num_code, name, display_name, region_id, metadata, created_at, updated_at, deleted_at) VALUES ('ba', 'bih', '070', 'BOSNIA AND HERZEGOVINA', 'Bosnia and Herzegovina', NULL, NULL, '2026-05-03 01:47:01.442+00', '2026-05-03 01:47:01.442+00', NULL) ON CONFLICT DO NOTHING;
INSERT INTO public.region_country (iso_2, iso_3, num_code, name, display_name, region_id, metadata, created_at, updated_at, deleted_at) VALUES ('bw', 'bwa', '072', 'BOTSWANA', 'Botswana', NULL, NULL, '2026-05-03 01:47:01.442+00', '2026-05-03 01:47:01.442+00', NULL) ON CONFLICT DO NOTHING;
INSERT INTO public.region_country (iso_2, iso_3, num_code, name, display_name, region_id, metadata, created_at, updated_at, deleted_at) VALUES ('bv', 'bvd', '074', 'BOUVET ISLAND', 'Bouvet Island', NULL, NULL, '2026-05-03 01:47:01.442+00', '2026-05-03 01:47:01.442+00', NULL) ON CONFLICT DO NOTHING;
INSERT INTO public.region_country (iso_2, iso_3, num_code, name, display_name, region_id, metadata, created_at, updated_at, deleted_at) VALUES ('io', 'iot', '086', 'BRITISH INDIAN OCEAN TERRITORY', 'British Indian Ocean Territory', NULL, NULL, '2026-05-03 01:47:01.442+00', '2026-05-03 01:47:01.442+00', NULL) ON CONFLICT DO NOTHING;
INSERT INTO public.region_country (iso_2, iso_3, num_code, name, display_name, region_id, metadata, created_at, updated_at, deleted_at) VALUES ('bn', 'brn', '096', 'BRUNEI DARUSSALAM', 'Brunei Darussalam', NULL, NULL, '2026-05-03 01:47:01.442+00', '2026-05-03 01:47:01.442+00', NULL) ON CONFLICT DO NOTHING;
INSERT INTO public.region_country (iso_2, iso_3, num_code, name, display_name, region_id, metadata, created_at, updated_at, deleted_at) VALUES ('bg', 'bgr', '100', 'BULGARIA', 'Bulgaria', NULL, NULL, '2026-05-03 01:47:01.442+00', '2026-05-03 01:47:01.442+00', NULL) ON CONFLICT DO NOTHING;
INSERT INTO public.region_country (iso_2, iso_3, num_code, name, display_name, region_id, metadata, created_at, updated_at, deleted_at) VALUES ('bf', 'bfa', '854', 'BURKINA FASO', 'Burkina Faso', NULL, NULL, '2026-05-03 01:47:01.442+00', '2026-05-03 01:47:01.442+00', NULL) ON CONFLICT DO NOTHING;
INSERT INTO public.region_country (iso_2, iso_3, num_code, name, display_name, region_id, metadata, created_at, updated_at, deleted_at) VALUES ('bi', 'bdi', '108', 'BURUNDI', 'Burundi', NULL, NULL, '2026-05-03 01:47:01.442+00', '2026-05-03 01:47:01.442+00', NULL) ON CONFLICT DO NOTHING;
INSERT INTO public.region_country (iso_2, iso_3, num_code, name, display_name, region_id, metadata, created_at, updated_at, deleted_at) VALUES ('kh', 'khm', '116', 'CAMBODIA', 'Cambodia', NULL, NULL, '2026-05-03 01:47:01.443+00', '2026-05-03 01:47:01.443+00', NULL) ON CONFLICT DO NOTHING;
INSERT INTO public.region_country (iso_2, iso_3, num_code, name, display_name, region_id, metadata, created_at, updated_at, deleted_at) VALUES ('cm', 'cmr', '120', 'CAMEROON', 'Cameroon', NULL, NULL, '2026-05-03 01:47:01.443+00', '2026-05-03 01:47:01.443+00', NULL) ON CONFLICT DO NOTHING;
INSERT INTO public.region_country (iso_2, iso_3, num_code, name, display_name, region_id, metadata, created_at, updated_at, deleted_at) VALUES ('cv', 'cpv', '132', 'CAPE VERDE', 'Cape Verde', NULL, NULL, '2026-05-03 01:47:01.443+00', '2026-05-03 01:47:01.443+00', NULL) ON CONFLICT DO NOTHING;
INSERT INTO public.region_country (iso_2, iso_3, num_code, name, display_name, region_id, metadata, created_at, updated_at, deleted_at) VALUES ('ky', 'cym', '136', 'CAYMAN ISLANDS', 'Cayman Islands', NULL, NULL, '2026-05-03 01:47:01.443+00', '2026-05-03 01:47:01.443+00', NULL) ON CONFLICT DO NOTHING;
INSERT INTO public.region_country (iso_2, iso_3, num_code, name, display_name, region_id, metadata, created_at, updated_at, deleted_at) VALUES ('cf', 'caf', '140', 'CENTRAL AFRICAN REPUBLIC', 'Central African Republic', NULL, NULL, '2026-05-03 01:47:01.443+00', '2026-05-03 01:47:01.443+00', NULL) ON CONFLICT DO NOTHING;
INSERT INTO public.region_country (iso_2, iso_3, num_code, name, display_name, region_id, metadata, created_at, updated_at, deleted_at) VALUES ('td', 'tcd', '148', 'CHAD', 'Chad', NULL, NULL, '2026-05-03 01:47:01.443+00', '2026-05-03 01:47:01.443+00', NULL) ON CONFLICT DO NOTHING;
INSERT INTO public.region_country (iso_2, iso_3, num_code, name, display_name, region_id, metadata, created_at, updated_at, deleted_at) VALUES ('cl', 'chl', '152', 'CHILE', 'Chile', NULL, NULL, '2026-05-03 01:47:01.443+00', '2026-05-03 01:47:01.443+00', NULL) ON CONFLICT DO NOTHING;
INSERT INTO public.region_country (iso_2, iso_3, num_code, name, display_name, region_id, metadata, created_at, updated_at, deleted_at) VALUES ('cn', 'chn', '156', 'CHINA', 'China', NULL, NULL, '2026-05-03 01:47:01.443+00', '2026-05-03 01:47:01.443+00', NULL) ON CONFLICT DO NOTHING;
INSERT INTO public.region_country (iso_2, iso_3, num_code, name, display_name, region_id, metadata, created_at, updated_at, deleted_at) VALUES ('cx', 'cxr', '162', 'CHRISTMAS ISLAND', 'Christmas Island', NULL, NULL, '2026-05-03 01:47:01.443+00', '2026-05-03 01:47:01.443+00', NULL) ON CONFLICT DO NOTHING;
INSERT INTO public.region_country (iso_2, iso_3, num_code, name, display_name, region_id, metadata, created_at, updated_at, deleted_at) VALUES ('cc', 'cck', '166', 'COCOS (KEELING) ISLANDS', 'Cocos (Keeling) Islands', NULL, NULL, '2026-05-03 01:47:01.443+00', '2026-05-03 01:47:01.443+00', NULL) ON CONFLICT DO NOTHING;
INSERT INTO public.region_country (iso_2, iso_3, num_code, name, display_name, region_id, metadata, created_at, updated_at, deleted_at) VALUES ('co', 'col', '170', 'COLOMBIA', 'Colombia', NULL, NULL, '2026-05-03 01:47:01.443+00', '2026-05-03 01:47:01.443+00', NULL) ON CONFLICT DO NOTHING;
INSERT INTO public.region_country (iso_2, iso_3, num_code, name, display_name, region_id, metadata, created_at, updated_at, deleted_at) VALUES ('km', 'com', '174', 'COMOROS', 'Comoros', NULL, NULL, '2026-05-03 01:47:01.443+00', '2026-05-03 01:47:01.443+00', NULL) ON CONFLICT DO NOTHING;
INSERT INTO public.region_country (iso_2, iso_3, num_code, name, display_name, region_id, metadata, created_at, updated_at, deleted_at) VALUES ('cg', 'cog', '178', 'CONGO', 'Congo', NULL, NULL, '2026-05-03 01:47:01.443+00', '2026-05-03 01:47:01.443+00', NULL) ON CONFLICT DO NOTHING;
INSERT INTO public.region_country (iso_2, iso_3, num_code, name, display_name, region_id, metadata, created_at, updated_at, deleted_at) VALUES ('cd', 'cod', '180', 'CONGO, THE DEMOCRATIC REPUBLIC OF THE', 'Congo, the Democratic Republic of the', NULL, NULL, '2026-05-03 01:47:01.443+00', '2026-05-03 01:47:01.443+00', NULL) ON CONFLICT DO NOTHING;
INSERT INTO public.region_country (iso_2, iso_3, num_code, name, display_name, region_id, metadata, created_at, updated_at, deleted_at) VALUES ('ck', 'cok', '184', 'COOK ISLANDS', 'Cook Islands', NULL, NULL, '2026-05-03 01:47:01.443+00', '2026-05-03 01:47:01.443+00', NULL) ON CONFLICT DO NOTHING;
INSERT INTO public.region_country (iso_2, iso_3, num_code, name, display_name, region_id, metadata, created_at, updated_at, deleted_at) VALUES ('cr', 'cri', '188', 'COSTA RICA', 'Costa Rica', NULL, NULL, '2026-05-03 01:47:01.443+00', '2026-05-03 01:47:01.443+00', NULL) ON CONFLICT DO NOTHING;
INSERT INTO public.region_country (iso_2, iso_3, num_code, name, display_name, region_id, metadata, created_at, updated_at, deleted_at) VALUES ('ci', 'civ', '384', 'COTE D''IVOIRE', 'Cote D''Ivoire', NULL, NULL, '2026-05-03 01:47:01.443+00', '2026-05-03 01:47:01.443+00', NULL) ON CONFLICT DO NOTHING;
INSERT INTO public.region_country (iso_2, iso_3, num_code, name, display_name, region_id, metadata, created_at, updated_at, deleted_at) VALUES ('hr', 'hrv', '191', 'CROATIA', 'Croatia', NULL, NULL, '2026-05-03 01:47:01.443+00', '2026-05-03 01:47:01.443+00', NULL) ON CONFLICT DO NOTHING;
INSERT INTO public.region_country (iso_2, iso_3, num_code, name, display_name, region_id, metadata, created_at, updated_at, deleted_at) VALUES ('cu', 'cub', '192', 'CUBA', 'Cuba', NULL, NULL, '2026-05-03 01:47:01.443+00', '2026-05-03 01:47:01.443+00', NULL) ON CONFLICT DO NOTHING;
INSERT INTO public.region_country (iso_2, iso_3, num_code, name, display_name, region_id, metadata, created_at, updated_at, deleted_at) VALUES ('cw', 'cuw', '531', 'CURAÇAO', 'Curaçao', NULL, NULL, '2026-05-03 01:47:01.443+00', '2026-05-03 01:47:01.443+00', NULL) ON CONFLICT DO NOTHING;
INSERT INTO public.region_country (iso_2, iso_3, num_code, name, display_name, region_id, metadata, created_at, updated_at, deleted_at) VALUES ('cy', 'cyp', '196', 'CYPRUS', 'Cyprus', NULL, NULL, '2026-05-03 01:47:01.443+00', '2026-05-03 01:47:01.443+00', NULL) ON CONFLICT DO NOTHING;
INSERT INTO public.region_country (iso_2, iso_3, num_code, name, display_name, region_id, metadata, created_at, updated_at, deleted_at) VALUES ('cz', 'cze', '203', 'CZECH REPUBLIC', 'Czech Republic', NULL, NULL, '2026-05-03 01:47:01.443+00', '2026-05-03 01:47:01.443+00', NULL) ON CONFLICT DO NOTHING;
INSERT INTO public.region_country (iso_2, iso_3, num_code, name, display_name, region_id, metadata, created_at, updated_at, deleted_at) VALUES ('dk', 'dnk', '208', 'DENMARK', 'Denmark', NULL, NULL, '2026-05-03 01:47:01.443+00', '2026-05-03 01:47:01.443+00', NULL) ON CONFLICT DO NOTHING;
INSERT INTO public.region_country (iso_2, iso_3, num_code, name, display_name, region_id, metadata, created_at, updated_at, deleted_at) VALUES ('dj', 'dji', '262', 'DJIBOUTI', 'Djibouti', NULL, NULL, '2026-05-03 01:47:01.443+00', '2026-05-03 01:47:01.443+00', NULL) ON CONFLICT DO NOTHING;
INSERT INTO public.region_country (iso_2, iso_3, num_code, name, display_name, region_id, metadata, created_at, updated_at, deleted_at) VALUES ('dm', 'dma', '212', 'DOMINICA', 'Dominica', NULL, NULL, '2026-05-03 01:47:01.443+00', '2026-05-03 01:47:01.443+00', NULL) ON CONFLICT DO NOTHING;
INSERT INTO public.region_country (iso_2, iso_3, num_code, name, display_name, region_id, metadata, created_at, updated_at, deleted_at) VALUES ('do', 'dom', '214', 'DOMINICAN REPUBLIC', 'Dominican Republic', NULL, NULL, '2026-05-03 01:47:01.443+00', '2026-05-03 01:47:01.443+00', NULL) ON CONFLICT DO NOTHING;
INSERT INTO public.region_country (iso_2, iso_3, num_code, name, display_name, region_id, metadata, created_at, updated_at, deleted_at) VALUES ('ec', 'ecu', '218', 'ECUADOR', 'Ecuador', NULL, NULL, '2026-05-03 01:47:01.443+00', '2026-05-03 01:47:01.443+00', NULL) ON CONFLICT DO NOTHING;
INSERT INTO public.region_country (iso_2, iso_3, num_code, name, display_name, region_id, metadata, created_at, updated_at, deleted_at) VALUES ('eg', 'egy', '818', 'EGYPT', 'Egypt', NULL, NULL, '2026-05-03 01:47:01.443+00', '2026-05-03 01:47:01.443+00', NULL) ON CONFLICT DO NOTHING;
INSERT INTO public.region_country (iso_2, iso_3, num_code, name, display_name, region_id, metadata, created_at, updated_at, deleted_at) VALUES ('sv', 'slv', '222', 'EL SALVADOR', 'El Salvador', NULL, NULL, '2026-05-03 01:47:01.443+00', '2026-05-03 01:47:01.443+00', NULL) ON CONFLICT DO NOTHING;
INSERT INTO public.region_country (iso_2, iso_3, num_code, name, display_name, region_id, metadata, created_at, updated_at, deleted_at) VALUES ('gq', 'gnq', '226', 'EQUATORIAL GUINEA', 'Equatorial Guinea', NULL, NULL, '2026-05-03 01:47:01.443+00', '2026-05-03 01:47:01.443+00', NULL) ON CONFLICT DO NOTHING;
INSERT INTO public.region_country (iso_2, iso_3, num_code, name, display_name, region_id, metadata, created_at, updated_at, deleted_at) VALUES ('er', 'eri', '232', 'ERITREA', 'Eritrea', NULL, NULL, '2026-05-03 01:47:01.443+00', '2026-05-03 01:47:01.443+00', NULL) ON CONFLICT DO NOTHING;
INSERT INTO public.region_country (iso_2, iso_3, num_code, name, display_name, region_id, metadata, created_at, updated_at, deleted_at) VALUES ('ee', 'est', '233', 'ESTONIA', 'Estonia', NULL, NULL, '2026-05-03 01:47:01.443+00', '2026-05-03 01:47:01.443+00', NULL) ON CONFLICT DO NOTHING;
INSERT INTO public.region_country (iso_2, iso_3, num_code, name, display_name, region_id, metadata, created_at, updated_at, deleted_at) VALUES ('et', 'eth', '231', 'ETHIOPIA', 'Ethiopia', NULL, NULL, '2026-05-03 01:47:01.443+00', '2026-05-03 01:47:01.443+00', NULL) ON CONFLICT DO NOTHING;
INSERT INTO public.region_country (iso_2, iso_3, num_code, name, display_name, region_id, metadata, created_at, updated_at, deleted_at) VALUES ('fk', 'flk', '238', 'FALKLAND ISLANDS (MALVINAS)', 'Falkland Islands (Malvinas)', NULL, NULL, '2026-05-03 01:47:01.443+00', '2026-05-03 01:47:01.443+00', NULL) ON CONFLICT DO NOTHING;
INSERT INTO public.region_country (iso_2, iso_3, num_code, name, display_name, region_id, metadata, created_at, updated_at, deleted_at) VALUES ('fo', 'fro', '234', 'FAROE ISLANDS', 'Faroe Islands', NULL, NULL, '2026-05-03 01:47:01.443+00', '2026-05-03 01:47:01.443+00', NULL) ON CONFLICT DO NOTHING;
INSERT INTO public.region_country (iso_2, iso_3, num_code, name, display_name, region_id, metadata, created_at, updated_at, deleted_at) VALUES ('fj', 'fji', '242', 'FIJI', 'Fiji', NULL, NULL, '2026-05-03 01:47:01.443+00', '2026-05-03 01:47:01.443+00', NULL) ON CONFLICT DO NOTHING;
INSERT INTO public.region_country (iso_2, iso_3, num_code, name, display_name, region_id, metadata, created_at, updated_at, deleted_at) VALUES ('fi', 'fin', '246', 'FINLAND', 'Finland', NULL, NULL, '2026-05-03 01:47:01.443+00', '2026-05-03 01:47:01.443+00', NULL) ON CONFLICT DO NOTHING;
INSERT INTO public.region_country (iso_2, iso_3, num_code, name, display_name, region_id, metadata, created_at, updated_at, deleted_at) VALUES ('gf', 'guf', '254', 'FRENCH GUIANA', 'French Guiana', NULL, NULL, '2026-05-03 01:47:01.443+00', '2026-05-03 01:47:01.443+00', NULL) ON CONFLICT DO NOTHING;
INSERT INTO public.region_country (iso_2, iso_3, num_code, name, display_name, region_id, metadata, created_at, updated_at, deleted_at) VALUES ('pf', 'pyf', '258', 'FRENCH POLYNESIA', 'French Polynesia', NULL, NULL, '2026-05-03 01:47:01.443+00', '2026-05-03 01:47:01.443+00', NULL) ON CONFLICT DO NOTHING;
INSERT INTO public.region_country (iso_2, iso_3, num_code, name, display_name, region_id, metadata, created_at, updated_at, deleted_at) VALUES ('tf', 'atf', '260', 'FRENCH SOUTHERN TERRITORIES', 'French Southern Territories', NULL, NULL, '2026-05-03 01:47:01.443+00', '2026-05-03 01:47:01.443+00', NULL) ON CONFLICT DO NOTHING;
INSERT INTO public.region_country (iso_2, iso_3, num_code, name, display_name, region_id, metadata, created_at, updated_at, deleted_at) VALUES ('ga', 'gab', '266', 'GABON', 'Gabon', NULL, NULL, '2026-05-03 01:47:01.443+00', '2026-05-03 01:47:01.443+00', NULL) ON CONFLICT DO NOTHING;
INSERT INTO public.region_country (iso_2, iso_3, num_code, name, display_name, region_id, metadata, created_at, updated_at, deleted_at) VALUES ('gm', 'gmb', '270', 'GAMBIA', 'Gambia', NULL, NULL, '2026-05-03 01:47:01.443+00', '2026-05-03 01:47:01.443+00', NULL) ON CONFLICT DO NOTHING;
INSERT INTO public.region_country (iso_2, iso_3, num_code, name, display_name, region_id, metadata, created_at, updated_at, deleted_at) VALUES ('ge', 'geo', '268', 'GEORGIA', 'Georgia', NULL, NULL, '2026-05-03 01:47:01.443+00', '2026-05-03 01:47:01.443+00', NULL) ON CONFLICT DO NOTHING;
INSERT INTO public.region_country (iso_2, iso_3, num_code, name, display_name, region_id, metadata, created_at, updated_at, deleted_at) VALUES ('gh', 'gha', '288', 'GHANA', 'Ghana', NULL, NULL, '2026-05-03 01:47:01.443+00', '2026-05-03 01:47:01.443+00', NULL) ON CONFLICT DO NOTHING;
INSERT INTO public.region_country (iso_2, iso_3, num_code, name, display_name, region_id, metadata, created_at, updated_at, deleted_at) VALUES ('gi', 'gib', '292', 'GIBRALTAR', 'Gibraltar', NULL, NULL, '2026-05-03 01:47:01.443+00', '2026-05-03 01:47:01.443+00', NULL) ON CONFLICT DO NOTHING;
INSERT INTO public.region_country (iso_2, iso_3, num_code, name, display_name, region_id, metadata, created_at, updated_at, deleted_at) VALUES ('gr', 'grc', '300', 'GREECE', 'Greece', NULL, NULL, '2026-05-03 01:47:01.443+00', '2026-05-03 01:47:01.443+00', NULL) ON CONFLICT DO NOTHING;
INSERT INTO public.region_country (iso_2, iso_3, num_code, name, display_name, region_id, metadata, created_at, updated_at, deleted_at) VALUES ('gl', 'grl', '304', 'GREENLAND', 'Greenland', NULL, NULL, '2026-05-03 01:47:01.443+00', '2026-05-03 01:47:01.443+00', NULL) ON CONFLICT DO NOTHING;
INSERT INTO public.region_country (iso_2, iso_3, num_code, name, display_name, region_id, metadata, created_at, updated_at, deleted_at) VALUES ('gd', 'grd', '308', 'GRENADA', 'Grenada', NULL, NULL, '2026-05-03 01:47:01.443+00', '2026-05-03 01:47:01.443+00', NULL) ON CONFLICT DO NOTHING;
INSERT INTO public.region_country (iso_2, iso_3, num_code, name, display_name, region_id, metadata, created_at, updated_at, deleted_at) VALUES ('gp', 'glp', '312', 'GUADELOUPE', 'Guadeloupe', NULL, NULL, '2026-05-03 01:47:01.443+00', '2026-05-03 01:47:01.443+00', NULL) ON CONFLICT DO NOTHING;
INSERT INTO public.region_country (iso_2, iso_3, num_code, name, display_name, region_id, metadata, created_at, updated_at, deleted_at) VALUES ('gu', 'gum', '316', 'GUAM', 'Guam', NULL, NULL, '2026-05-03 01:47:01.443+00', '2026-05-03 01:47:01.443+00', NULL) ON CONFLICT DO NOTHING;
INSERT INTO public.region_country (iso_2, iso_3, num_code, name, display_name, region_id, metadata, created_at, updated_at, deleted_at) VALUES ('gt', 'gtm', '320', 'GUATEMALA', 'Guatemala', NULL, NULL, '2026-05-03 01:47:01.443+00', '2026-05-03 01:47:01.443+00', NULL) ON CONFLICT DO NOTHING;
INSERT INTO public.region_country (iso_2, iso_3, num_code, name, display_name, region_id, metadata, created_at, updated_at, deleted_at) VALUES ('gg', 'ggy', '831', 'GUERNSEY', 'Guernsey', NULL, NULL, '2026-05-03 01:47:01.443+00', '2026-05-03 01:47:01.443+00', NULL) ON CONFLICT DO NOTHING;
INSERT INTO public.region_country (iso_2, iso_3, num_code, name, display_name, region_id, metadata, created_at, updated_at, deleted_at) VALUES ('br', 'bra', '076', 'BRAZIL', 'Brazil', 'reg_01KRBV94T02V3YEHH55HGMREVE', NULL, '2026-05-03 01:47:01.442+00', '2026-05-11 15:42:50.698+00', NULL) ON CONFLICT DO NOTHING;
INSERT INTO public.region_country (iso_2, iso_3, num_code, name, display_name, region_id, metadata, created_at, updated_at, deleted_at) VALUES ('gn', 'gin', '324', 'GUINEA', 'Guinea', NULL, NULL, '2026-05-03 01:47:01.443+00', '2026-05-03 01:47:01.443+00', NULL) ON CONFLICT DO NOTHING;
INSERT INTO public.region_country (iso_2, iso_3, num_code, name, display_name, region_id, metadata, created_at, updated_at, deleted_at) VALUES ('gw', 'gnb', '624', 'GUINEA-BISSAU', 'Guinea-Bissau', NULL, NULL, '2026-05-03 01:47:01.443+00', '2026-05-03 01:47:01.443+00', NULL) ON CONFLICT DO NOTHING;
INSERT INTO public.region_country (iso_2, iso_3, num_code, name, display_name, region_id, metadata, created_at, updated_at, deleted_at) VALUES ('gy', 'guy', '328', 'GUYANA', 'Guyana', NULL, NULL, '2026-05-03 01:47:01.443+00', '2026-05-03 01:47:01.443+00', NULL) ON CONFLICT DO NOTHING;
INSERT INTO public.region_country (iso_2, iso_3, num_code, name, display_name, region_id, metadata, created_at, updated_at, deleted_at) VALUES ('ht', 'hti', '332', 'HAITI', 'Haiti', NULL, NULL, '2026-05-03 01:47:01.443+00', '2026-05-03 01:47:01.443+00', NULL) ON CONFLICT DO NOTHING;
INSERT INTO public.region_country (iso_2, iso_3, num_code, name, display_name, region_id, metadata, created_at, updated_at, deleted_at) VALUES ('hm', 'hmd', '334', 'HEARD ISLAND AND MCDONALD ISLANDS', 'Heard Island And Mcdonald Islands', NULL, NULL, '2026-05-03 01:47:01.443+00', '2026-05-03 01:47:01.443+00', NULL) ON CONFLICT DO NOTHING;
INSERT INTO public.region_country (iso_2, iso_3, num_code, name, display_name, region_id, metadata, created_at, updated_at, deleted_at) VALUES ('va', 'vat', '336', 'HOLY SEE (VATICAN CITY STATE)', 'Holy See (Vatican City State)', NULL, NULL, '2026-05-03 01:47:01.443+00', '2026-05-03 01:47:01.443+00', NULL) ON CONFLICT DO NOTHING;
INSERT INTO public.region_country (iso_2, iso_3, num_code, name, display_name, region_id, metadata, created_at, updated_at, deleted_at) VALUES ('hn', 'hnd', '340', 'HONDURAS', 'Honduras', NULL, NULL, '2026-05-03 01:47:01.443+00', '2026-05-03 01:47:01.443+00', NULL) ON CONFLICT DO NOTHING;
INSERT INTO public.region_country (iso_2, iso_3, num_code, name, display_name, region_id, metadata, created_at, updated_at, deleted_at) VALUES ('hk', 'hkg', '344', 'HONG KONG', 'Hong Kong', NULL, NULL, '2026-05-03 01:47:01.443+00', '2026-05-03 01:47:01.443+00', NULL) ON CONFLICT DO NOTHING;
INSERT INTO public.region_country (iso_2, iso_3, num_code, name, display_name, region_id, metadata, created_at, updated_at, deleted_at) VALUES ('hu', 'hun', '348', 'HUNGARY', 'Hungary', NULL, NULL, '2026-05-03 01:47:01.443+00', '2026-05-03 01:47:01.443+00', NULL) ON CONFLICT DO NOTHING;
INSERT INTO public.region_country (iso_2, iso_3, num_code, name, display_name, region_id, metadata, created_at, updated_at, deleted_at) VALUES ('is', 'isl', '352', 'ICELAND', 'Iceland', NULL, NULL, '2026-05-03 01:47:01.443+00', '2026-05-03 01:47:01.443+00', NULL) ON CONFLICT DO NOTHING;
INSERT INTO public.region_country (iso_2, iso_3, num_code, name, display_name, region_id, metadata, created_at, updated_at, deleted_at) VALUES ('in', 'ind', '356', 'INDIA', 'India', NULL, NULL, '2026-05-03 01:47:01.443+00', '2026-05-03 01:47:01.443+00', NULL) ON CONFLICT DO NOTHING;
INSERT INTO public.region_country (iso_2, iso_3, num_code, name, display_name, region_id, metadata, created_at, updated_at, deleted_at) VALUES ('id', 'idn', '360', 'INDONESIA', 'Indonesia', NULL, NULL, '2026-05-03 01:47:01.443+00', '2026-05-03 01:47:01.443+00', NULL) ON CONFLICT DO NOTHING;
INSERT INTO public.region_country (iso_2, iso_3, num_code, name, display_name, region_id, metadata, created_at, updated_at, deleted_at) VALUES ('ir', 'irn', '364', 'IRAN, ISLAMIC REPUBLIC OF', 'Iran, Islamic Republic of', NULL, NULL, '2026-05-03 01:47:01.443+00', '2026-05-03 01:47:01.443+00', NULL) ON CONFLICT DO NOTHING;
INSERT INTO public.region_country (iso_2, iso_3, num_code, name, display_name, region_id, metadata, created_at, updated_at, deleted_at) VALUES ('iq', 'irq', '368', 'IRAQ', 'Iraq', NULL, NULL, '2026-05-03 01:47:01.443+00', '2026-05-03 01:47:01.443+00', NULL) ON CONFLICT DO NOTHING;
INSERT INTO public.region_country (iso_2, iso_3, num_code, name, display_name, region_id, metadata, created_at, updated_at, deleted_at) VALUES ('ie', 'irl', '372', 'IRELAND', 'Ireland', NULL, NULL, '2026-05-03 01:47:01.443+00', '2026-05-03 01:47:01.443+00', NULL) ON CONFLICT DO NOTHING;
INSERT INTO public.region_country (iso_2, iso_3, num_code, name, display_name, region_id, metadata, created_at, updated_at, deleted_at) VALUES ('im', 'imn', '833', 'ISLE OF MAN', 'Isle Of Man', NULL, NULL, '2026-05-03 01:47:01.443+00', '2026-05-03 01:47:01.443+00', NULL) ON CONFLICT DO NOTHING;
INSERT INTO public.region_country (iso_2, iso_3, num_code, name, display_name, region_id, metadata, created_at, updated_at, deleted_at) VALUES ('il', 'isr', '376', 'ISRAEL', 'Israel', NULL, NULL, '2026-05-03 01:47:01.443+00', '2026-05-03 01:47:01.443+00', NULL) ON CONFLICT DO NOTHING;
INSERT INTO public.region_country (iso_2, iso_3, num_code, name, display_name, region_id, metadata, created_at, updated_at, deleted_at) VALUES ('jm', 'jam', '388', 'JAMAICA', 'Jamaica', NULL, NULL, '2026-05-03 01:47:01.443+00', '2026-05-03 01:47:01.443+00', NULL) ON CONFLICT DO NOTHING;
INSERT INTO public.region_country (iso_2, iso_3, num_code, name, display_name, region_id, metadata, created_at, updated_at, deleted_at) VALUES ('jp', 'jpn', '392', 'JAPAN', 'Japan', NULL, NULL, '2026-05-03 01:47:01.443+00', '2026-05-03 01:47:01.443+00', NULL) ON CONFLICT DO NOTHING;
INSERT INTO public.region_country (iso_2, iso_3, num_code, name, display_name, region_id, metadata, created_at, updated_at, deleted_at) VALUES ('je', 'jey', '832', 'JERSEY', 'Jersey', NULL, NULL, '2026-05-03 01:47:01.443+00', '2026-05-03 01:47:01.443+00', NULL) ON CONFLICT DO NOTHING;
INSERT INTO public.region_country (iso_2, iso_3, num_code, name, display_name, region_id, metadata, created_at, updated_at, deleted_at) VALUES ('jo', 'jor', '400', 'JORDAN', 'Jordan', NULL, NULL, '2026-05-03 01:47:01.443+00', '2026-05-03 01:47:01.443+00', NULL) ON CONFLICT DO NOTHING;
INSERT INTO public.region_country (iso_2, iso_3, num_code, name, display_name, region_id, metadata, created_at, updated_at, deleted_at) VALUES ('kz', 'kaz', '398', 'KAZAKHSTAN', 'Kazakhstan', NULL, NULL, '2026-05-03 01:47:01.443+00', '2026-05-03 01:47:01.443+00', NULL) ON CONFLICT DO NOTHING;
INSERT INTO public.region_country (iso_2, iso_3, num_code, name, display_name, region_id, metadata, created_at, updated_at, deleted_at) VALUES ('ke', 'ken', '404', 'KENYA', 'Kenya', NULL, NULL, '2026-05-03 01:47:01.443+00', '2026-05-03 01:47:01.443+00', NULL) ON CONFLICT DO NOTHING;
INSERT INTO public.region_country (iso_2, iso_3, num_code, name, display_name, region_id, metadata, created_at, updated_at, deleted_at) VALUES ('ki', 'kir', '296', 'KIRIBATI', 'Kiribati', NULL, NULL, '2026-05-03 01:47:01.443+00', '2026-05-03 01:47:01.443+00', NULL) ON CONFLICT DO NOTHING;
INSERT INTO public.region_country (iso_2, iso_3, num_code, name, display_name, region_id, metadata, created_at, updated_at, deleted_at) VALUES ('kp', 'prk', '408', 'KOREA, DEMOCRATIC PEOPLE''S REPUBLIC OF', 'Korea, Democratic People''s Republic of', NULL, NULL, '2026-05-03 01:47:01.444+00', '2026-05-03 01:47:01.444+00', NULL) ON CONFLICT DO NOTHING;
INSERT INTO public.region_country (iso_2, iso_3, num_code, name, display_name, region_id, metadata, created_at, updated_at, deleted_at) VALUES ('kr', 'kor', '410', 'KOREA, REPUBLIC OF', 'Korea, Republic of', NULL, NULL, '2026-05-03 01:47:01.444+00', '2026-05-03 01:47:01.444+00', NULL) ON CONFLICT DO NOTHING;
INSERT INTO public.region_country (iso_2, iso_3, num_code, name, display_name, region_id, metadata, created_at, updated_at, deleted_at) VALUES ('xk', 'xkx', '900', 'KOSOVO', 'Kosovo', NULL, NULL, '2026-05-03 01:47:01.444+00', '2026-05-03 01:47:01.444+00', NULL) ON CONFLICT DO NOTHING;
INSERT INTO public.region_country (iso_2, iso_3, num_code, name, display_name, region_id, metadata, created_at, updated_at, deleted_at) VALUES ('kw', 'kwt', '414', 'KUWAIT', 'Kuwait', NULL, NULL, '2026-05-03 01:47:01.444+00', '2026-05-03 01:47:01.444+00', NULL) ON CONFLICT DO NOTHING;
INSERT INTO public.region_country (iso_2, iso_3, num_code, name, display_name, region_id, metadata, created_at, updated_at, deleted_at) VALUES ('kg', 'kgz', '417', 'KYRGYZSTAN', 'Kyrgyzstan', NULL, NULL, '2026-05-03 01:47:01.444+00', '2026-05-03 01:47:01.444+00', NULL) ON CONFLICT DO NOTHING;
INSERT INTO public.region_country (iso_2, iso_3, num_code, name, display_name, region_id, metadata, created_at, updated_at, deleted_at) VALUES ('la', 'lao', '418', 'LAO PEOPLE''S DEMOCRATIC REPUBLIC', 'Lao People''s Democratic Republic', NULL, NULL, '2026-05-03 01:47:01.444+00', '2026-05-03 01:47:01.444+00', NULL) ON CONFLICT DO NOTHING;
INSERT INTO public.region_country (iso_2, iso_3, num_code, name, display_name, region_id, metadata, created_at, updated_at, deleted_at) VALUES ('lv', 'lva', '428', 'LATVIA', 'Latvia', NULL, NULL, '2026-05-03 01:47:01.444+00', '2026-05-03 01:47:01.444+00', NULL) ON CONFLICT DO NOTHING;
INSERT INTO public.region_country (iso_2, iso_3, num_code, name, display_name, region_id, metadata, created_at, updated_at, deleted_at) VALUES ('lb', 'lbn', '422', 'LEBANON', 'Lebanon', NULL, NULL, '2026-05-03 01:47:01.444+00', '2026-05-03 01:47:01.444+00', NULL) ON CONFLICT DO NOTHING;
INSERT INTO public.region_country (iso_2, iso_3, num_code, name, display_name, region_id, metadata, created_at, updated_at, deleted_at) VALUES ('ls', 'lso', '426', 'LESOTHO', 'Lesotho', NULL, NULL, '2026-05-03 01:47:01.444+00', '2026-05-03 01:47:01.444+00', NULL) ON CONFLICT DO NOTHING;
INSERT INTO public.region_country (iso_2, iso_3, num_code, name, display_name, region_id, metadata, created_at, updated_at, deleted_at) VALUES ('lr', 'lbr', '430', 'LIBERIA', 'Liberia', NULL, NULL, '2026-05-03 01:47:01.444+00', '2026-05-03 01:47:01.444+00', NULL) ON CONFLICT DO NOTHING;
INSERT INTO public.region_country (iso_2, iso_3, num_code, name, display_name, region_id, metadata, created_at, updated_at, deleted_at) VALUES ('ly', 'lby', '434', 'LIBYA', 'Libya', NULL, NULL, '2026-05-03 01:47:01.444+00', '2026-05-03 01:47:01.444+00', NULL) ON CONFLICT DO NOTHING;
INSERT INTO public.region_country (iso_2, iso_3, num_code, name, display_name, region_id, metadata, created_at, updated_at, deleted_at) VALUES ('li', 'lie', '438', 'LIECHTENSTEIN', 'Liechtenstein', NULL, NULL, '2026-05-03 01:47:01.444+00', '2026-05-03 01:47:01.444+00', NULL) ON CONFLICT DO NOTHING;
INSERT INTO public.region_country (iso_2, iso_3, num_code, name, display_name, region_id, metadata, created_at, updated_at, deleted_at) VALUES ('lt', 'ltu', '440', 'LITHUANIA', 'Lithuania', NULL, NULL, '2026-05-03 01:47:01.444+00', '2026-05-03 01:47:01.444+00', NULL) ON CONFLICT DO NOTHING;
INSERT INTO public.region_country (iso_2, iso_3, num_code, name, display_name, region_id, metadata, created_at, updated_at, deleted_at) VALUES ('lu', 'lux', '442', 'LUXEMBOURG', 'Luxembourg', NULL, NULL, '2026-05-03 01:47:01.444+00', '2026-05-03 01:47:01.444+00', NULL) ON CONFLICT DO NOTHING;
INSERT INTO public.region_country (iso_2, iso_3, num_code, name, display_name, region_id, metadata, created_at, updated_at, deleted_at) VALUES ('mo', 'mac', '446', 'MACAO', 'Macao', NULL, NULL, '2026-05-03 01:47:01.444+00', '2026-05-03 01:47:01.444+00', NULL) ON CONFLICT DO NOTHING;
INSERT INTO public.region_country (iso_2, iso_3, num_code, name, display_name, region_id, metadata, created_at, updated_at, deleted_at) VALUES ('mg', 'mdg', '450', 'MADAGASCAR', 'Madagascar', NULL, NULL, '2026-05-03 01:47:01.444+00', '2026-05-03 01:47:01.444+00', NULL) ON CONFLICT DO NOTHING;
INSERT INTO public.region_country (iso_2, iso_3, num_code, name, display_name, region_id, metadata, created_at, updated_at, deleted_at) VALUES ('mw', 'mwi', '454', 'MALAWI', 'Malawi', NULL, NULL, '2026-05-03 01:47:01.444+00', '2026-05-03 01:47:01.444+00', NULL) ON CONFLICT DO NOTHING;
INSERT INTO public.region_country (iso_2, iso_3, num_code, name, display_name, region_id, metadata, created_at, updated_at, deleted_at) VALUES ('my', 'mys', '458', 'MALAYSIA', 'Malaysia', NULL, NULL, '2026-05-03 01:47:01.444+00', '2026-05-03 01:47:01.444+00', NULL) ON CONFLICT DO NOTHING;
INSERT INTO public.region_country (iso_2, iso_3, num_code, name, display_name, region_id, metadata, created_at, updated_at, deleted_at) VALUES ('mv', 'mdv', '462', 'MALDIVES', 'Maldives', NULL, NULL, '2026-05-03 01:47:01.444+00', '2026-05-03 01:47:01.444+00', NULL) ON CONFLICT DO NOTHING;
INSERT INTO public.region_country (iso_2, iso_3, num_code, name, display_name, region_id, metadata, created_at, updated_at, deleted_at) VALUES ('ml', 'mli', '466', 'MALI', 'Mali', NULL, NULL, '2026-05-03 01:47:01.444+00', '2026-05-03 01:47:01.444+00', NULL) ON CONFLICT DO NOTHING;
INSERT INTO public.region_country (iso_2, iso_3, num_code, name, display_name, region_id, metadata, created_at, updated_at, deleted_at) VALUES ('mt', 'mlt', '470', 'MALTA', 'Malta', NULL, NULL, '2026-05-03 01:47:01.444+00', '2026-05-03 01:47:01.444+00', NULL) ON CONFLICT DO NOTHING;
INSERT INTO public.region_country (iso_2, iso_3, num_code, name, display_name, region_id, metadata, created_at, updated_at, deleted_at) VALUES ('mh', 'mhl', '584', 'MARSHALL ISLANDS', 'Marshall Islands', NULL, NULL, '2026-05-03 01:47:01.444+00', '2026-05-03 01:47:01.444+00', NULL) ON CONFLICT DO NOTHING;
INSERT INTO public.region_country (iso_2, iso_3, num_code, name, display_name, region_id, metadata, created_at, updated_at, deleted_at) VALUES ('mq', 'mtq', '474', 'MARTINIQUE', 'Martinique', NULL, NULL, '2026-05-03 01:47:01.444+00', '2026-05-03 01:47:01.444+00', NULL) ON CONFLICT DO NOTHING;
INSERT INTO public.region_country (iso_2, iso_3, num_code, name, display_name, region_id, metadata, created_at, updated_at, deleted_at) VALUES ('mr', 'mrt', '478', 'MAURITANIA', 'Mauritania', NULL, NULL, '2026-05-03 01:47:01.444+00', '2026-05-03 01:47:01.444+00', NULL) ON CONFLICT DO NOTHING;
INSERT INTO public.region_country (iso_2, iso_3, num_code, name, display_name, region_id, metadata, created_at, updated_at, deleted_at) VALUES ('mu', 'mus', '480', 'MAURITIUS', 'Mauritius', NULL, NULL, '2026-05-03 01:47:01.444+00', '2026-05-03 01:47:01.444+00', NULL) ON CONFLICT DO NOTHING;
INSERT INTO public.region_country (iso_2, iso_3, num_code, name, display_name, region_id, metadata, created_at, updated_at, deleted_at) VALUES ('yt', 'myt', '175', 'MAYOTTE', 'Mayotte', NULL, NULL, '2026-05-03 01:47:01.444+00', '2026-05-03 01:47:01.444+00', NULL) ON CONFLICT DO NOTHING;
INSERT INTO public.region_country (iso_2, iso_3, num_code, name, display_name, region_id, metadata, created_at, updated_at, deleted_at) VALUES ('mx', 'mex', '484', 'MEXICO', 'Mexico', NULL, NULL, '2026-05-03 01:47:01.444+00', '2026-05-03 01:47:01.444+00', NULL) ON CONFLICT DO NOTHING;
INSERT INTO public.region_country (iso_2, iso_3, num_code, name, display_name, region_id, metadata, created_at, updated_at, deleted_at) VALUES ('fm', 'fsm', '583', 'MICRONESIA, FEDERATED STATES OF', 'Micronesia, Federated States of', NULL, NULL, '2026-05-03 01:47:01.444+00', '2026-05-03 01:47:01.444+00', NULL) ON CONFLICT DO NOTHING;
INSERT INTO public.region_country (iso_2, iso_3, num_code, name, display_name, region_id, metadata, created_at, updated_at, deleted_at) VALUES ('md', 'mda', '498', 'MOLDOVA, REPUBLIC OF', 'Moldova, Republic of', NULL, NULL, '2026-05-03 01:47:01.444+00', '2026-05-03 01:47:01.444+00', NULL) ON CONFLICT DO NOTHING;
INSERT INTO public.region_country (iso_2, iso_3, num_code, name, display_name, region_id, metadata, created_at, updated_at, deleted_at) VALUES ('mc', 'mco', '492', 'MONACO', 'Monaco', NULL, NULL, '2026-05-03 01:47:01.444+00', '2026-05-03 01:47:01.444+00', NULL) ON CONFLICT DO NOTHING;
INSERT INTO public.region_country (iso_2, iso_3, num_code, name, display_name, region_id, metadata, created_at, updated_at, deleted_at) VALUES ('mn', 'mng', '496', 'MONGOLIA', 'Mongolia', NULL, NULL, '2026-05-03 01:47:01.444+00', '2026-05-03 01:47:01.444+00', NULL) ON CONFLICT DO NOTHING;
INSERT INTO public.region_country (iso_2, iso_3, num_code, name, display_name, region_id, metadata, created_at, updated_at, deleted_at) VALUES ('me', 'mne', '499', 'MONTENEGRO', 'Montenegro', NULL, NULL, '2026-05-03 01:47:01.444+00', '2026-05-03 01:47:01.444+00', NULL) ON CONFLICT DO NOTHING;
INSERT INTO public.region_country (iso_2, iso_3, num_code, name, display_name, region_id, metadata, created_at, updated_at, deleted_at) VALUES ('ms', 'msr', '500', 'MONTSERRAT', 'Montserrat', NULL, NULL, '2026-05-03 01:47:01.444+00', '2026-05-03 01:47:01.444+00', NULL) ON CONFLICT DO NOTHING;
INSERT INTO public.region_country (iso_2, iso_3, num_code, name, display_name, region_id, metadata, created_at, updated_at, deleted_at) VALUES ('ma', 'mar', '504', 'MOROCCO', 'Morocco', NULL, NULL, '2026-05-03 01:47:01.444+00', '2026-05-03 01:47:01.444+00', NULL) ON CONFLICT DO NOTHING;
INSERT INTO public.region_country (iso_2, iso_3, num_code, name, display_name, region_id, metadata, created_at, updated_at, deleted_at) VALUES ('mz', 'moz', '508', 'MOZAMBIQUE', 'Mozambique', NULL, NULL, '2026-05-03 01:47:01.444+00', '2026-05-03 01:47:01.444+00', NULL) ON CONFLICT DO NOTHING;
INSERT INTO public.region_country (iso_2, iso_3, num_code, name, display_name, region_id, metadata, created_at, updated_at, deleted_at) VALUES ('mm', 'mmr', '104', 'MYANMAR', 'Myanmar', NULL, NULL, '2026-05-03 01:47:01.444+00', '2026-05-03 01:47:01.444+00', NULL) ON CONFLICT DO NOTHING;
INSERT INTO public.region_country (iso_2, iso_3, num_code, name, display_name, region_id, metadata, created_at, updated_at, deleted_at) VALUES ('na', 'nam', '516', 'NAMIBIA', 'Namibia', NULL, NULL, '2026-05-03 01:47:01.444+00', '2026-05-03 01:47:01.444+00', NULL) ON CONFLICT DO NOTHING;
INSERT INTO public.region_country (iso_2, iso_3, num_code, name, display_name, region_id, metadata, created_at, updated_at, deleted_at) VALUES ('nr', 'nru', '520', 'NAURU', 'Nauru', NULL, NULL, '2026-05-03 01:47:01.444+00', '2026-05-03 01:47:01.444+00', NULL) ON CONFLICT DO NOTHING;
INSERT INTO public.region_country (iso_2, iso_3, num_code, name, display_name, region_id, metadata, created_at, updated_at, deleted_at) VALUES ('np', 'npl', '524', 'NEPAL', 'Nepal', NULL, NULL, '2026-05-03 01:47:01.444+00', '2026-05-03 01:47:01.444+00', NULL) ON CONFLICT DO NOTHING;
INSERT INTO public.region_country (iso_2, iso_3, num_code, name, display_name, region_id, metadata, created_at, updated_at, deleted_at) VALUES ('nl', 'nld', '528', 'NETHERLANDS', 'Netherlands', NULL, NULL, '2026-05-03 01:47:01.444+00', '2026-05-03 01:47:01.444+00', NULL) ON CONFLICT DO NOTHING;
INSERT INTO public.region_country (iso_2, iso_3, num_code, name, display_name, region_id, metadata, created_at, updated_at, deleted_at) VALUES ('nc', 'ncl', '540', 'NEW CALEDONIA', 'New Caledonia', NULL, NULL, '2026-05-03 01:47:01.444+00', '2026-05-03 01:47:01.444+00', NULL) ON CONFLICT DO NOTHING;
INSERT INTO public.region_country (iso_2, iso_3, num_code, name, display_name, region_id, metadata, created_at, updated_at, deleted_at) VALUES ('nz', 'nzl', '554', 'NEW ZEALAND', 'New Zealand', NULL, NULL, '2026-05-03 01:47:01.444+00', '2026-05-03 01:47:01.444+00', NULL) ON CONFLICT DO NOTHING;
INSERT INTO public.region_country (iso_2, iso_3, num_code, name, display_name, region_id, metadata, created_at, updated_at, deleted_at) VALUES ('ni', 'nic', '558', 'NICARAGUA', 'Nicaragua', NULL, NULL, '2026-05-03 01:47:01.444+00', '2026-05-03 01:47:01.444+00', NULL) ON CONFLICT DO NOTHING;
INSERT INTO public.region_country (iso_2, iso_3, num_code, name, display_name, region_id, metadata, created_at, updated_at, deleted_at) VALUES ('ne', 'ner', '562', 'NIGER', 'Niger', NULL, NULL, '2026-05-03 01:47:01.444+00', '2026-05-03 01:47:01.444+00', NULL) ON CONFLICT DO NOTHING;
INSERT INTO public.region_country (iso_2, iso_3, num_code, name, display_name, region_id, metadata, created_at, updated_at, deleted_at) VALUES ('ng', 'nga', '566', 'NIGERIA', 'Nigeria', NULL, NULL, '2026-05-03 01:47:01.444+00', '2026-05-03 01:47:01.444+00', NULL) ON CONFLICT DO NOTHING;
INSERT INTO public.region_country (iso_2, iso_3, num_code, name, display_name, region_id, metadata, created_at, updated_at, deleted_at) VALUES ('nu', 'niu', '570', 'NIUE', 'Niue', NULL, NULL, '2026-05-03 01:47:01.444+00', '2026-05-03 01:47:01.444+00', NULL) ON CONFLICT DO NOTHING;
INSERT INTO public.region_country (iso_2, iso_3, num_code, name, display_name, region_id, metadata, created_at, updated_at, deleted_at) VALUES ('nf', 'nfk', '574', 'NORFOLK ISLAND', 'Norfolk Island', NULL, NULL, '2026-05-03 01:47:01.444+00', '2026-05-03 01:47:01.444+00', NULL) ON CONFLICT DO NOTHING;
INSERT INTO public.region_country (iso_2, iso_3, num_code, name, display_name, region_id, metadata, created_at, updated_at, deleted_at) VALUES ('mk', 'mkd', '807', 'NORTH MACEDONIA', 'North Macedonia', NULL, NULL, '2026-05-03 01:47:01.444+00', '2026-05-03 01:47:01.444+00', NULL) ON CONFLICT DO NOTHING;
INSERT INTO public.region_country (iso_2, iso_3, num_code, name, display_name, region_id, metadata, created_at, updated_at, deleted_at) VALUES ('mp', 'mnp', '580', 'NORTHERN MARIANA ISLANDS', 'Northern Mariana Islands', NULL, NULL, '2026-05-03 01:47:01.444+00', '2026-05-03 01:47:01.444+00', NULL) ON CONFLICT DO NOTHING;
INSERT INTO public.region_country (iso_2, iso_3, num_code, name, display_name, region_id, metadata, created_at, updated_at, deleted_at) VALUES ('no', 'nor', '578', 'NORWAY', 'Norway', NULL, NULL, '2026-05-03 01:47:01.444+00', '2026-05-03 01:47:01.444+00', NULL) ON CONFLICT DO NOTHING;
INSERT INTO public.region_country (iso_2, iso_3, num_code, name, display_name, region_id, metadata, created_at, updated_at, deleted_at) VALUES ('om', 'omn', '512', 'OMAN', 'Oman', NULL, NULL, '2026-05-03 01:47:01.444+00', '2026-05-03 01:47:01.444+00', NULL) ON CONFLICT DO NOTHING;
INSERT INTO public.region_country (iso_2, iso_3, num_code, name, display_name, region_id, metadata, created_at, updated_at, deleted_at) VALUES ('pk', 'pak', '586', 'PAKISTAN', 'Pakistan', NULL, NULL, '2026-05-03 01:47:01.444+00', '2026-05-03 01:47:01.444+00', NULL) ON CONFLICT DO NOTHING;
INSERT INTO public.region_country (iso_2, iso_3, num_code, name, display_name, region_id, metadata, created_at, updated_at, deleted_at) VALUES ('pw', 'plw', '585', 'PALAU', 'Palau', NULL, NULL, '2026-05-03 01:47:01.444+00', '2026-05-03 01:47:01.444+00', NULL) ON CONFLICT DO NOTHING;
INSERT INTO public.region_country (iso_2, iso_3, num_code, name, display_name, region_id, metadata, created_at, updated_at, deleted_at) VALUES ('ps', 'pse', '275', 'PALESTINIAN TERRITORY, OCCUPIED', 'Palestinian Territory, Occupied', NULL, NULL, '2026-05-03 01:47:01.444+00', '2026-05-03 01:47:01.444+00', NULL) ON CONFLICT DO NOTHING;
INSERT INTO public.region_country (iso_2, iso_3, num_code, name, display_name, region_id, metadata, created_at, updated_at, deleted_at) VALUES ('pa', 'pan', '591', 'PANAMA', 'Panama', NULL, NULL, '2026-05-03 01:47:01.444+00', '2026-05-03 01:47:01.444+00', NULL) ON CONFLICT DO NOTHING;
INSERT INTO public.region_country (iso_2, iso_3, num_code, name, display_name, region_id, metadata, created_at, updated_at, deleted_at) VALUES ('pg', 'png', '598', 'PAPUA NEW GUINEA', 'Papua New Guinea', NULL, NULL, '2026-05-03 01:47:01.444+00', '2026-05-03 01:47:01.444+00', NULL) ON CONFLICT DO NOTHING;
INSERT INTO public.region_country (iso_2, iso_3, num_code, name, display_name, region_id, metadata, created_at, updated_at, deleted_at) VALUES ('py', 'pry', '600', 'PARAGUAY', 'Paraguay', NULL, NULL, '2026-05-03 01:47:01.444+00', '2026-05-03 01:47:01.444+00', NULL) ON CONFLICT DO NOTHING;
INSERT INTO public.region_country (iso_2, iso_3, num_code, name, display_name, region_id, metadata, created_at, updated_at, deleted_at) VALUES ('pe', 'per', '604', 'PERU', 'Peru', NULL, NULL, '2026-05-03 01:47:01.444+00', '2026-05-03 01:47:01.444+00', NULL) ON CONFLICT DO NOTHING;
INSERT INTO public.region_country (iso_2, iso_3, num_code, name, display_name, region_id, metadata, created_at, updated_at, deleted_at) VALUES ('ph', 'phl', '608', 'PHILIPPINES', 'Philippines', NULL, NULL, '2026-05-03 01:47:01.444+00', '2026-05-03 01:47:01.444+00', NULL) ON CONFLICT DO NOTHING;
INSERT INTO public.region_country (iso_2, iso_3, num_code, name, display_name, region_id, metadata, created_at, updated_at, deleted_at) VALUES ('pn', 'pcn', '612', 'PITCAIRN', 'Pitcairn', NULL, NULL, '2026-05-03 01:47:01.444+00', '2026-05-03 01:47:01.444+00', NULL) ON CONFLICT DO NOTHING;
INSERT INTO public.region_country (iso_2, iso_3, num_code, name, display_name, region_id, metadata, created_at, updated_at, deleted_at) VALUES ('pt', 'prt', '620', 'PORTUGAL', 'Portugal', NULL, NULL, '2026-05-03 01:47:01.444+00', '2026-05-03 01:47:01.444+00', NULL) ON CONFLICT DO NOTHING;
INSERT INTO public.region_country (iso_2, iso_3, num_code, name, display_name, region_id, metadata, created_at, updated_at, deleted_at) VALUES ('pr', 'pri', '630', 'PUERTO RICO', 'Puerto Rico', NULL, NULL, '2026-05-03 01:47:01.444+00', '2026-05-03 01:47:01.444+00', NULL) ON CONFLICT DO NOTHING;
INSERT INTO public.region_country (iso_2, iso_3, num_code, name, display_name, region_id, metadata, created_at, updated_at, deleted_at) VALUES ('qa', 'qat', '634', 'QATAR', 'Qatar', NULL, NULL, '2026-05-03 01:47:01.444+00', '2026-05-03 01:47:01.444+00', NULL) ON CONFLICT DO NOTHING;
INSERT INTO public.region_country (iso_2, iso_3, num_code, name, display_name, region_id, metadata, created_at, updated_at, deleted_at) VALUES ('re', 'reu', '638', 'REUNION', 'Reunion', NULL, NULL, '2026-05-03 01:47:01.444+00', '2026-05-03 01:47:01.444+00', NULL) ON CONFLICT DO NOTHING;
INSERT INTO public.region_country (iso_2, iso_3, num_code, name, display_name, region_id, metadata, created_at, updated_at, deleted_at) VALUES ('ro', 'rom', '642', 'ROMANIA', 'Romania', NULL, NULL, '2026-05-03 01:47:01.444+00', '2026-05-03 01:47:01.444+00', NULL) ON CONFLICT DO NOTHING;
INSERT INTO public.region_country (iso_2, iso_3, num_code, name, display_name, region_id, metadata, created_at, updated_at, deleted_at) VALUES ('ru', 'rus', '643', 'RUSSIAN FEDERATION', 'Russian Federation', NULL, NULL, '2026-05-03 01:47:01.444+00', '2026-05-03 01:47:01.444+00', NULL) ON CONFLICT DO NOTHING;
INSERT INTO public.region_country (iso_2, iso_3, num_code, name, display_name, region_id, metadata, created_at, updated_at, deleted_at) VALUES ('rw', 'rwa', '646', 'RWANDA', 'Rwanda', NULL, NULL, '2026-05-03 01:47:01.444+00', '2026-05-03 01:47:01.444+00', NULL) ON CONFLICT DO NOTHING;
INSERT INTO public.region_country (iso_2, iso_3, num_code, name, display_name, region_id, metadata, created_at, updated_at, deleted_at) VALUES ('bl', 'blm', '652', 'SAINT BARTHÉLEMY', 'Saint Barthélemy', NULL, NULL, '2026-05-03 01:47:01.444+00', '2026-05-03 01:47:01.444+00', NULL) ON CONFLICT DO NOTHING;
INSERT INTO public.region_country (iso_2, iso_3, num_code, name, display_name, region_id, metadata, created_at, updated_at, deleted_at) VALUES ('sh', 'shn', '654', 'SAINT HELENA', 'Saint Helena', NULL, NULL, '2026-05-03 01:47:01.444+00', '2026-05-03 01:47:01.444+00', NULL) ON CONFLICT DO NOTHING;
INSERT INTO public.region_country (iso_2, iso_3, num_code, name, display_name, region_id, metadata, created_at, updated_at, deleted_at) VALUES ('kn', 'kna', '659', 'SAINT KITTS AND NEVIS', 'Saint Kitts and Nevis', NULL, NULL, '2026-05-03 01:47:01.444+00', '2026-05-03 01:47:01.444+00', NULL) ON CONFLICT DO NOTHING;
INSERT INTO public.region_country (iso_2, iso_3, num_code, name, display_name, region_id, metadata, created_at, updated_at, deleted_at) VALUES ('lc', 'lca', '662', 'SAINT LUCIA', 'Saint Lucia', NULL, NULL, '2026-05-03 01:47:01.444+00', '2026-05-03 01:47:01.444+00', NULL) ON CONFLICT DO NOTHING;
INSERT INTO public.region_country (iso_2, iso_3, num_code, name, display_name, region_id, metadata, created_at, updated_at, deleted_at) VALUES ('mf', 'maf', '663', 'SAINT MARTIN (FRENCH PART)', 'Saint Martin (French part)', NULL, NULL, '2026-05-03 01:47:01.444+00', '2026-05-03 01:47:01.444+00', NULL) ON CONFLICT DO NOTHING;
INSERT INTO public.region_country (iso_2, iso_3, num_code, name, display_name, region_id, metadata, created_at, updated_at, deleted_at) VALUES ('pm', 'spm', '666', 'SAINT PIERRE AND MIQUELON', 'Saint Pierre and Miquelon', NULL, NULL, '2026-05-03 01:47:01.444+00', '2026-05-03 01:47:01.444+00', NULL) ON CONFLICT DO NOTHING;
INSERT INTO public.region_country (iso_2, iso_3, num_code, name, display_name, region_id, metadata, created_at, updated_at, deleted_at) VALUES ('vc', 'vct', '670', 'SAINT VINCENT AND THE GRENADINES', 'Saint Vincent and the Grenadines', NULL, NULL, '2026-05-03 01:47:01.444+00', '2026-05-03 01:47:01.444+00', NULL) ON CONFLICT DO NOTHING;
INSERT INTO public.region_country (iso_2, iso_3, num_code, name, display_name, region_id, metadata, created_at, updated_at, deleted_at) VALUES ('ws', 'wsm', '882', 'SAMOA', 'Samoa', NULL, NULL, '2026-05-03 01:47:01.444+00', '2026-05-03 01:47:01.444+00', NULL) ON CONFLICT DO NOTHING;
INSERT INTO public.region_country (iso_2, iso_3, num_code, name, display_name, region_id, metadata, created_at, updated_at, deleted_at) VALUES ('sm', 'smr', '674', 'SAN MARINO', 'San Marino', NULL, NULL, '2026-05-03 01:47:01.444+00', '2026-05-03 01:47:01.444+00', NULL) ON CONFLICT DO NOTHING;
INSERT INTO public.region_country (iso_2, iso_3, num_code, name, display_name, region_id, metadata, created_at, updated_at, deleted_at) VALUES ('st', 'stp', '678', 'SAO TOME AND PRINCIPE', 'Sao Tome and Principe', NULL, NULL, '2026-05-03 01:47:01.444+00', '2026-05-03 01:47:01.444+00', NULL) ON CONFLICT DO NOTHING;
INSERT INTO public.region_country (iso_2, iso_3, num_code, name, display_name, region_id, metadata, created_at, updated_at, deleted_at) VALUES ('sa', 'sau', '682', 'SAUDI ARABIA', 'Saudi Arabia', NULL, NULL, '2026-05-03 01:47:01.444+00', '2026-05-03 01:47:01.444+00', NULL) ON CONFLICT DO NOTHING;
INSERT INTO public.region_country (iso_2, iso_3, num_code, name, display_name, region_id, metadata, created_at, updated_at, deleted_at) VALUES ('sn', 'sen', '686', 'SENEGAL', 'Senegal', NULL, NULL, '2026-05-03 01:47:01.444+00', '2026-05-03 01:47:01.444+00', NULL) ON CONFLICT DO NOTHING;
INSERT INTO public.region_country (iso_2, iso_3, num_code, name, display_name, region_id, metadata, created_at, updated_at, deleted_at) VALUES ('rs', 'srb', '688', 'SERBIA', 'Serbia', NULL, NULL, '2026-05-03 01:47:01.444+00', '2026-05-03 01:47:01.444+00', NULL) ON CONFLICT DO NOTHING;
INSERT INTO public.region_country (iso_2, iso_3, num_code, name, display_name, region_id, metadata, created_at, updated_at, deleted_at) VALUES ('sc', 'syc', '690', 'SEYCHELLES', 'Seychelles', NULL, NULL, '2026-05-03 01:47:01.444+00', '2026-05-03 01:47:01.444+00', NULL) ON CONFLICT DO NOTHING;
INSERT INTO public.region_country (iso_2, iso_3, num_code, name, display_name, region_id, metadata, created_at, updated_at, deleted_at) VALUES ('sl', 'sle', '694', 'SIERRA LEONE', 'Sierra Leone', NULL, NULL, '2026-05-03 01:47:01.444+00', '2026-05-03 01:47:01.444+00', NULL) ON CONFLICT DO NOTHING;
INSERT INTO public.region_country (iso_2, iso_3, num_code, name, display_name, region_id, metadata, created_at, updated_at, deleted_at) VALUES ('sg', 'sgp', '702', 'SINGAPORE', 'Singapore', NULL, NULL, '2026-05-03 01:47:01.444+00', '2026-05-03 01:47:01.444+00', NULL) ON CONFLICT DO NOTHING;
INSERT INTO public.region_country (iso_2, iso_3, num_code, name, display_name, region_id, metadata, created_at, updated_at, deleted_at) VALUES ('sx', 'sxm', '534', 'SINT MAARTEN', 'Sint Maarten', NULL, NULL, '2026-05-03 01:47:01.444+00', '2026-05-03 01:47:01.444+00', NULL) ON CONFLICT DO NOTHING;
INSERT INTO public.region_country (iso_2, iso_3, num_code, name, display_name, region_id, metadata, created_at, updated_at, deleted_at) VALUES ('sk', 'svk', '703', 'SLOVAKIA', 'Slovakia', NULL, NULL, '2026-05-03 01:47:01.444+00', '2026-05-03 01:47:01.444+00', NULL) ON CONFLICT DO NOTHING;
INSERT INTO public.region_country (iso_2, iso_3, num_code, name, display_name, region_id, metadata, created_at, updated_at, deleted_at) VALUES ('si', 'svn', '705', 'SLOVENIA', 'Slovenia', NULL, NULL, '2026-05-03 01:47:01.444+00', '2026-05-03 01:47:01.444+00', NULL) ON CONFLICT DO NOTHING;
INSERT INTO public.region_country (iso_2, iso_3, num_code, name, display_name, region_id, metadata, created_at, updated_at, deleted_at) VALUES ('sb', 'slb', '090', 'SOLOMON ISLANDS', 'Solomon Islands', NULL, NULL, '2026-05-03 01:47:01.444+00', '2026-05-03 01:47:01.444+00', NULL) ON CONFLICT DO NOTHING;
INSERT INTO public.region_country (iso_2, iso_3, num_code, name, display_name, region_id, metadata, created_at, updated_at, deleted_at) VALUES ('so', 'som', '706', 'SOMALIA', 'Somalia', NULL, NULL, '2026-05-03 01:47:01.444+00', '2026-05-03 01:47:01.444+00', NULL) ON CONFLICT DO NOTHING;
INSERT INTO public.region_country (iso_2, iso_3, num_code, name, display_name, region_id, metadata, created_at, updated_at, deleted_at) VALUES ('za', 'zaf', '710', 'SOUTH AFRICA', 'South Africa', NULL, NULL, '2026-05-03 01:47:01.444+00', '2026-05-03 01:47:01.444+00', NULL) ON CONFLICT DO NOTHING;
INSERT INTO public.region_country (iso_2, iso_3, num_code, name, display_name, region_id, metadata, created_at, updated_at, deleted_at) VALUES ('gs', 'sgs', '239', 'SOUTH GEORGIA AND THE SOUTH SANDWICH ISLANDS', 'South Georgia and the South Sandwich Islands', NULL, NULL, '2026-05-03 01:47:01.444+00', '2026-05-03 01:47:01.444+00', NULL) ON CONFLICT DO NOTHING;
INSERT INTO public.region_country (iso_2, iso_3, num_code, name, display_name, region_id, metadata, created_at, updated_at, deleted_at) VALUES ('ss', 'ssd', '728', 'SOUTH SUDAN', 'South Sudan', NULL, NULL, '2026-05-03 01:47:01.444+00', '2026-05-03 01:47:01.444+00', NULL) ON CONFLICT DO NOTHING;
INSERT INTO public.region_country (iso_2, iso_3, num_code, name, display_name, region_id, metadata, created_at, updated_at, deleted_at) VALUES ('lk', 'lka', '144', 'SRI LANKA', 'Sri Lanka', NULL, NULL, '2026-05-03 01:47:01.444+00', '2026-05-03 01:47:01.444+00', NULL) ON CONFLICT DO NOTHING;
INSERT INTO public.region_country (iso_2, iso_3, num_code, name, display_name, region_id, metadata, created_at, updated_at, deleted_at) VALUES ('sd', 'sdn', '729', 'SUDAN', 'Sudan', NULL, NULL, '2026-05-03 01:47:01.444+00', '2026-05-03 01:47:01.444+00', NULL) ON CONFLICT DO NOTHING;
INSERT INTO public.region_country (iso_2, iso_3, num_code, name, display_name, region_id, metadata, created_at, updated_at, deleted_at) VALUES ('sr', 'sur', '740', 'SURINAME', 'Suriname', NULL, NULL, '2026-05-03 01:47:01.444+00', '2026-05-03 01:47:01.444+00', NULL) ON CONFLICT DO NOTHING;
INSERT INTO public.region_country (iso_2, iso_3, num_code, name, display_name, region_id, metadata, created_at, updated_at, deleted_at) VALUES ('sj', 'sjm', '744', 'SVALBARD AND JAN MAYEN', 'Svalbard and Jan Mayen', NULL, NULL, '2026-05-03 01:47:01.444+00', '2026-05-03 01:47:01.444+00', NULL) ON CONFLICT DO NOTHING;
INSERT INTO public.region_country (iso_2, iso_3, num_code, name, display_name, region_id, metadata, created_at, updated_at, deleted_at) VALUES ('sz', 'swz', '748', 'SWAZILAND', 'Swaziland', NULL, NULL, '2026-05-03 01:47:01.445+00', '2026-05-03 01:47:01.445+00', NULL) ON CONFLICT DO NOTHING;
INSERT INTO public.region_country (iso_2, iso_3, num_code, name, display_name, region_id, metadata, created_at, updated_at, deleted_at) VALUES ('se', 'swe', '752', 'SWEDEN', 'Sweden', NULL, NULL, '2026-05-03 01:47:01.445+00', '2026-05-03 01:47:01.445+00', NULL) ON CONFLICT DO NOTHING;
INSERT INTO public.region_country (iso_2, iso_3, num_code, name, display_name, region_id, metadata, created_at, updated_at, deleted_at) VALUES ('ch', 'che', '756', 'SWITZERLAND', 'Switzerland', NULL, NULL, '2026-05-03 01:47:01.445+00', '2026-05-03 01:47:01.445+00', NULL) ON CONFLICT DO NOTHING;
INSERT INTO public.region_country (iso_2, iso_3, num_code, name, display_name, region_id, metadata, created_at, updated_at, deleted_at) VALUES ('sy', 'syr', '760', 'SYRIAN ARAB REPUBLIC', 'Syrian Arab Republic', NULL, NULL, '2026-05-03 01:47:01.445+00', '2026-05-03 01:47:01.445+00', NULL) ON CONFLICT DO NOTHING;
INSERT INTO public.region_country (iso_2, iso_3, num_code, name, display_name, region_id, metadata, created_at, updated_at, deleted_at) VALUES ('tw', 'twn', '158', 'TAIWAN, PROVINCE OF CHINA', 'Taiwan, Province of China', NULL, NULL, '2026-05-03 01:47:01.445+00', '2026-05-03 01:47:01.445+00', NULL) ON CONFLICT DO NOTHING;
INSERT INTO public.region_country (iso_2, iso_3, num_code, name, display_name, region_id, metadata, created_at, updated_at, deleted_at) VALUES ('tj', 'tjk', '762', 'TAJIKISTAN', 'Tajikistan', NULL, NULL, '2026-05-03 01:47:01.445+00', '2026-05-03 01:47:01.445+00', NULL) ON CONFLICT DO NOTHING;
INSERT INTO public.region_country (iso_2, iso_3, num_code, name, display_name, region_id, metadata, created_at, updated_at, deleted_at) VALUES ('tz', 'tza', '834', 'TANZANIA, UNITED REPUBLIC OF', 'Tanzania, United Republic of', NULL, NULL, '2026-05-03 01:47:01.445+00', '2026-05-03 01:47:01.445+00', NULL) ON CONFLICT DO NOTHING;
INSERT INTO public.region_country (iso_2, iso_3, num_code, name, display_name, region_id, metadata, created_at, updated_at, deleted_at) VALUES ('th', 'tha', '764', 'THAILAND', 'Thailand', NULL, NULL, '2026-05-03 01:47:01.445+00', '2026-05-03 01:47:01.445+00', NULL) ON CONFLICT DO NOTHING;
INSERT INTO public.region_country (iso_2, iso_3, num_code, name, display_name, region_id, metadata, created_at, updated_at, deleted_at) VALUES ('tl', 'tls', '626', 'TIMOR LESTE', 'Timor Leste', NULL, NULL, '2026-05-03 01:47:01.445+00', '2026-05-03 01:47:01.445+00', NULL) ON CONFLICT DO NOTHING;
INSERT INTO public.region_country (iso_2, iso_3, num_code, name, display_name, region_id, metadata, created_at, updated_at, deleted_at) VALUES ('tg', 'tgo', '768', 'TOGO', 'Togo', NULL, NULL, '2026-05-03 01:47:01.445+00', '2026-05-03 01:47:01.445+00', NULL) ON CONFLICT DO NOTHING;
INSERT INTO public.region_country (iso_2, iso_3, num_code, name, display_name, region_id, metadata, created_at, updated_at, deleted_at) VALUES ('tk', 'tkl', '772', 'TOKELAU', 'Tokelau', NULL, NULL, '2026-05-03 01:47:01.445+00', '2026-05-03 01:47:01.445+00', NULL) ON CONFLICT DO NOTHING;
INSERT INTO public.region_country (iso_2, iso_3, num_code, name, display_name, region_id, metadata, created_at, updated_at, deleted_at) VALUES ('to', 'ton', '776', 'TONGA', 'Tonga', NULL, NULL, '2026-05-03 01:47:01.445+00', '2026-05-03 01:47:01.445+00', NULL) ON CONFLICT DO NOTHING;
INSERT INTO public.region_country (iso_2, iso_3, num_code, name, display_name, region_id, metadata, created_at, updated_at, deleted_at) VALUES ('tt', 'tto', '780', 'TRINIDAD AND TOBAGO', 'Trinidad and Tobago', NULL, NULL, '2026-05-03 01:47:01.445+00', '2026-05-03 01:47:01.445+00', NULL) ON CONFLICT DO NOTHING;
INSERT INTO public.region_country (iso_2, iso_3, num_code, name, display_name, region_id, metadata, created_at, updated_at, deleted_at) VALUES ('tn', 'tun', '788', 'TUNISIA', 'Tunisia', NULL, NULL, '2026-05-03 01:47:01.445+00', '2026-05-03 01:47:01.445+00', NULL) ON CONFLICT DO NOTHING;
INSERT INTO public.region_country (iso_2, iso_3, num_code, name, display_name, region_id, metadata, created_at, updated_at, deleted_at) VALUES ('tr', 'tur', '792', 'TURKEY', 'Turkey', NULL, NULL, '2026-05-03 01:47:01.445+00', '2026-05-03 01:47:01.445+00', NULL) ON CONFLICT DO NOTHING;
INSERT INTO public.region_country (iso_2, iso_3, num_code, name, display_name, region_id, metadata, created_at, updated_at, deleted_at) VALUES ('tm', 'tkm', '795', 'TURKMENISTAN', 'Turkmenistan', NULL, NULL, '2026-05-03 01:47:01.445+00', '2026-05-03 01:47:01.445+00', NULL) ON CONFLICT DO NOTHING;
INSERT INTO public.region_country (iso_2, iso_3, num_code, name, display_name, region_id, metadata, created_at, updated_at, deleted_at) VALUES ('tc', 'tca', '796', 'TURKS AND CAICOS ISLANDS', 'Turks and Caicos Islands', NULL, NULL, '2026-05-03 01:47:01.445+00', '2026-05-03 01:47:01.445+00', NULL) ON CONFLICT DO NOTHING;
INSERT INTO public.region_country (iso_2, iso_3, num_code, name, display_name, region_id, metadata, created_at, updated_at, deleted_at) VALUES ('tv', 'tuv', '798', 'TUVALU', 'Tuvalu', NULL, NULL, '2026-05-03 01:47:01.445+00', '2026-05-03 01:47:01.445+00', NULL) ON CONFLICT DO NOTHING;
INSERT INTO public.region_country (iso_2, iso_3, num_code, name, display_name, region_id, metadata, created_at, updated_at, deleted_at) VALUES ('ug', 'uga', '800', 'UGANDA', 'Uganda', NULL, NULL, '2026-05-03 01:47:01.445+00', '2026-05-03 01:47:01.445+00', NULL) ON CONFLICT DO NOTHING;
INSERT INTO public.region_country (iso_2, iso_3, num_code, name, display_name, region_id, metadata, created_at, updated_at, deleted_at) VALUES ('ua', 'ukr', '804', 'UKRAINE', 'Ukraine', NULL, NULL, '2026-05-03 01:47:01.445+00', '2026-05-03 01:47:01.445+00', NULL) ON CONFLICT DO NOTHING;
INSERT INTO public.region_country (iso_2, iso_3, num_code, name, display_name, region_id, metadata, created_at, updated_at, deleted_at) VALUES ('ae', 'are', '784', 'UNITED ARAB EMIRATES', 'United Arab Emirates', NULL, NULL, '2026-05-03 01:47:01.445+00', '2026-05-03 01:47:01.445+00', NULL) ON CONFLICT DO NOTHING;
INSERT INTO public.region_country (iso_2, iso_3, num_code, name, display_name, region_id, metadata, created_at, updated_at, deleted_at) VALUES ('um', 'umi', '581', 'UNITED STATES MINOR OUTLYING ISLANDS', 'United States Minor Outlying Islands', NULL, NULL, '2026-05-03 01:47:01.445+00', '2026-05-03 01:47:01.445+00', NULL) ON CONFLICT DO NOTHING;
INSERT INTO public.region_country (iso_2, iso_3, num_code, name, display_name, region_id, metadata, created_at, updated_at, deleted_at) VALUES ('uy', 'ury', '858', 'URUGUAY', 'Uruguay', NULL, NULL, '2026-05-03 01:47:01.445+00', '2026-05-03 01:47:01.445+00', NULL) ON CONFLICT DO NOTHING;
INSERT INTO public.region_country (iso_2, iso_3, num_code, name, display_name, region_id, metadata, created_at, updated_at, deleted_at) VALUES ('uz', 'uzb', '860', 'UZBEKISTAN', 'Uzbekistan', NULL, NULL, '2026-05-03 01:47:01.445+00', '2026-05-03 01:47:01.445+00', NULL) ON CONFLICT DO NOTHING;
INSERT INTO public.region_country (iso_2, iso_3, num_code, name, display_name, region_id, metadata, created_at, updated_at, deleted_at) VALUES ('vu', 'vut', '548', 'VANUATU', 'Vanuatu', NULL, NULL, '2026-05-03 01:47:01.445+00', '2026-05-03 01:47:01.445+00', NULL) ON CONFLICT DO NOTHING;
INSERT INTO public.region_country (iso_2, iso_3, num_code, name, display_name, region_id, metadata, created_at, updated_at, deleted_at) VALUES ('ve', 'ven', '862', 'VENEZUELA', 'Venezuela', NULL, NULL, '2026-05-03 01:47:01.445+00', '2026-05-03 01:47:01.445+00', NULL) ON CONFLICT DO NOTHING;
INSERT INTO public.region_country (iso_2, iso_3, num_code, name, display_name, region_id, metadata, created_at, updated_at, deleted_at) VALUES ('vn', 'vnm', '704', 'VIET NAM', 'Viet Nam', NULL, NULL, '2026-05-03 01:47:01.445+00', '2026-05-03 01:47:01.445+00', NULL) ON CONFLICT DO NOTHING;
INSERT INTO public.region_country (iso_2, iso_3, num_code, name, display_name, region_id, metadata, created_at, updated_at, deleted_at) VALUES ('vg', 'vgb', '092', 'VIRGIN ISLANDS, BRITISH', 'Virgin Islands, British', NULL, NULL, '2026-05-03 01:47:01.445+00', '2026-05-03 01:47:01.445+00', NULL) ON CONFLICT DO NOTHING;
INSERT INTO public.region_country (iso_2, iso_3, num_code, name, display_name, region_id, metadata, created_at, updated_at, deleted_at) VALUES ('vi', 'vir', '850', 'VIRGIN ISLANDS, U.S.', 'Virgin Islands, U.S.', NULL, NULL, '2026-05-03 01:47:01.445+00', '2026-05-03 01:47:01.445+00', NULL) ON CONFLICT DO NOTHING;
INSERT INTO public.region_country (iso_2, iso_3, num_code, name, display_name, region_id, metadata, created_at, updated_at, deleted_at) VALUES ('wf', 'wlf', '876', 'WALLIS AND FUTUNA', 'Wallis and Futuna', NULL, NULL, '2026-05-03 01:47:01.445+00', '2026-05-03 01:47:01.445+00', NULL) ON CONFLICT DO NOTHING;
INSERT INTO public.region_country (iso_2, iso_3, num_code, name, display_name, region_id, metadata, created_at, updated_at, deleted_at) VALUES ('eh', 'esh', '732', 'WESTERN SAHARA', 'Western Sahara', NULL, NULL, '2026-05-03 01:47:01.445+00', '2026-05-03 01:47:01.445+00', NULL) ON CONFLICT DO NOTHING;
INSERT INTO public.region_country (iso_2, iso_3, num_code, name, display_name, region_id, metadata, created_at, updated_at, deleted_at) VALUES ('ye', 'yem', '887', 'YEMEN', 'Yemen', NULL, NULL, '2026-05-03 01:47:01.445+00', '2026-05-03 01:47:01.445+00', NULL) ON CONFLICT DO NOTHING;
INSERT INTO public.region_country (iso_2, iso_3, num_code, name, display_name, region_id, metadata, created_at, updated_at, deleted_at) VALUES ('zm', 'zmb', '894', 'ZAMBIA', 'Zambia', NULL, NULL, '2026-05-03 01:47:01.445+00', '2026-05-03 01:47:01.445+00', NULL) ON CONFLICT DO NOTHING;
INSERT INTO public.region_country (iso_2, iso_3, num_code, name, display_name, region_id, metadata, created_at, updated_at, deleted_at) VALUES ('zw', 'zwe', '716', 'ZIMBABWE', 'Zimbabwe', NULL, NULL, '2026-05-03 01:47:01.445+00', '2026-05-03 01:47:01.445+00', NULL) ON CONFLICT DO NOTHING;
INSERT INTO public.region_country (iso_2, iso_3, num_code, name, display_name, region_id, metadata, created_at, updated_at, deleted_at) VALUES ('ax', 'ala', '248', 'ÅLAND ISLANDS', 'Åland Islands', NULL, NULL, '2026-05-03 01:47:01.445+00', '2026-05-03 01:47:01.445+00', NULL) ON CONFLICT DO NOTHING;
INSERT INTO public.region_country (iso_2, iso_3, num_code, name, display_name, region_id, metadata, created_at, updated_at, deleted_at) VALUES ('ca', 'can', '124', 'CANADA', 'Canada', 'reg_01KQNRBAKVCM3EY946Y004C850', NULL, '2026-05-03 01:47:01.443+00', '2026-05-03 01:48:18.945+00', NULL) ON CONFLICT DO NOTHING;
INSERT INTO public.region_country (iso_2, iso_3, num_code, name, display_name, region_id, metadata, created_at, updated_at, deleted_at) VALUES ('fr', 'fra', '250', 'FRANCE', 'France', 'reg_01KQNRBAKVX5S2J9N16GG778VN', NULL, '2026-05-03 01:47:01.443+00', '2026-05-03 01:48:18.945+00', NULL) ON CONFLICT DO NOTHING;
INSERT INTO public.region_country (iso_2, iso_3, num_code, name, display_name, region_id, metadata, created_at, updated_at, deleted_at) VALUES ('de', 'deu', '276', 'GERMANY', 'Germany', 'reg_01KQNRBAKVX5S2J9N16GG778VN', NULL, '2026-05-03 01:47:01.443+00', '2026-05-03 01:48:18.945+00', NULL) ON CONFLICT DO NOTHING;
INSERT INTO public.region_country (iso_2, iso_3, num_code, name, display_name, region_id, metadata, created_at, updated_at, deleted_at) VALUES ('it', 'ita', '380', 'ITALY', 'Italy', 'reg_01KQNRBAKVX5S2J9N16GG778VN', NULL, '2026-05-03 01:47:01.443+00', '2026-05-03 01:48:18.945+00', NULL) ON CONFLICT DO NOTHING;
INSERT INTO public.region_country (iso_2, iso_3, num_code, name, display_name, region_id, metadata, created_at, updated_at, deleted_at) VALUES ('es', 'esp', '724', 'SPAIN', 'Spain', 'reg_01KQNRBAKVX5S2J9N16GG778VN', NULL, '2026-05-03 01:47:01.444+00', '2026-05-03 01:48:18.945+00', NULL) ON CONFLICT DO NOTHING;
INSERT INTO public.region_country (iso_2, iso_3, num_code, name, display_name, region_id, metadata, created_at, updated_at, deleted_at) VALUES ('gb', 'gbr', '826', 'UNITED KINGDOM', 'United Kingdom', 'reg_01KQNRBAKVX5S2J9N16GG778VN', NULL, '2026-05-03 01:47:01.445+00', '2026-05-03 01:48:18.945+00', NULL) ON CONFLICT DO NOTHING;
INSERT INTO public.region_country (iso_2, iso_3, num_code, name, display_name, region_id, metadata, created_at, updated_at, deleted_at) VALUES ('us', 'usa', '840', 'UNITED STATES', 'United States', 'reg_01KQNRBAKVCM3EY946Y004C850', NULL, '2026-05-03 01:47:01.445+00', '2026-05-03 01:48:18.945+00', NULL) ON CONFLICT DO NOTHING;
INSERT INTO public.region_country (iso_2, iso_3, num_code, name, display_name, region_id, metadata, created_at, updated_at, deleted_at) VALUES ('pl', 'pol', '616', 'POLAND', 'Poland', 'reg_01KQNRBAKVX5S2J9N16GG778VN', NULL, '2026-05-03 01:47:01.444+00', '2026-05-11 09:59:48.453167+00', NULL) ON CONFLICT DO NOTHING;


ALTER TABLE public.region_country ENABLE TRIGGER ALL;

--
-- Data for Name: region_payment_provider; Type: TABLE DATA; Schema: public; Owner: -
--

ALTER TABLE public.region_payment_provider DISABLE TRIGGER ALL;

INSERT INTO public.region_payment_provider (region_id, payment_provider_id, id, created_at, updated_at, deleted_at) VALUES ('reg_01KQNRBAKVCM3EY946Y004C850', 'pp_system_default', 'regpp_01KQNRBAMA37V5V5JC4Z7YN5ME', '2026-05-03 01:48:18.954167+00', '2026-05-03 01:48:18.954167+00', NULL) ON CONFLICT DO NOTHING;
INSERT INTO public.region_payment_provider (region_id, payment_provider_id, id, created_at, updated_at, deleted_at) VALUES ('reg_01KQNRBAKVX5S2J9N16GG778VN', 'pp_system_default', 'regpp_01KQNRBAMBFNCCJQ9CWHN8HWKZ', '2026-05-03 01:48:18.954167+00', '2026-05-03 01:48:18.954167+00', NULL) ON CONFLICT DO NOTHING;
INSERT INTO public.region_payment_provider (region_id, payment_provider_id, id, created_at, updated_at, deleted_at) VALUES ('reg_01KRBV94T02V3YEHH55HGMREVE', 'pp_system_default', 'regpp_01KRBV94VNFP9E2CRJK241V304', '2026-05-11 15:42:50.74113+00', '2026-05-11 15:42:50.74113+00', NULL) ON CONFLICT DO NOTHING;


ALTER TABLE public.region_payment_provider ENABLE TRIGGER ALL;

--
-- Data for Name: request; Type: TABLE DATA; Schema: public; Owner: -
--

ALTER TABLE public.request DISABLE TRIGGER ALL;



ALTER TABLE public.request ENABLE TRIGGER ALL;

--
-- Data for Name: reservation_item; Type: TABLE DATA; Schema: public; Owner: -
--

ALTER TABLE public.reservation_item DISABLE TRIGGER ALL;



ALTER TABLE public.reservation_item ENABLE TRIGGER ALL;

--
-- Data for Name: return; Type: TABLE DATA; Schema: public; Owner: -
--

ALTER TABLE public.return DISABLE TRIGGER ALL;



ALTER TABLE public.return ENABLE TRIGGER ALL;

--
-- Data for Name: return_fulfillment; Type: TABLE DATA; Schema: public; Owner: -
--

ALTER TABLE public.return_fulfillment DISABLE TRIGGER ALL;



ALTER TABLE public.return_fulfillment ENABLE TRIGGER ALL;

--
-- Data for Name: return_item; Type: TABLE DATA; Schema: public; Owner: -
--

ALTER TABLE public.return_item DISABLE TRIGGER ALL;



ALTER TABLE public.return_item ENABLE TRIGGER ALL;

--
-- Data for Name: return_reason; Type: TABLE DATA; Schema: public; Owner: -
--

ALTER TABLE public.return_reason DISABLE TRIGGER ALL;



ALTER TABLE public.return_reason ENABLE TRIGGER ALL;

--
-- Data for Name: review; Type: TABLE DATA; Schema: public; Owner: -
--

ALTER TABLE public.review DISABLE TRIGGER ALL;



ALTER TABLE public.review ENABLE TRIGGER ALL;

--
-- Data for Name: sales_channel; Type: TABLE DATA; Schema: public; Owner: -
--

ALTER TABLE public.sales_channel DISABLE TRIGGER ALL;

INSERT INTO public.sales_channel (id, name, description, is_disabled, metadata, created_at, updated_at, deleted_at) VALUES ('sc_01KQNRA1PA5TWKZKS1FRYPY3F9', 'Default Sales Channel', 'Created by Medusa', false, NULL, '2026-05-03 01:47:37.034+00', '2026-05-03 01:47:37.034+00', NULL) ON CONFLICT DO NOTHING;


ALTER TABLE public.sales_channel ENABLE TRIGGER ALL;

--
-- Data for Name: sales_channel_stock_location; Type: TABLE DATA; Schema: public; Owner: -
--

ALTER TABLE public.sales_channel_stock_location DISABLE TRIGGER ALL;

INSERT INTO public.sales_channel_stock_location (sales_channel_id, stock_location_id, id, created_at, updated_at, deleted_at) VALUES ('sc_01KQNRA1PA5TWKZKS1FRYPY3F9', 'sloc_01KQNRBAMRPD0WQ7WH56QHGTVX', 'scloc_01KQNRBAPMESN94N2CTARH3GNB', '2026-05-03 01:48:19.027662+00', '2026-05-03 01:48:19.027662+00', NULL) ON CONFLICT DO NOTHING;
INSERT INTO public.sales_channel_stock_location (sales_channel_id, stock_location_id, id, created_at, updated_at, deleted_at) VALUES ('sc_01KQNRA1PA5TWKZKS1FRYPY3F9', 'sloc_01KRBB56HDSK12S1QHVC3KXGTW', 'scloc_01KRBB56HT29NMD33ZBCCKAP4P', '2026-05-11 11:01:04.184594+00', '2026-05-11 11:01:04.184594+00', NULL) ON CONFLICT DO NOTHING;
INSERT INTO public.sales_channel_stock_location (sales_channel_id, stock_location_id, id, created_at, updated_at, deleted_at) VALUES ('sc_01KQNRA1PA5TWKZKS1FRYPY3F9', 'sloc_01KRBV95BEDCZAW4ESDTWSPDC5', 'scloc_01KRBV95BXABR4CC6SWDTTABTR', '2026-05-11 15:42:51.258427+00', '2026-05-11 15:42:51.258427+00', NULL) ON CONFLICT DO NOTHING;
INSERT INTO public.sales_channel_stock_location (sales_channel_id, stock_location_id, id, created_at, updated_at, deleted_at) VALUES ('sc_01KQNRA1PA5TWKZKS1FRYPY3F9', 'sloc_01KRBV95R9TJ1RV1XWVN33Q03J', 'scloc_01KRBV95RFB5QZH69QCDR7X0RE', '2026-05-11 15:42:51.661714+00', '2026-05-11 15:42:51.661714+00', NULL) ON CONFLICT DO NOTHING;
INSERT INTO public.sales_channel_stock_location (sales_channel_id, stock_location_id, id, created_at, updated_at, deleted_at) VALUES ('sc_01KQNRA1PA5TWKZKS1FRYPY3F9', 'sloc_01KRBV95VA0BA55EQF08APBP6T', 'scloc_01KRBV95VFRDG92CN75G9AKYE5', '2026-05-11 15:42:51.757135+00', '2026-05-11 15:42:51.757135+00', NULL) ON CONFLICT DO NOTHING;
INSERT INTO public.sales_channel_stock_location (sales_channel_id, stock_location_id, id, created_at, updated_at, deleted_at) VALUES ('sc_01KQNRA1PA5TWKZKS1FRYPY3F9', 'sloc_01KRBV961147RQJ23XGCVG15V9', 'scloc_01KRBV961EQ35WQZE4832PJ5GZ', '2026-05-11 15:42:51.948114+00', '2026-05-11 15:42:51.948114+00', NULL) ON CONFLICT DO NOTHING;
INSERT INTO public.sales_channel_stock_location (sales_channel_id, stock_location_id, id, created_at, updated_at, deleted_at) VALUES ('sc_01KQNRA1PA5TWKZKS1FRYPY3F9', 'sloc_01KRBV964747ZNG6F613VTPMRB', 'scloc_01KRBV964CYXPVFQ22A3365Z7G', '2026-05-11 15:42:52.042359+00', '2026-05-11 15:42:52.042359+00', NULL) ON CONFLICT DO NOTHING;
INSERT INTO public.sales_channel_stock_location (sales_channel_id, stock_location_id, id, created_at, updated_at, deleted_at) VALUES ('sc_01KQNRA1PA5TWKZKS1FRYPY3F9', 'sloc_01KRBV969NP152NCASBAW70J5C', 'scloc_01KRBV969RZR0Y8WQSEQYK0VSD', '2026-05-11 15:42:52.215692+00', '2026-05-11 15:42:52.215692+00', NULL) ON CONFLICT DO NOTHING;
INSERT INTO public.sales_channel_stock_location (sales_channel_id, stock_location_id, id, created_at, updated_at, deleted_at) VALUES ('sc_01KQNRA1PA5TWKZKS1FRYPY3F9', 'sloc_01KRBV96C4TD6E7P78H5ZTXBHX', 'scloc_01KRBV96C8HJ4NGE5SDHJCEVF4', '2026-05-11 15:42:52.295638+00', '2026-05-11 15:42:52.295638+00', NULL) ON CONFLICT DO NOTHING;
INSERT INTO public.sales_channel_stock_location (sales_channel_id, stock_location_id, id, created_at, updated_at, deleted_at) VALUES ('sc_01KQNRA1PA5TWKZKS1FRYPY3F9', 'sloc_01KRBV96EH364REY4VJR1YRXPC', 'scloc_01KRBV96EN2YRGNGKAVQB6165Z', '2026-05-11 15:42:52.372045+00', '2026-05-11 15:42:52.372045+00', NULL) ON CONFLICT DO NOTHING;
INSERT INTO public.sales_channel_stock_location (sales_channel_id, stock_location_id, id, created_at, updated_at, deleted_at) VALUES ('sc_01KQNRA1PA5TWKZKS1FRYPY3F9', 'sloc_01KRBV96H095J1ZBDHG48A048B', 'scloc_01KRBV96H5GSKQA0MBQHHY2E6D', '2026-05-11 15:42:52.451569+00', '2026-05-11 15:42:52.451569+00', NULL) ON CONFLICT DO NOTHING;
INSERT INTO public.sales_channel_stock_location (sales_channel_id, stock_location_id, id, created_at, updated_at, deleted_at) VALUES ('sc_01KQNRA1PA5TWKZKS1FRYPY3F9', 'sloc_01KRBV96KSNV6XDV1G2CR0XP82', 'scloc_01KRBV96KX81TFA5Q45DQM2C7S', '2026-05-11 15:42:52.540949+00', '2026-05-11 15:42:52.540949+00', NULL) ON CONFLICT DO NOTHING;
INSERT INTO public.sales_channel_stock_location (sales_channel_id, stock_location_id, id, created_at, updated_at, deleted_at) VALUES ('sc_01KQNRA1PA5TWKZKS1FRYPY3F9', 'sloc_01KRBV96Q3JRTHZ8XRJ9D68ST3', 'scloc_01KRBV96Q8ZSNNRX8MNYC446M6', '2026-05-11 15:42:52.647352+00', '2026-05-11 15:42:52.647352+00', NULL) ON CONFLICT DO NOTHING;
INSERT INTO public.sales_channel_stock_location (sales_channel_id, stock_location_id, id, created_at, updated_at, deleted_at) VALUES ('sc_01KQNRA1PA5TWKZKS1FRYPY3F9', 'sloc_01KRBV96T5P3GMN8RMF76D4MD2', 'scloc_01KRBV96T9Q5GDG32FQD857REW', '2026-05-11 15:42:52.744244+00', '2026-05-11 15:42:52.744244+00', NULL) ON CONFLICT DO NOTHING;
INSERT INTO public.sales_channel_stock_location (sales_channel_id, stock_location_id, id, created_at, updated_at, deleted_at) VALUES ('sc_01KQNRA1PA5TWKZKS1FRYPY3F9', 'sloc_01KRBV96WKS5QCPRVTQRRF13V8', 'scloc_01KRBV96WPQY58BH39YD5HBXKW', '2026-05-11 15:42:52.821436+00', '2026-05-11 15:42:52.821436+00', NULL) ON CONFLICT DO NOTHING;
INSERT INTO public.sales_channel_stock_location (sales_channel_id, stock_location_id, id, created_at, updated_at, deleted_at) VALUES ('sc_01KQNRA1PA5TWKZKS1FRYPY3F9', 'sloc_01KRBV96Z4N12B73XMT12VB7YB', 'scloc_01KRBV96Z8DAGP39H1CN68BA0X', '2026-05-11 15:42:52.90359+00', '2026-05-11 15:42:52.90359+00', NULL) ON CONFLICT DO NOTHING;
INSERT INTO public.sales_channel_stock_location (sales_channel_id, stock_location_id, id, created_at, updated_at, deleted_at) VALUES ('sc_01KQNRA1PA5TWKZKS1FRYPY3F9', 'sloc_01KRBV9736ECZKJ6382Z8EPCN0', 'scloc_01KRBV9739DCRE51MED73VSNVG', '2026-05-11 15:42:53.032365+00', '2026-05-11 15:42:53.032365+00', NULL) ON CONFLICT DO NOTHING;
INSERT INTO public.sales_channel_stock_location (sales_channel_id, stock_location_id, id, created_at, updated_at, deleted_at) VALUES ('sc_01KQNRA1PA5TWKZKS1FRYPY3F9', 'sloc_01KRBV975PQXH73DBPDJN5T9GK', 'scloc_01KRBV975TFC3BVSJPV8PZJHYA', '2026-05-11 15:42:53.113104+00', '2026-05-11 15:42:53.113104+00', NULL) ON CONFLICT DO NOTHING;
INSERT INTO public.sales_channel_stock_location (sales_channel_id, stock_location_id, id, created_at, updated_at, deleted_at) VALUES ('sc_01KQNRA1PA5TWKZKS1FRYPY3F9', 'sloc_01KRBV9786793X9FGVE4RXNA38', 'scloc_01KRBV9789ZC3FEGG4P67EWEKZ', '2026-05-11 15:42:53.192268+00', '2026-05-11 15:42:53.192268+00', NULL) ON CONFLICT DO NOTHING;
INSERT INTO public.sales_channel_stock_location (sales_channel_id, stock_location_id, id, created_at, updated_at, deleted_at) VALUES ('sc_01KQNRA1PA5TWKZKS1FRYPY3F9', 'sloc_01KRBV97AMTZ5DJVXCWJFPM6D1', 'scloc_01KRBV97AQTYF8PA1YKPGBDMFE', '2026-05-11 15:42:53.270294+00', '2026-05-11 15:42:53.270294+00', NULL) ON CONFLICT DO NOTHING;
INSERT INTO public.sales_channel_stock_location (sales_channel_id, stock_location_id, id, created_at, updated_at, deleted_at) VALUES ('sc_01KQNRA1PA5TWKZKS1FRYPY3F9', 'sloc_01KRBV97EE12XP0TCW2TH4SK15', 'scloc_01KRBV97EJXRBN29355WFETWKV', '2026-05-11 15:42:53.393016+00', '2026-05-11 15:42:53.393016+00', NULL) ON CONFLICT DO NOTHING;
INSERT INTO public.sales_channel_stock_location (sales_channel_id, stock_location_id, id, created_at, updated_at, deleted_at) VALUES ('sc_01KQNRA1PA5TWKZKS1FRYPY3F9', 'sloc_01KRBV97MQWRR9DR9A98FS32A4', 'scloc_01KRBV97MVVC3G6C1PJBT5CTV6', '2026-05-11 15:42:53.593963+00', '2026-05-11 15:42:53.593963+00', NULL) ON CONFLICT DO NOTHING;
INSERT INTO public.sales_channel_stock_location (sales_channel_id, stock_location_id, id, created_at, updated_at, deleted_at) VALUES ('sc_01KQNRA1PA5TWKZKS1FRYPY3F9', 'sloc_01KRBV97RXK7W383M718E7NT52', 'scloc_01KRBV97S1C7MBDCF6XTZKN7G9', '2026-05-11 15:42:53.728268+00', '2026-05-11 15:42:53.728268+00', NULL) ON CONFLICT DO NOTHING;
INSERT INTO public.sales_channel_stock_location (sales_channel_id, stock_location_id, id, created_at, updated_at, deleted_at) VALUES ('sc_01KQNRA1PA5TWKZKS1FRYPY3F9', 'sloc_01KRBV97ZMFR5NKF3F8C66P5MV', 'scloc_01KRBV97ZT3BS46XW555JG8PRG', '2026-05-11 15:42:53.942521+00', '2026-05-11 15:42:53.942521+00', NULL) ON CONFLICT DO NOTHING;
INSERT INTO public.sales_channel_stock_location (sales_channel_id, stock_location_id, id, created_at, updated_at, deleted_at) VALUES ('sc_01KQNRA1PA5TWKZKS1FRYPY3F9', 'sloc_01KRBV9822W24QND6HWST7Y9ZD', 'scloc_01KRBV9825TM8CJD7DDTTT8TTY', '2026-05-11 15:42:54.020118+00', '2026-05-11 15:42:54.020118+00', NULL) ON CONFLICT DO NOTHING;
INSERT INTO public.sales_channel_stock_location (sales_channel_id, stock_location_id, id, created_at, updated_at, deleted_at) VALUES ('sc_01KQNRA1PA5TWKZKS1FRYPY3F9', 'sloc_01KRBV985FW9Q7WF3ZD3255SN3', 'scloc_01KRBV985JX2PTTT2G0XDZEQ07', '2026-05-11 15:42:54.129152+00', '2026-05-11 15:42:54.129152+00', NULL) ON CONFLICT DO NOTHING;
INSERT INTO public.sales_channel_stock_location (sales_channel_id, stock_location_id, id, created_at, updated_at, deleted_at) VALUES ('sc_01KQNRA1PA5TWKZKS1FRYPY3F9', 'sloc_01KRBV9899DC2SH28BC38TTPC4', 'scloc_01KRBV989HVGCPWA494A3RW13T', '2026-05-11 15:42:54.255552+00', '2026-05-11 15:42:54.255552+00', NULL) ON CONFLICT DO NOTHING;
INSERT INTO public.sales_channel_stock_location (sales_channel_id, stock_location_id, id, created_at, updated_at, deleted_at) VALUES ('sc_01KQNRA1PA5TWKZKS1FRYPY3F9', 'sloc_01KRBV98GJ1B9G0ZRYEZ75ZXKG', 'scloc_01KRBV98GPNTWQZRZ8VV65QZS9', '2026-05-11 15:42:54.485273+00', '2026-05-11 15:42:54.485273+00', NULL) ON CONFLICT DO NOTHING;
INSERT INTO public.sales_channel_stock_location (sales_channel_id, stock_location_id, id, created_at, updated_at, deleted_at) VALUES ('sc_01KQNRA1PA5TWKZKS1FRYPY3F9', 'sloc_01KRBV98M66K2HH3DN17M1SMF3', 'scloc_01KRBV98MA9AHSZFQF9TAWTCBA', '2026-05-11 15:42:54.601056+00', '2026-05-11 15:42:54.601056+00', NULL) ON CONFLICT DO NOTHING;
INSERT INTO public.sales_channel_stock_location (sales_channel_id, stock_location_id, id, created_at, updated_at, deleted_at) VALUES ('sc_01KQNRA1PA5TWKZKS1FRYPY3F9', 'sloc_01KRBV98PSH69PTAVF9YANC4B7', 'scloc_01KRBV98PWKCH9TCE5SWANBF0R', '2026-05-11 15:42:54.6835+00', '2026-05-11 15:42:54.6835+00', NULL) ON CONFLICT DO NOTHING;
INSERT INTO public.sales_channel_stock_location (sales_channel_id, stock_location_id, id, created_at, updated_at, deleted_at) VALUES ('sc_01KQNRA1PA5TWKZKS1FRYPY3F9', 'sloc_01KRBV98S5TVF08Q7DCAS6SP61', 'scloc_01KRBV98S9T21CK1ZA4CN682WM', '2026-05-11 15:42:54.759184+00', '2026-05-11 15:42:54.759184+00', NULL) ON CONFLICT DO NOTHING;
INSERT INTO public.sales_channel_stock_location (sales_channel_id, stock_location_id, id, created_at, updated_at, deleted_at) VALUES ('sc_01KQNRA1PA5TWKZKS1FRYPY3F9', 'sloc_01KRNSQ7P6BDSD40XW97GPEGHY', 'scloc_01KRNSQ7PHA0S18ECDC0PDNMG5', '2026-05-15 12:27:59.568066+00', '2026-05-15 12:27:59.568066+00', NULL) ON CONFLICT DO NOTHING;
INSERT INTO public.sales_channel_stock_location (sales_channel_id, stock_location_id, id, created_at, updated_at, deleted_at) VALUES ('sc_01KQNRA1PA5TWKZKS1FRYPY3F9', 'sloc_01KRNSQ80J5W3XTTBZW4HE00Z7', 'scloc_01KRNSQ80V8WA215PW346JWYM8', '2026-05-15 12:27:59.898133+00', '2026-05-15 12:27:59.898133+00', NULL) ON CONFLICT DO NOTHING;
INSERT INTO public.sales_channel_stock_location (sales_channel_id, stock_location_id, id, created_at, updated_at, deleted_at) VALUES ('sc_01KQNRA1PA5TWKZKS1FRYPY3F9', 'sloc_01KRNSQ8A9KH8J4X52TTYFKMHZ', 'scloc_01KRNSQ8AJW839BYYJ06PXTPTP', '2026-05-15 12:28:00.208281+00', '2026-05-15 12:28:00.208281+00', NULL) ON CONFLICT DO NOTHING;
INSERT INTO public.sales_channel_stock_location (sales_channel_id, stock_location_id, id, created_at, updated_at, deleted_at) VALUES ('sc_01KQNRA1PA5TWKZKS1FRYPY3F9', 'sloc_01KRNSQ8R1GGW991RZA9A7PP7G', 'scloc_01KRNSQ8RHY02XFWBHNHTB362D', '2026-05-15 12:28:00.652867+00', '2026-05-15 12:28:00.652867+00', NULL) ON CONFLICT DO NOTHING;
INSERT INTO public.sales_channel_stock_location (sales_channel_id, stock_location_id, id, created_at, updated_at, deleted_at) VALUES ('sc_01KQNRA1PA5TWKZKS1FRYPY3F9', 'sloc_01KRNSQ8ZSEPVVD79VAZXWDREY', 'scloc_01KRNSQ9050GHH4VR9X1586JGD', '2026-05-15 12:28:00.900211+00', '2026-05-15 12:28:00.900211+00', NULL) ON CONFLICT DO NOTHING;
INSERT INTO public.sales_channel_stock_location (sales_channel_id, stock_location_id, id, created_at, updated_at, deleted_at) VALUES ('sc_01KQNRA1PA5TWKZKS1FRYPY3F9', 'sloc_01KRNSQ93HJ02QH24P968KTC2C', 'scloc_01KRNSQ93VTT9BRYK7WWY4BZY2', '2026-05-15 12:28:01.013375+00', '2026-05-15 12:28:01.013375+00', NULL) ON CONFLICT DO NOTHING;
INSERT INTO public.sales_channel_stock_location (sales_channel_id, stock_location_id, id, created_at, updated_at, deleted_at) VALUES ('sc_01KQNRA1PA5TWKZKS1FRYPY3F9', 'sloc_01KRNSQ99P7JGHBP9FQGG8HKP1', 'scloc_01KRNSQ99WQEJN8ERDYJCYG32C', '2026-05-15 12:28:01.210494+00', '2026-05-15 12:28:01.210494+00', NULL) ON CONFLICT DO NOTHING;
INSERT INTO public.sales_channel_stock_location (sales_channel_id, stock_location_id, id, created_at, updated_at, deleted_at) VALUES ('sc_01KQNRA1PA5TWKZKS1FRYPY3F9', 'sloc_01KRNSQ9C8TC9XBJQPC31E0FCQ', 'scloc_01KRNSQ9CCZVDYH5A8BMV45DGF', '2026-05-15 12:28:01.290798+00', '2026-05-15 12:28:01.290798+00', NULL) ON CONFLICT DO NOTHING;
INSERT INTO public.sales_channel_stock_location (sales_channel_id, stock_location_id, id, created_at, updated_at, deleted_at) VALUES ('sc_01KQNRA1PA5TWKZKS1FRYPY3F9', 'sloc_01KRNSQ9FSSQXVH5B9FK7EBEN8', 'scloc_01KRNSQ9FYYQT9XN56ZZQE7ZXH', '2026-05-15 12:28:01.404997+00', '2026-05-15 12:28:01.404997+00', NULL) ON CONFLICT DO NOTHING;
INSERT INTO public.sales_channel_stock_location (sales_channel_id, stock_location_id, id, created_at, updated_at, deleted_at) VALUES ('sc_01KQNRA1PA5TWKZKS1FRYPY3F9', 'sloc_01KRNSQ9JBZX6HRZ8APMFAHKYH', 'scloc_01KRNSQ9JHGGP9Q72BDM71S6SK', '2026-05-15 12:28:01.486978+00', '2026-05-15 12:28:01.486978+00', NULL) ON CONFLICT DO NOTHING;
INSERT INTO public.sales_channel_stock_location (sales_channel_id, stock_location_id, id, created_at, updated_at, deleted_at) VALUES ('sc_01KQNRA1PA5TWKZKS1FRYPY3F9', 'sloc_01KRNSQ9N65CHYH9WZJHPK7VNH', 'scloc_01KRNSQ9NAKS243FS84N08Z4TX', '2026-05-15 12:28:01.577453+00', '2026-05-15 12:28:01.577453+00', NULL) ON CONFLICT DO NOTHING;
INSERT INTO public.sales_channel_stock_location (sales_channel_id, stock_location_id, id, created_at, updated_at, deleted_at) VALUES ('sc_01KQNRA1PA5TWKZKS1FRYPY3F9', 'sloc_01KRNSQ9QQAZ4HWDQHGXVME0FR', 'scloc_01KRNSQ9QWTF9TKFPP026P0F08', '2026-05-15 12:28:01.659294+00', '2026-05-15 12:28:01.659294+00', NULL) ON CONFLICT DO NOTHING;
INSERT INTO public.sales_channel_stock_location (sales_channel_id, stock_location_id, id, created_at, updated_at, deleted_at) VALUES ('sc_01KQNRA1PA5TWKZKS1FRYPY3F9', 'sloc_01KRNSQ9T6V0X3DZVRP8DP1FSH', 'scloc_01KRNSQ9TB19C2BNDADT464FRH', '2026-05-15 12:28:01.737464+00', '2026-05-15 12:28:01.737464+00', NULL) ON CONFLICT DO NOTHING;
INSERT INTO public.sales_channel_stock_location (sales_channel_id, stock_location_id, id, created_at, updated_at, deleted_at) VALUES ('sc_01KQNRA1PA5TWKZKS1FRYPY3F9', 'sloc_01KRNSQ9Z79HRG9YNQ5SEXEFB5', 'scloc_01KRNSQ9ZBZQFFQ3XX5SHXKRPC', '2026-05-15 12:28:01.898458+00', '2026-05-15 12:28:01.898458+00', NULL) ON CONFLICT DO NOTHING;
INSERT INTO public.sales_channel_stock_location (sales_channel_id, stock_location_id, id, created_at, updated_at, deleted_at) VALUES ('sc_01KQNRA1PA5TWKZKS1FRYPY3F9', 'sloc_01KRNSQA3KVD6HXFY1QCWAK797', 'scloc_01KRNSQA3T3A59NXA8FYM04YVF', '2026-05-15 12:28:02.040351+00', '2026-05-15 12:28:02.040351+00', NULL) ON CONFLICT DO NOTHING;
INSERT INTO public.sales_channel_stock_location (sales_channel_id, stock_location_id, id, created_at, updated_at, deleted_at) VALUES ('sc_01KQNRA1PA5TWKZKS1FRYPY3F9', 'sloc_01KRNSQA6AV9ZVA9VC62PPHCAM', 'scloc_01KRNSQA6G15V0F7Q865J0SZ5B', '2026-05-15 12:28:02.125938+00', '2026-05-15 12:28:02.125938+00', NULL) ON CONFLICT DO NOTHING;
INSERT INTO public.sales_channel_stock_location (sales_channel_id, stock_location_id, id, created_at, updated_at, deleted_at) VALUES ('sc_01KQNRA1PA5TWKZKS1FRYPY3F9', 'sloc_01KRNSQA8ZFXJTT7M1DKN9CFN2', 'scloc_01KRNSQA96GHK8J4BGQE4FF7JC', '2026-05-15 12:28:02.212445+00', '2026-05-15 12:28:02.212445+00', NULL) ON CONFLICT DO NOTHING;
INSERT INTO public.sales_channel_stock_location (sales_channel_id, stock_location_id, id, created_at, updated_at, deleted_at) VALUES ('sc_01KQNRA1PA5TWKZKS1FRYPY3F9', 'sloc_01KRNSQABS902PXNXNE4DDXXJ8', 'scloc_01KRNSQABX6NTBKZTGJEVEKSA8', '2026-05-15 12:28:02.300394+00', '2026-05-15 12:28:02.300394+00', NULL) ON CONFLICT DO NOTHING;
INSERT INTO public.sales_channel_stock_location (sales_channel_id, stock_location_id, id, created_at, updated_at, deleted_at) VALUES ('sc_01KQNRA1PA5TWKZKS1FRYPY3F9', 'sloc_01KRNSQAEWTT4N1ABDQVJZXETF', 'scloc_01KRNSQAF0FM7K2TTFHDCJ9D2K', '2026-05-15 12:28:02.399001+00', '2026-05-15 12:28:02.399001+00', NULL) ON CONFLICT DO NOTHING;
INSERT INTO public.sales_channel_stock_location (sales_channel_id, stock_location_id, id, created_at, updated_at, deleted_at) VALUES ('sc_01KQNRA1PA5TWKZKS1FRYPY3F9', 'sloc_01KRNSQAHHSJA84HVJ1YZ3AY3K', 'scloc_01KRNSQAHQRJ140FBP74RMA31S', '2026-05-15 12:28:02.484839+00', '2026-05-15 12:28:02.484839+00', NULL) ON CONFLICT DO NOTHING;
INSERT INTO public.sales_channel_stock_location (sales_channel_id, stock_location_id, id, created_at, updated_at, deleted_at) VALUES ('sc_01KQNRA1PA5TWKZKS1FRYPY3F9', 'sloc_01KRNSQAPXV3EKPV3HK2T16Y05', 'scloc_01KRNSQAQ27MQ3JRZKEK5EC1YR', '2026-05-15 12:28:02.65701+00', '2026-05-15 12:28:02.65701+00', NULL) ON CONFLICT DO NOTHING;
INSERT INTO public.sales_channel_stock_location (sales_channel_id, stock_location_id, id, created_at, updated_at, deleted_at) VALUES ('sc_01KQNRA1PA5TWKZKS1FRYPY3F9', 'sloc_01KRNSQASD80ERPPESRJ2BB1KQ', 'scloc_01KRNSQASHRWEPYESD9JSDXTZY', '2026-05-15 12:28:02.736697+00', '2026-05-15 12:28:02.736697+00', NULL) ON CONFLICT DO NOTHING;
INSERT INTO public.sales_channel_stock_location (sales_channel_id, stock_location_id, id, created_at, updated_at, deleted_at) VALUES ('sc_01KQNRA1PA5TWKZKS1FRYPY3F9', 'sloc_01KRNSQAY5CAV5J5NZSVXQ3FHY', 'scloc_01KRNSQAYA1SD4745S50A2XZ02', '2026-05-15 12:28:02.888835+00', '2026-05-15 12:28:02.888835+00', NULL) ON CONFLICT DO NOTHING;
INSERT INTO public.sales_channel_stock_location (sales_channel_id, stock_location_id, id, created_at, updated_at, deleted_at) VALUES ('sc_01KQNRA1PA5TWKZKS1FRYPY3F9', 'sloc_01KRNSQB0V22PF3957DZKGJ5G5', 'scloc_01KRNSQB11WBDBKRMMD2VFP31M', '2026-05-15 12:28:02.975128+00', '2026-05-15 12:28:02.975128+00', NULL) ON CONFLICT DO NOTHING;
INSERT INTO public.sales_channel_stock_location (sales_channel_id, stock_location_id, id, created_at, updated_at, deleted_at) VALUES ('sc_01KQNRA1PA5TWKZKS1FRYPY3F9', 'sloc_01KRNSQB3HJ5BM5TWDSZAPST0K', 'scloc_01KRNSQB3RR4X4QRT526SF93ZT', '2026-05-15 12:28:03.061782+00', '2026-05-15 12:28:03.061782+00', NULL) ON CONFLICT DO NOTHING;
INSERT INTO public.sales_channel_stock_location (sales_channel_id, stock_location_id, id, created_at, updated_at, deleted_at) VALUES ('sc_01KQNRA1PA5TWKZKS1FRYPY3F9', 'sloc_01KRNSQB67KY4S66N1YFQT3030', 'scloc_01KRNSQB6DBRS1SP3ZWQTR7FKS', '2026-05-15 12:28:03.148623+00', '2026-05-15 12:28:03.148623+00', NULL) ON CONFLICT DO NOTHING;
INSERT INTO public.sales_channel_stock_location (sales_channel_id, stock_location_id, id, created_at, updated_at, deleted_at) VALUES ('sc_01KQNRA1PA5TWKZKS1FRYPY3F9', 'sloc_01KRNSQB8WW4B5HB9BWRB8HSNN', 'scloc_01KRNSQB8ZG84TW0Z5SQ0R3VVN', '2026-05-15 12:28:03.230214+00', '2026-05-15 12:28:03.230214+00', NULL) ON CONFLICT DO NOTHING;
INSERT INTO public.sales_channel_stock_location (sales_channel_id, stock_location_id, id, created_at, updated_at, deleted_at) VALUES ('sc_01KQNRA1PA5TWKZKS1FRYPY3F9', 'sloc_01KRNSQBBF42HVZJ5J355A0ETC', 'scloc_01KRNSQBBK4B032CVBHCHEEZJC', '2026-05-15 12:28:03.314942+00', '2026-05-15 12:28:03.314942+00', NULL) ON CONFLICT DO NOTHING;
INSERT INTO public.sales_channel_stock_location (sales_channel_id, stock_location_id, id, created_at, updated_at, deleted_at) VALUES ('sc_01KQNRA1PA5TWKZKS1FRYPY3F9', 'sloc_01KRNSQBK8DM68YZTJJF2X20BZ', 'scloc_01KRNSQBKCRGHE0XM3FDGG7JBA', '2026-05-15 12:28:03.563275+00', '2026-05-15 12:28:03.563275+00', NULL) ON CONFLICT DO NOTHING;


ALTER TABLE public.sales_channel_stock_location ENABLE TRIGGER ALL;

--
-- Data for Name: secondary_category; Type: TABLE DATA; Schema: public; Owner: -
--

ALTER TABLE public.secondary_category DISABLE TRIGGER ALL;



ALTER TABLE public.secondary_category ENABLE TRIGGER ALL;

--
-- Data for Name: seller_onboarding; Type: TABLE DATA; Schema: public; Owner: -
--

ALTER TABLE public.seller_onboarding DISABLE TRIGGER ALL;

INSERT INTO public.seller_onboarding (id, store_information, stripe_connection, locations_shipping, products, seller_id, created_at, updated_at, deleted_at) VALUES ('sel_onb_01KRNSQ7N2GA7ZNZB8PZH5HPSM', false, false, false, false, 'sel_01KRNSQ7MND00MXR9N9TAZAA3K', '2026-05-15 12:27:59.522+00', '2026-05-15 12:27:59.522+00', NULL) ON CONFLICT DO NOTHING;
INSERT INTO public.seller_onboarding (id, store_information, stripe_connection, locations_shipping, products, seller_id, created_at, updated_at, deleted_at) VALUES ('sel_onb_01KRNSQ89MQ6PB9VE3PZ5QND0Q', false, false, false, false, 'sel_01KRNSQ89EAMK11QQ8WZ30MBZB', '2026-05-15 12:28:00.18+00', '2026-05-15 12:28:00.18+00', NULL) ON CONFLICT DO NOTHING;
INSERT INTO public.seller_onboarding (id, store_information, stripe_connection, locations_shipping, products, seller_id, created_at, updated_at, deleted_at) VALUES ('sel_onb_01KRNSQ8PRJA5Y6C3GGPZY2K2R', false, false, false, false, 'sel_01KRNSQ8P8TFW3YE7GRBFYZYFC', '2026-05-15 12:28:00.601+00', '2026-05-15 12:28:00.601+00', NULL) ON CONFLICT DO NOTHING;
INSERT INTO public.seller_onboarding (id, store_information, stripe_connection, locations_shipping, products, seller_id, created_at, updated_at, deleted_at) VALUES ('sel_onb_01KRNSQ8ZC7ASRC7J4271PABCB', false, false, false, false, 'sel_01KRNSQ8Z7X9VENXWC8B86PB3J', '2026-05-15 12:28:00.877+00', '2026-05-15 12:28:00.877+00', NULL) ON CONFLICT DO NOTHING;
INSERT INTO public.seller_onboarding (id, store_information, stripe_connection, locations_shipping, products, seller_id, created_at, updated_at, deleted_at) VALUES ('sel_onb_01KRNSQ9942SKMPZR4HSB2FRK3', false, false, false, false, 'sel_01KRNSQ992EW1ZEF5QQAPT3S3E', '2026-05-15 12:28:01.188+00', '2026-05-15 12:28:01.188+00', NULL) ON CONFLICT DO NOTHING;
INSERT INTO public.seller_onboarding (id, store_information, stripe_connection, locations_shipping, products, seller_id, created_at, updated_at, deleted_at) VALUES ('sel_onb_01KRNSQ9BZZKJ60HPKBFA79GBE', false, false, false, false, 'sel_01KRNSQ9BX51A7AEZR2G5WW72J', '2026-05-15 12:28:01.279+00', '2026-05-15 12:28:01.279+00', NULL) ON CONFLICT DO NOTHING;
INSERT INTO public.seller_onboarding (id, store_information, stripe_connection, locations_shipping, products, seller_id, created_at, updated_at, deleted_at) VALUES ('sel_onb_01KRNSQ9FD8BES2M23FC4DNYG8', false, false, false, false, 'sel_01KRNSQ9FAE2PMYB364WKT3DY6', '2026-05-15 12:28:01.389+00', '2026-05-15 12:28:01.389+00', NULL) ON CONFLICT DO NOTHING;
INSERT INTO public.seller_onboarding (id, store_information, stripe_connection, locations_shipping, products, seller_id, created_at, updated_at, deleted_at) VALUES ('sel_onb_01KRNSQ9J2WJ6277MH04P614XN', false, false, false, false, 'sel_01KRNSQ9HZGE26YTSJS5ZND5E5', '2026-05-15 12:28:01.474+00', '2026-05-15 12:28:01.474+00', NULL) ON CONFLICT DO NOTHING;
INSERT INTO public.seller_onboarding (id, store_information, stripe_connection, locations_shipping, products, seller_id, created_at, updated_at, deleted_at) VALUES ('sel_onb_01KRNSQ9MVFDNT3WMQ5WSCAPH1', false, false, false, false, 'sel_01KRNSQ9MQFV4FCKC44GXHG903', '2026-05-15 12:28:01.563+00', '2026-05-15 12:28:01.563+00', NULL) ON CONFLICT DO NOTHING;
INSERT INTO public.seller_onboarding (id, store_information, stripe_connection, locations_shipping, products, seller_id, created_at, updated_at, deleted_at) VALUES ('sel_onb_01KRNSQ9QB6MJEETGGGYZJAFZC', false, false, false, false, 'sel_01KRNSQ9Q9RRMJC1M753YHJMC3', '2026-05-15 12:28:01.643+00', '2026-05-15 12:28:01.643+00', NULL) ON CONFLICT DO NOTHING;
INSERT INTO public.seller_onboarding (id, store_information, stripe_connection, locations_shipping, products, seller_id, created_at, updated_at, deleted_at) VALUES ('sel_onb_01KRNSQ9SYX0E1RY49S9WYMCDZ', false, false, false, false, 'sel_01KRNSQ9SV1CTCGDVEHJFJR865', '2026-05-15 12:28:01.726+00', '2026-05-15 12:28:01.726+00', NULL) ON CONFLICT DO NOTHING;
INSERT INTO public.seller_onboarding (id, store_information, stripe_connection, locations_shipping, products, seller_id, created_at, updated_at, deleted_at) VALUES ('sel_onb_01KRNSQ9YW719VHBE25DQTH7VQ', false, false, false, false, 'sel_01KRNSQ9YTXH9W1TB6VY6TE3Q9', '2026-05-15 12:28:01.885+00', '2026-05-15 12:28:01.885+00', NULL) ON CONFLICT DO NOTHING;
INSERT INTO public.seller_onboarding (id, store_information, stripe_connection, locations_shipping, products, seller_id, created_at, updated_at, deleted_at) VALUES ('sel_onb_01KRNSQA39P0BJC6K63EEBM9NY', false, false, false, false, 'sel_01KRNSQA36KV63AKTNFBH4CXDR', '2026-05-15 12:28:02.025+00', '2026-05-15 12:28:02.025+00', NULL) ON CONFLICT DO NOTHING;
INSERT INTO public.seller_onboarding (id, store_information, stripe_connection, locations_shipping, products, seller_id, created_at, updated_at, deleted_at) VALUES ('sel_onb_01KRNSQA61JSEQ943HS6P25W13', false, false, false, false, 'sel_01KRNSQA5YE6QGZ6R3FZEA13K7', '2026-05-15 12:28:02.113+00', '2026-05-15 12:28:02.113+00', NULL) ON CONFLICT DO NOTHING;
INSERT INTO public.seller_onboarding (id, store_information, stripe_connection, locations_shipping, products, seller_id, created_at, updated_at, deleted_at) VALUES ('sel_onb_01KRNSQA8K9CRD4MRY09WZT235', false, false, false, false, 'sel_01KRNSQA8GSREJ8H4AA9NSGKSJ', '2026-05-15 12:28:02.195+00', '2026-05-15 12:28:02.195+00', NULL) ON CONFLICT DO NOTHING;
INSERT INTO public.seller_onboarding (id, store_information, stripe_connection, locations_shipping, products, seller_id, created_at, updated_at, deleted_at) VALUES ('sel_onb_01KRNSQABE9HA0DHQ4BEARR8HZ', false, false, false, false, 'sel_01KRNSQABBPX4MHZYF9CQBAJ2J', '2026-05-15 12:28:02.286+00', '2026-05-15 12:28:02.286+00', NULL) ON CONFLICT DO NOTHING;
INSERT INTO public.seller_onboarding (id, store_information, stripe_connection, locations_shipping, products, seller_id, created_at, updated_at, deleted_at) VALUES ('sel_onb_01KRNSQAEHAYVSDH0BN26JRBSH', false, false, false, false, 'sel_01KRNSQAEDE00FEXRA46ZB9K46', '2026-05-15 12:28:02.385+00', '2026-05-15 12:28:02.385+00', NULL) ON CONFLICT DO NOTHING;
INSERT INTO public.seller_onboarding (id, store_information, stripe_connection, locations_shipping, products, seller_id, created_at, updated_at, deleted_at) VALUES ('sel_onb_01KRNSQAH5MRSYG3S1P6W0KJC3', false, false, false, false, 'sel_01KRNSQAH2RCD5Z8XABC5ZF05J', '2026-05-15 12:28:02.469+00', '2026-05-15 12:28:02.469+00', NULL) ON CONFLICT DO NOTHING;
INSERT INTO public.seller_onboarding (id, store_information, stripe_connection, locations_shipping, products, seller_id, created_at, updated_at, deleted_at) VALUES ('sel_onb_01KRNSQAPJ2WWG3C7CMQZ4KA62', false, false, false, false, 'sel_01KRNSQAPGYJMTSHWPBRKBSDP9', '2026-05-15 12:28:02.642+00', '2026-05-15 12:28:02.642+00', NULL) ON CONFLICT DO NOTHING;
INSERT INTO public.seller_onboarding (id, store_information, stripe_connection, locations_shipping, products, seller_id, created_at, updated_at, deleted_at) VALUES ('sel_onb_01KRNSQAS49MT5KKR4RF7EH5FB', false, false, false, false, 'sel_01KRNSQAS1K75HA5ZDYCY72HTR', '2026-05-15 12:28:02.724+00', '2026-05-15 12:28:02.724+00', NULL) ON CONFLICT DO NOTHING;
INSERT INTO public.seller_onboarding (id, store_information, stripe_connection, locations_shipping, products, seller_id, created_at, updated_at, deleted_at) VALUES ('sel_onb_01KRNSQAXVGDB5ZRP95WD8Y1S1', false, false, false, false, 'sel_01KRNSQAXSJYEE618G1MJAV2Y7', '2026-05-15 12:28:02.875+00', '2026-05-15 12:28:02.875+00', NULL) ON CONFLICT DO NOTHING;
INSERT INTO public.seller_onboarding (id, store_information, stripe_connection, locations_shipping, products, seller_id, created_at, updated_at, deleted_at) VALUES ('sel_onb_01KRNSQB0J36G40868S5X0EGH7', false, false, false, false, 'sel_01KRNSQB0GP6KXG3KTYEZNT96X', '2026-05-15 12:28:02.962+00', '2026-05-15 12:28:02.962+00', NULL) ON CONFLICT DO NOTHING;
INSERT INTO public.seller_onboarding (id, store_information, stripe_connection, locations_shipping, products, seller_id, created_at, updated_at, deleted_at) VALUES ('sel_onb_01KRNSQB37QQK6RKT2PDJJ4WBR', false, false, false, false, 'sel_01KRNSQB33N41XA4MEY4DP8JPR', '2026-05-15 12:28:03.047+00', '2026-05-15 12:28:03.047+00', NULL) ON CONFLICT DO NOTHING;
INSERT INTO public.seller_onboarding (id, store_information, stripe_connection, locations_shipping, products, seller_id, created_at, updated_at, deleted_at) VALUES ('sel_onb_01KRNSQB5W39FQRFAY3HRM3YXS', false, false, false, false, 'sel_01KRNSQB5S6EZCREKT4XZ80PEX', '2026-05-15 12:28:03.132+00', '2026-05-15 12:28:03.132+00', NULL) ON CONFLICT DO NOTHING;
INSERT INTO public.seller_onboarding (id, store_information, stripe_connection, locations_shipping, products, seller_id, created_at, updated_at, deleted_at) VALUES ('sel_onb_01KRNSQB8JFESMF4YJNGT2PGS5', false, false, false, false, 'sel_01KRNSQB8E9JM8CSQZ64JXHKRA', '2026-05-15 12:28:03.218+00', '2026-05-15 12:28:03.218+00', NULL) ON CONFLICT DO NOTHING;
INSERT INTO public.seller_onboarding (id, store_information, stripe_connection, locations_shipping, products, seller_id, created_at, updated_at, deleted_at) VALUES ('sel_onb_01KRNSQBB323HVS6TDKKHFR5DV', false, false, false, false, 'sel_01KRNSQBB01V4XF55AAQ29NAPE', '2026-05-15 12:28:03.299+00', '2026-05-15 12:28:03.299+00', NULL) ON CONFLICT DO NOTHING;
INSERT INTO public.seller_onboarding (id, store_information, stripe_connection, locations_shipping, products, seller_id, created_at, updated_at, deleted_at) VALUES ('sel_onb_01KRNSQBJY4ESN89ZQYJEFZ5J8', false, false, false, false, 'sel_01KRNSQBJWP0WV8PQ9HEETP6EC', '2026-05-15 12:28:03.55+00', '2026-05-15 12:28:03.55+00', NULL) ON CONFLICT DO NOTHING;
INSERT INTO public.seller_onboarding (id, store_information, stripe_connection, locations_shipping, products, seller_id, created_at, updated_at, deleted_at) VALUES ('sel_onb_01KRNSQ7ZWTEXDD7S5SWTM0BPV', false, false, true, true, 'sel_01KRNSQ7ZS9HQFAQXRZJ2C5F8Z', '2026-05-15 12:27:59.869+00', '2026-05-16 00:53:13.51+00', NULL) ON CONFLICT DO NOTHING;
INSERT INTO public.seller_onboarding (id, store_information, stripe_connection, locations_shipping, products, seller_id, created_at, updated_at, deleted_at) VALUES ('sel_onb_01KRNSQ9377VPY3X4ME9E8EH0H', false, false, true, true, 'sel_01KRNSQ934TWSRM5J5AKS01SEQ', '2026-05-15 12:28:00.999+00', '2026-05-17 13:34:39.396+00', NULL) ON CONFLICT DO NOTHING;


ALTER TABLE public.seller_onboarding ENABLE TRIGGER ALL;

--
-- Data for Name: seller_seller_customer_customer_group; Type: TABLE DATA; Schema: public; Owner: -
--

ALTER TABLE public.seller_seller_customer_customer_group DISABLE TRIGGER ALL;



ALTER TABLE public.seller_seller_customer_customer_group ENABLE TRIGGER ALL;

--
-- Data for Name: seller_seller_fulfillment_fulfillment_set; Type: TABLE DATA; Schema: public; Owner: -
--

ALTER TABLE public.seller_seller_fulfillment_fulfillment_set DISABLE TRIGGER ALL;

INSERT INTO public.seller_seller_fulfillment_fulfillment_set (seller_id, fulfillment_set_id, id, created_at, updated_at, deleted_at) VALUES ('sel_01KRBB56FJ49R1F4A5TA2A6XWN', 'fuset_01KRBB56J9BXZQBEGX42R2CSSN', 'link_01KRBB56JK7DFSTGCDNZF4A2X3', '2026-05-11 11:01:04.209971+00', '2026-05-11 11:01:04.209971+00', NULL) ON CONFLICT DO NOTHING;
INSERT INTO public.seller_seller_fulfillment_fulfillment_set (seller_id, fulfillment_set_id, id, created_at, updated_at, deleted_at) VALUES ('sel_01KRBV95A9Q2X0ACYX9HKRBVPX', 'fuset_01KRBV95C875FC7D173WVXXMMC', 'link_01KRBV95CJRX2QXJEKN6A0DQW1', '2026-05-11 15:42:51.281981+00', '2026-05-11 15:42:51.281981+00', NULL) ON CONFLICT DO NOTHING;
INSERT INTO public.seller_seller_fulfillment_fulfillment_set (seller_id, fulfillment_set_id, id, created_at, updated_at, deleted_at) VALUES ('sel_01KRBV95QPXJ83VFR9MRG0KPSB', 'fuset_01KRBV95RMP7H5N8PBRYSAF56E', 'link_01KRBV95RQTZ6MPS288S65AEG3', '2026-05-11 15:42:51.671207+00', '2026-05-11 15:42:51.671207+00', NULL) ON CONFLICT DO NOTHING;
INSERT INTO public.seller_seller_fulfillment_fulfillment_set (seller_id, fulfillment_set_id, id, created_at, updated_at, deleted_at) VALUES ('sel_01KRBV95TW0N6KFM5S5Q6ZMAVM', 'fuset_01KRBV95VPGWWZTEH0WS229EAJ', 'link_01KRBV95VW3C0AY34HMQ24381H', '2026-05-11 15:42:51.771823+00', '2026-05-11 15:42:51.771823+00', NULL) ON CONFLICT DO NOTHING;
INSERT INTO public.seller_seller_fulfillment_fulfillment_set (seller_id, fulfillment_set_id, id, created_at, updated_at, deleted_at) VALUES ('sel_01KRBV960KR8XTEZFB9M92XZ0H', 'fuset_01KRBV961K83DZA3A0QVMX3WZA', 'link_01KRBV961WPKKYK07220DS6MP3', '2026-05-11 15:42:51.963492+00', '2026-05-11 15:42:51.963492+00', NULL) ON CONFLICT DO NOTHING;
INSERT INTO public.seller_seller_fulfillment_fulfillment_set (seller_id, fulfillment_set_id, id, created_at, updated_at, deleted_at) VALUES ('sel_01KRBV963RTH9H5DP84380HF8B', 'fuset_01KRBV964G9QMFE4FD118QATT8', 'link_01KRBV964J895ES12N7QQMB2G8', '2026-05-11 15:42:52.050436+00', '2026-05-11 15:42:52.050436+00', NULL) ON CONFLICT DO NOTHING;
INSERT INTO public.seller_seller_fulfillment_fulfillment_set (seller_id, fulfillment_set_id, id, created_at, updated_at, deleted_at) VALUES ('sel_01KRBV969AHH2TV5MQYVSA4V24', 'fuset_01KRBV969VEMWR0MW7GYTN30N9', 'link_01KRBV969YRQ5SGP4629F86TAQ', '2026-05-11 15:42:52.222087+00', '2026-05-11 15:42:52.222087+00', NULL) ON CONFLICT DO NOTHING;
INSERT INTO public.seller_seller_fulfillment_fulfillment_set (seller_id, fulfillment_set_id, id, created_at, updated_at, deleted_at) VALUES ('sel_01KRBV96BQ6SKR16REJ08VQVER', 'fuset_01KRBV96CCZ1H4G6WB6PJX5ME2', 'link_01KRBV96CFZ8B6RB8SF3ZV7S90', '2026-05-11 15:42:52.30261+00', '2026-05-11 15:42:52.30261+00', NULL) ON CONFLICT DO NOTHING;
INSERT INTO public.seller_seller_fulfillment_fulfillment_set (seller_id, fulfillment_set_id, id, created_at, updated_at, deleted_at) VALUES ('sel_01KRBV96E7SVTCT38CZXQ4NANB', 'fuset_01KRBV96ERHZB77RKMYV0QNJDV', 'link_01KRBV96EWXYZN9VMQNBG3G16R', '2026-05-11 15:42:52.379833+00', '2026-05-11 15:42:52.379833+00', NULL) ON CONFLICT DO NOTHING;
INSERT INTO public.seller_seller_fulfillment_fulfillment_set (seller_id, fulfillment_set_id, id, created_at, updated_at, deleted_at) VALUES ('sel_01KRBV96GNRD1YD5BPQ9W95ERH', 'fuset_01KRBV96HA9TXKA3S4AGH2FNY0', 'link_01KRBV96HDRXPVK3M7JSD1QXCT', '2026-05-11 15:42:52.460677+00', '2026-05-11 15:42:52.460677+00', NULL) ON CONFLICT DO NOTHING;
INSERT INTO public.seller_seller_fulfillment_fulfillment_set (seller_id, fulfillment_set_id, id, created_at, updated_at, deleted_at) VALUES ('sel_01KRBV96KFTPXG8RG7TWB13YQK', 'fuset_01KRBV96M02ZE57R8RJTZQWF08', 'link_01KRBV96M2RQNVKMEA8CQ7E96B', '2026-05-11 15:42:52.546316+00', '2026-05-11 15:42:52.546316+00', NULL) ON CONFLICT DO NOTHING;
INSERT INTO public.seller_seller_fulfillment_fulfillment_set (seller_id, fulfillment_set_id, id, created_at, updated_at, deleted_at) VALUES ('sel_01KRBV96PMTCXWRTDX7THG8BE6', 'fuset_01KRBV96QB1SHAT5GJTQEC34MK', 'link_01KRBV96QF6M39EE9H9M4NZFQF', '2026-05-11 15:42:52.654794+00', '2026-05-11 15:42:52.654794+00', NULL) ON CONFLICT DO NOTHING;
INSERT INTO public.seller_seller_fulfillment_fulfillment_set (seller_id, fulfillment_set_id, id, created_at, updated_at, deleted_at) VALUES ('sel_01KRBV96SHNKQMV9E23P61440X', 'fuset_01KRBV96TD63DBJ2N13FW1ER1M', 'link_01KRBV96TG2WS9FGPX3GMWGD4F', '2026-05-11 15:42:52.75162+00', '2026-05-11 15:42:52.75162+00', NULL) ON CONFLICT DO NOTHING;
INSERT INTO public.seller_seller_fulfillment_fulfillment_set (seller_id, fulfillment_set_id, id, created_at, updated_at, deleted_at) VALUES ('sel_01KRBV96W7BQSB9J5A2ZAWZ9E2', 'fuset_01KRBV96WRJ4QX7CDE8FWWH8T4', 'link_01KRBV96WTE6AE03HB01Y8J4Y8', '2026-05-11 15:42:52.826419+00', '2026-05-11 15:42:52.826419+00', NULL) ON CONFLICT DO NOTHING;
INSERT INTO public.seller_seller_fulfillment_fulfillment_set (seller_id, fulfillment_set_id, id, created_at, updated_at, deleted_at) VALUES ('sel_01KRBV96YT6VAFFAQNNN39ZMDR', 'fuset_01KRBV96ZBA8BT006FCGDGVDN6', 'link_01KRBV96ZE9CY3V5RP4H1P457W', '2026-05-11 15:42:52.910203+00', '2026-05-11 15:42:52.910203+00', NULL) ON CONFLICT DO NOTHING;
INSERT INTO public.seller_seller_fulfillment_fulfillment_set (seller_id, fulfillment_set_id, id, created_at, updated_at, deleted_at) VALUES ('sel_01KRBV972VH6GEX5KERF3RBMJR', 'fuset_01KRBV973DTP6DBH5DAQS9PZVE', 'link_01KRBV973FN8KCFZKXKK17GTPS', '2026-05-11 15:42:53.039229+00', '2026-05-11 15:42:53.039229+00', NULL) ON CONFLICT DO NOTHING;
INSERT INTO public.seller_seller_fulfillment_fulfillment_set (seller_id, fulfillment_set_id, id, created_at, updated_at, deleted_at) VALUES ('sel_01KRBV9756XSYE51TZNYPHC0TM', 'fuset_01KRBV975XA91YW2SWAFF7PE3T', 'link_01KRBV97609VEAR5D11V7M8CGT', '2026-05-11 15:42:53.120035+00', '2026-05-11 15:42:53.120035+00', NULL) ON CONFLICT DO NOTHING;
INSERT INTO public.seller_seller_fulfillment_fulfillment_set (seller_id, fulfillment_set_id, id, created_at, updated_at, deleted_at) VALUES ('sel_01KRBV977T8SXKWFNSBKFJZW8X', 'fuset_01KRBV978CHJ52YJEZ3ME2ZD9Q', 'link_01KRBV978EQ888MD3X6P1GDZC6', '2026-05-11 15:42:53.198579+00', '2026-05-11 15:42:53.198579+00', NULL) ON CONFLICT DO NOTHING;
INSERT INTO public.seller_seller_fulfillment_fulfillment_set (seller_id, fulfillment_set_id, id, created_at, updated_at, deleted_at) VALUES ('sel_01KRBV97A9FM9PV6ZSZ5F4P436', 'fuset_01KRBV97ASH37Q48A5GAQ7K3RK', 'link_01KRBV97AWNYTFBJKZXB5VMD9Y', '2026-05-11 15:42:53.276081+00', '2026-05-11 15:42:53.276081+00', NULL) ON CONFLICT DO NOTHING;
INSERT INTO public.seller_seller_fulfillment_fulfillment_set (seller_id, fulfillment_set_id, id, created_at, updated_at, deleted_at) VALUES ('sel_01KRBV97DX8H3WNA91RQYXXW3V', 'fuset_01KRBV97ENATNHEQ6ZPHPZ5P0F', 'link_01KRBV97ESN0AGG1FYS3KYEME3', '2026-05-11 15:42:53.400656+00', '2026-05-11 15:42:53.400656+00', NULL) ON CONFLICT DO NOTHING;
INSERT INTO public.seller_seller_fulfillment_fulfillment_set (seller_id, fulfillment_set_id, id, created_at, updated_at, deleted_at) VALUES ('sel_01KRBV97MD5AXVMGCTHXVG6FQJ', 'fuset_01KRBV97MX2Q1B21SG4QWGSB58', 'link_01KRBV97MZ2DG4C2N4PZAZ3Q0A', '2026-05-11 15:42:53.599448+00', '2026-05-11 15:42:53.599448+00', NULL) ON CONFLICT DO NOTHING;
INSERT INTO public.seller_seller_fulfillment_fulfillment_set (seller_id, fulfillment_set_id, id, created_at, updated_at, deleted_at) VALUES ('sel_01KRBV97RKZ7G7J9038H5RXX5M', 'fuset_01KRBV97S3ZMTY06AJR6NVPEWT', 'link_01KRBV97S5QWKHJ3XMB93TVP4X', '2026-05-11 15:42:53.733034+00', '2026-05-11 15:42:53.733034+00', NULL) ON CONFLICT DO NOTHING;
INSERT INTO public.seller_seller_fulfillment_fulfillment_set (seller_id, fulfillment_set_id, id, created_at, updated_at, deleted_at) VALUES ('sel_01KRBV97Z79TXTZ8BQY7P0RV5Q', 'fuset_01KRBV97ZYZZR7M0HYCC9PENJV', 'link_01KRBV9801DT5FMSD7G3FXRSVW', '2026-05-11 15:42:53.952984+00', '2026-05-11 15:42:53.952984+00', NULL) ON CONFLICT DO NOTHING;
INSERT INTO public.seller_seller_fulfillment_fulfillment_set (seller_id, fulfillment_set_id, id, created_at, updated_at, deleted_at) VALUES ('sel_01KRBV981R74495CHFCASS4EDB', 'fuset_01KRBV9826K9P5382N0SWTTGC8', 'link_01KRBV98285WMM856RB4ZKFV3P', '2026-05-11 15:42:54.024495+00', '2026-05-11 15:42:54.024495+00', NULL) ON CONFLICT DO NOTHING;
INSERT INTO public.seller_seller_fulfillment_fulfillment_set (seller_id, fulfillment_set_id, id, created_at, updated_at, deleted_at) VALUES ('sel_01KRBV984QDDBVA34WW53ZYX73', 'fuset_01KRBV985PVRW0QBDNQ5Q1DNP8', 'link_01KRBV985VTDBQQD7V3408B598', '2026-05-11 15:42:54.138987+00', '2026-05-11 15:42:54.138987+00', NULL) ON CONFLICT DO NOTHING;
INSERT INTO public.seller_seller_fulfillment_fulfillment_set (seller_id, fulfillment_set_id, id, created_at, updated_at, deleted_at) VALUES ('sel_01KRBV987XZ1YJX5XB59VWF9Z6', 'fuset_01KRBV989RNFTS92173KZ0RY1A', 'link_01KRBV989XVVXWQXYK309VXFN3', '2026-05-11 15:42:54.26886+00', '2026-05-11 15:42:54.26886+00', NULL) ON CONFLICT DO NOTHING;
INSERT INTO public.seller_seller_fulfillment_fulfillment_set (seller_id, fulfillment_set_id, id, created_at, updated_at, deleted_at) VALUES ('sel_01KRBV98FWB8ZZ9Q4RQZRPFZQ4', 'fuset_01KRBV98GTR7Y1CRWGXDV8MM48', 'link_01KRBV98GXCJTEJWXFFV1DZCB4', '2026-05-11 15:42:54.493117+00', '2026-05-11 15:42:54.493117+00', NULL) ON CONFLICT DO NOTHING;
INSERT INTO public.seller_seller_fulfillment_fulfillment_set (seller_id, fulfillment_set_id, id, created_at, updated_at, deleted_at) VALUES ('sel_01KRBV98KRD09HVSD9FSVF4H5M', 'fuset_01KRBV98MECDJ1YR34AYF7Y4WX', 'link_01KRBV98MGAW9KMNH48JJGNPYG', '2026-05-11 15:42:54.60835+00', '2026-05-11 15:42:54.60835+00', NULL) ON CONFLICT DO NOTHING;
INSERT INTO public.seller_seller_fulfillment_fulfillment_set (seller_id, fulfillment_set_id, id, created_at, updated_at, deleted_at) VALUES ('sel_01KRBV98PE0Z481WK16YEFBFF5', 'fuset_01KRBV98PZMW9D9EP4JJ8GCTGJ', 'link_01KRBV98Q2YWP5FZYK6XK5JJXK', '2026-05-11 15:42:54.690157+00', '2026-05-11 15:42:54.690157+00', NULL) ON CONFLICT DO NOTHING;
INSERT INTO public.seller_seller_fulfillment_fulfillment_set (seller_id, fulfillment_set_id, id, created_at, updated_at, deleted_at) VALUES ('sel_01KRBV98RV1A0WTQBJ6C250TD3', 'fuset_01KRBV98SBK0PB8H5PNXY2Y9NA', 'link_01KRBV98SDC1S0TMYPM0D1PXX2', '2026-05-11 15:42:54.765404+00', '2026-05-11 15:42:54.765404+00', NULL) ON CONFLICT DO NOTHING;
INSERT INTO public.seller_seller_fulfillment_fulfillment_set (seller_id, fulfillment_set_id, id, created_at, updated_at, deleted_at) VALUES ('sel_01KRNSQ7MND00MXR9N9TAZAA3K', 'fuset_01KRNSQ7PWQJ398GDDHBPW8YXF', 'link_01KRNSQ7QD846WM3ZR4EKKHAC4', '2026-05-15 12:27:59.595976+00', '2026-05-15 12:27:59.595976+00', NULL) ON CONFLICT DO NOTHING;
INSERT INTO public.seller_seller_fulfillment_fulfillment_set (seller_id, fulfillment_set_id, id, created_at, updated_at, deleted_at) VALUES ('sel_01KRNSQ7ZS9HQFAQXRZJ2C5F8Z', 'fuset_01KRNSQ8152NXG484FFGC7RND0', 'link_01KRNSQ819C4T7TT87TTK4427M', '2026-05-15 12:27:59.912912+00', '2026-05-15 12:27:59.912912+00', NULL) ON CONFLICT DO NOTHING;
INSERT INTO public.seller_seller_fulfillment_fulfillment_set (seller_id, fulfillment_set_id, id, created_at, updated_at, deleted_at) VALUES ('sel_01KRNSQ89EAMK11QQ8WZ30MBZB', 'fuset_01KRNSQ8ARXBAWA0PY871096AM', 'link_01KRNSQ8B0WBVNVFHVADA80JB9', '2026-05-15 12:28:00.223818+00', '2026-05-15 12:28:00.223818+00', NULL) ON CONFLICT DO NOTHING;
INSERT INTO public.seller_seller_fulfillment_fulfillment_set (seller_id, fulfillment_set_id, id, created_at, updated_at, deleted_at) VALUES ('sel_01KRNSQ8P8TFW3YE7GRBFYZYFC', 'fuset_01KRNSQ8RV7GKQDS1SKRCAXFHG', 'link_01KRNSQ8S4T0H1E64XY99CYDW6', '2026-05-15 12:28:00.675528+00', '2026-05-15 12:28:00.675528+00', NULL) ON CONFLICT DO NOTHING;
INSERT INTO public.seller_seller_fulfillment_fulfillment_set (seller_id, fulfillment_set_id, id, created_at, updated_at, deleted_at) VALUES ('sel_01KRNSQ8Z7X9VENXWC8B86PB3J', 'fuset_01KRNSQ90AG3ZCT39QBJ25ATD1', 'link_01KRNSQ90D7MS87Q5NZ6T5X43C', '2026-05-15 12:28:00.908536+00', '2026-05-15 12:28:00.908536+00', NULL) ON CONFLICT DO NOTHING;
INSERT INTO public.seller_seller_fulfillment_fulfillment_set (seller_id, fulfillment_set_id, id, created_at, updated_at, deleted_at) VALUES ('sel_01KRNSQ934TWSRM5J5AKS01SEQ', 'fuset_01KRNSQ9460Q7ANZVYB3QXMGKZ', 'link_01KRNSQ94BJ5AFPQ68Q3GP6E1D', '2026-05-15 12:28:01.034752+00', '2026-05-15 12:28:01.034752+00', NULL) ON CONFLICT DO NOTHING;
INSERT INTO public.seller_seller_fulfillment_fulfillment_set (seller_id, fulfillment_set_id, id, created_at, updated_at, deleted_at) VALUES ('sel_01KRNSQ992EW1ZEF5QQAPT3S3E', 'fuset_01KRNSQ99YZZSD06ZK62GJCSJ3', 'link_01KRNSQ9A13694C1AR6QA5EGJ2', '2026-05-15 12:28:01.217194+00', '2026-05-15 12:28:01.217194+00', NULL) ON CONFLICT DO NOTHING;
INSERT INTO public.seller_seller_fulfillment_fulfillment_set (seller_id, fulfillment_set_id, id, created_at, updated_at, deleted_at) VALUES ('sel_01KRNSQ9BX51A7AEZR2G5WW72J', 'fuset_01KRNSQ9CFB1PMZJM8WW75DR8R', 'link_01KRNSQ9CJ8QJPVT3S44DZVWAM', '2026-05-15 12:28:01.297753+00', '2026-05-15 12:28:01.297753+00', NULL) ON CONFLICT DO NOTHING;
INSERT INTO public.seller_seller_fulfillment_fulfillment_set (seller_id, fulfillment_set_id, id, created_at, updated_at, deleted_at) VALUES ('sel_01KRNSQ9FAE2PMYB364WKT3DY6', 'fuset_01KRNSQ9G2WSQZDT0D906HZTWA', 'link_01KRNSQ9G57S3S3GTN0N83H13Q', '2026-05-15 12:28:01.412989+00', '2026-05-15 12:28:01.412989+00', NULL) ON CONFLICT DO NOTHING;
INSERT INTO public.seller_seller_fulfillment_fulfillment_set (seller_id, fulfillment_set_id, id, created_at, updated_at, deleted_at) VALUES ('sel_01KRNSQ9HZGE26YTSJS5ZND5E5', 'fuset_01KRNSQ9JRYXD4D946H5DWKQYC', 'link_01KRNSQ9JVFCJ7WWJZWVX0G7DV', '2026-05-15 12:28:01.4991+00', '2026-05-15 12:28:01.4991+00', NULL) ON CONFLICT DO NOTHING;
INSERT INTO public.seller_seller_fulfillment_fulfillment_set (seller_id, fulfillment_set_id, id, created_at, updated_at, deleted_at) VALUES ('sel_01KRNSQ9MQFV4FCKC44GXHG903', 'fuset_01KRNSQ9NDS34PKBTNFAEB4CPW', 'link_01KRNSQ9NGVZR4FZN7GGQ77A1D', '2026-05-15 12:28:01.583702+00', '2026-05-15 12:28:01.583702+00', NULL) ON CONFLICT DO NOTHING;
INSERT INTO public.seller_seller_fulfillment_fulfillment_set (seller_id, fulfillment_set_id, id, created_at, updated_at, deleted_at) VALUES ('sel_01KRNSQ9Q9RRMJC1M753YHJMC3', 'fuset_01KRNSQ9QZHKKMV06RK57HTPEF', 'link_01KRNSQ9R3YJDNRX4GD8T9AFBF', '2026-05-15 12:28:01.666591+00', '2026-05-15 12:28:01.666591+00', NULL) ON CONFLICT DO NOTHING;
INSERT INTO public.seller_seller_fulfillment_fulfillment_set (seller_id, fulfillment_set_id, id, created_at, updated_at, deleted_at) VALUES ('sel_01KRNSQ9SV1CTCGDVEHJFJR865', 'fuset_01KRNSQ9TFNHFW7MS6STZSC13H', 'link_01KRNSQ9TH4YZTDDFFHSS37PK7', '2026-05-15 12:28:01.74533+00', '2026-05-15 12:28:01.74533+00', NULL) ON CONFLICT DO NOTHING;
INSERT INTO public.seller_seller_fulfillment_fulfillment_set (seller_id, fulfillment_set_id, id, created_at, updated_at, deleted_at) VALUES ('sel_01KRNSQ9YTXH9W1TB6VY6TE3Q9', 'fuset_01KRNSQ9ZFP952E3MDAQ4WHMNM', 'link_01KRNSQ9ZHVV6KGERM1SXS8Y79', '2026-05-15 12:28:01.905165+00', '2026-05-15 12:28:01.905165+00', NULL) ON CONFLICT DO NOTHING;
INSERT INTO public.seller_seller_fulfillment_fulfillment_set (seller_id, fulfillment_set_id, id, created_at, updated_at, deleted_at) VALUES ('sel_01KRNSQA36KV63AKTNFBH4CXDR', 'fuset_01KRNSQA3X4K8D86X8XYMY062S', 'link_01KRNSQA41VC0AZ1SNRYVH4N11', '2026-05-15 12:28:02.048554+00', '2026-05-15 12:28:02.048554+00', NULL) ON CONFLICT DO NOTHING;
INSERT INTO public.seller_seller_fulfillment_fulfillment_set (seller_id, fulfillment_set_id, id, created_at, updated_at, deleted_at) VALUES ('sel_01KRNSQA5YE6QGZ6R3FZEA13K7', 'fuset_01KRNSQA6K7TMSR7MJDEZYMQ0A', 'link_01KRNSQA6PYV9XGMBTFKHWX228', '2026-05-15 12:28:02.13363+00', '2026-05-15 12:28:02.13363+00', NULL) ON CONFLICT DO NOTHING;
INSERT INTO public.seller_seller_fulfillment_fulfillment_set (seller_id, fulfillment_set_id, id, created_at, updated_at, deleted_at) VALUES ('sel_01KRNSQA8GSREJ8H4AA9NSGKSJ', 'fuset_01KRNSQA9CFSME71YZRQ0YHZQA', 'link_01KRNSQA9F21W1KCG8NSTQM2MQ', '2026-05-15 12:28:02.222758+00', '2026-05-15 12:28:02.222758+00', NULL) ON CONFLICT DO NOTHING;
INSERT INTO public.seller_seller_fulfillment_fulfillment_set (seller_id, fulfillment_set_id, id, created_at, updated_at, deleted_at) VALUES ('sel_01KRNSQABBPX4MHZYF9CQBAJ2J', 'fuset_01KRNSQAC0YP42SGHEDMWDK0GN', 'link_01KRNSQAC3Z0518PKQH4FHFQHT', '2026-05-15 12:28:02.307394+00', '2026-05-15 12:28:02.307394+00', NULL) ON CONFLICT DO NOTHING;
INSERT INTO public.seller_seller_fulfillment_fulfillment_set (seller_id, fulfillment_set_id, id, created_at, updated_at, deleted_at) VALUES ('sel_01KRNSQAEDE00FEXRA46ZB9K46', 'fuset_01KRNSQAF6QM49X9WTNH0NWBWT', 'link_01KRNSQAF95B25Z2ZXJFRYME8F', '2026-05-15 12:28:02.40899+00', '2026-05-15 12:28:02.40899+00', NULL) ON CONFLICT DO NOTHING;
INSERT INTO public.seller_seller_fulfillment_fulfillment_set (seller_id, fulfillment_set_id, id, created_at, updated_at, deleted_at) VALUES ('sel_01KRNSQAH2RCD5Z8XABC5ZF05J', 'fuset_01KRNSQAHSNVS3VNTKVYERG397', 'link_01KRNSQAHW4A3PFVZ39FWE05QC', '2026-05-15 12:28:02.492367+00', '2026-05-15 12:28:02.492367+00', NULL) ON CONFLICT DO NOTHING;
INSERT INTO public.seller_seller_fulfillment_fulfillment_set (seller_id, fulfillment_set_id, id, created_at, updated_at, deleted_at) VALUES ('sel_01KRNSQAPGYJMTSHWPBRKBSDP9', 'fuset_01KRNSQAQ421T1N2XHTPTTWNSP', 'link_01KRNSQAQ75CR9JWKQAQ6WKG5R', '2026-05-15 12:28:02.663005+00', '2026-05-15 12:28:02.663005+00', NULL) ON CONFLICT DO NOTHING;
INSERT INTO public.seller_seller_fulfillment_fulfillment_set (seller_id, fulfillment_set_id, id, created_at, updated_at, deleted_at) VALUES ('sel_01KRNSQAS1K75HA5ZDYCY72HTR', 'fuset_01KRNSQASP99393JPQ2EV42XQ6', 'link_01KRNSQASSF8AG948T1W01QG5C', '2026-05-15 12:28:02.745215+00', '2026-05-15 12:28:02.745215+00', NULL) ON CONFLICT DO NOTHING;
INSERT INTO public.seller_seller_fulfillment_fulfillment_set (seller_id, fulfillment_set_id, id, created_at, updated_at, deleted_at) VALUES ('sel_01KRNSQAXSJYEE618G1MJAV2Y7', 'fuset_01KRNSQAYGFEYBS1HSAM1AQ4KW', 'link_01KRNSQAYKE0QZ63S12SC866R5', '2026-05-15 12:28:02.899152+00', '2026-05-15 12:28:02.899152+00', NULL) ON CONFLICT DO NOTHING;
INSERT INTO public.seller_seller_fulfillment_fulfillment_set (seller_id, fulfillment_set_id, id, created_at, updated_at, deleted_at) VALUES ('sel_01KRNSQB0GP6KXG3KTYEZNT96X', 'fuset_01KRNSQB17499NJDHWBECQESKB', 'link_01KRNSQB1AZRW7P73D6Q90GN3T', '2026-05-15 12:28:02.985826+00', '2026-05-15 12:28:02.985826+00', NULL) ON CONFLICT DO NOTHING;
INSERT INTO public.seller_seller_fulfillment_fulfillment_set (seller_id, fulfillment_set_id, id, created_at, updated_at, deleted_at) VALUES ('sel_01KRNSQB33N41XA4MEY4DP8JPR', 'fuset_01KRNSQB3W5A6VQEKC65YBKBAM', 'link_01KRNSQB3ZYN85X4KGVAK218M8', '2026-05-15 12:28:03.070921+00', '2026-05-15 12:28:03.070921+00', NULL) ON CONFLICT DO NOTHING;
INSERT INTO public.seller_seller_fulfillment_fulfillment_set (seller_id, fulfillment_set_id, id, created_at, updated_at, deleted_at) VALUES ('sel_01KRNSQB5S6EZCREKT4XZ80PEX', 'fuset_01KRNSQB6GQN1PCBGX2S58NR18', 'link_01KRNSQB6KY49W3QR2ZWCJY2RM', '2026-05-15 12:28:03.154845+00', '2026-05-15 12:28:03.154845+00', NULL) ON CONFLICT DO NOTHING;
INSERT INTO public.seller_seller_fulfillment_fulfillment_set (seller_id, fulfillment_set_id, id, created_at, updated_at, deleted_at) VALUES ('sel_01KRNSQB8E9JM8CSQZ64JXHKRA', 'fuset_01KRNSQB93CWA2J67GXWAHR5NK', 'link_01KRNSQB951PCH9BBZJ5RNK8ZN', '2026-05-15 12:28:03.237368+00', '2026-05-15 12:28:03.237368+00', NULL) ON CONFLICT DO NOTHING;
INSERT INTO public.seller_seller_fulfillment_fulfillment_set (seller_id, fulfillment_set_id, id, created_at, updated_at, deleted_at) VALUES ('sel_01KRNSQBB01V4XF55AAQ29NAPE', 'fuset_01KRNSQBBP8C3YC0Z4F92N2Y57', 'link_01KRNSQBBSXD0PGENXKXCHHTWC', '2026-05-15 12:28:03.32081+00', '2026-05-15 12:28:03.32081+00', NULL) ON CONFLICT DO NOTHING;
INSERT INTO public.seller_seller_fulfillment_fulfillment_set (seller_id, fulfillment_set_id, id, created_at, updated_at, deleted_at) VALUES ('sel_01KRNSQBJWP0WV8PQ9HEETP6EC', 'fuset_01KRNSQBKF28QD64DDQD8VK8RJ', 'link_01KRNSQBKJKNSVAB8G9W4JSQEF', '2026-05-15 12:28:03.569862+00', '2026-05-15 12:28:03.569862+00', NULL) ON CONFLICT DO NOTHING;


ALTER TABLE public.seller_seller_fulfillment_fulfillment_set ENABLE TRIGGER ALL;

--
-- Data for Name: seller_seller_fulfillment_service_zone; Type: TABLE DATA; Schema: public; Owner: -
--

ALTER TABLE public.seller_seller_fulfillment_service_zone DISABLE TRIGGER ALL;

INSERT INTO public.seller_seller_fulfillment_service_zone (seller_id, service_zone_id, id, created_at, updated_at, deleted_at) VALUES ('sel_01KRBB56FJ49R1F4A5TA2A6XWN', 'serzo_01KRBB56K1B67SH0R5A3C49MN5', 'link_01KRBB56KQENCEQC5E0K9P6N1B', '2026-05-11 11:01:04.24733+00', '2026-05-11 11:01:04.24733+00', NULL) ON CONFLICT DO NOTHING;


ALTER TABLE public.seller_seller_fulfillment_service_zone ENABLE TRIGGER ALL;

--
-- Data for Name: seller_seller_fulfillment_shipping_option; Type: TABLE DATA; Schema: public; Owner: -
--

ALTER TABLE public.seller_seller_fulfillment_shipping_option DISABLE TRIGGER ALL;

INSERT INTO public.seller_seller_fulfillment_shipping_option (seller_id, shipping_option_id, id, created_at, updated_at, deleted_at) VALUES ('sel_01KRBB56FJ49R1F4A5TA2A6XWN', 'so_01KRBB56MJP82T9HZQFC3XTV7M', 'link_01KRBB56NGW0G87SA2FGC5WMVA', '2026-05-11 11:01:04.304537+00', '2026-05-11 11:01:04.304537+00', NULL) ON CONFLICT DO NOTHING;


ALTER TABLE public.seller_seller_fulfillment_shipping_option ENABLE TRIGGER ALL;

--
-- Data for Name: seller_seller_fulfillment_shipping_profile; Type: TABLE DATA; Schema: public; Owner: -
--

ALTER TABLE public.seller_seller_fulfillment_shipping_profile DISABLE TRIGGER ALL;

INSERT INTO public.seller_seller_fulfillment_shipping_profile (seller_id, shipping_profile_id, id, created_at, updated_at, deleted_at) VALUES ('sel_01KRBB56FJ49R1F4A5TA2A6XWN', 'sp_01KRBB56GKE2MP1ANX3VN6DVY4', 'link_01KRBB56H1AF1GH4ZN2WYW13JX', '2026-05-11 11:01:04.16084+00', '2026-05-11 11:01:04.16084+00', NULL) ON CONFLICT DO NOTHING;
INSERT INTO public.seller_seller_fulfillment_shipping_profile (seller_id, shipping_profile_id, id, created_at, updated_at, deleted_at) VALUES ('sel_01KRBV95A9Q2X0ACYX9HKRBVPX', 'sp_01KRBV95B02S2G3Y4QZX4K88CW', 'link_01KRBV95B7TEYCMYHGA6TDEA8N', '2026-05-11 15:42:51.23978+00', '2026-05-11 15:42:51.23978+00', NULL) ON CONFLICT DO NOTHING;
INSERT INTO public.seller_seller_fulfillment_shipping_profile (seller_id, shipping_profile_id, id, created_at, updated_at, deleted_at) VALUES ('sel_01KRBV95QPXJ83VFR9MRG0KPSB', 'sp_01KRBV95R0DKB3PD2G2D97RP69', 'link_01KRBV95R3QV39YP84AVJFYR15', '2026-05-11 15:42:51.651788+00', '2026-05-11 15:42:51.651788+00', NULL) ON CONFLICT DO NOTHING;
INSERT INTO public.seller_seller_fulfillment_shipping_profile (seller_id, shipping_profile_id, id, created_at, updated_at, deleted_at) VALUES ('sel_01KRBV95TW0N6KFM5S5Q6ZMAVM', 'sp_01KRBV95V4P6GZQE6N41KS0AWX', 'link_01KRBV95V6M5H2H03X2A04T1H5', '2026-05-11 15:42:51.750156+00', '2026-05-11 15:42:51.750156+00', NULL) ON CONFLICT DO NOTHING;
INSERT INTO public.seller_seller_fulfillment_shipping_profile (seller_id, shipping_profile_id, id, created_at, updated_at, deleted_at) VALUES ('sel_01KRBV960KR8XTEZFB9M92XZ0H', 'sp_01KRBV960TZ3XHRVEFX0930BHN', 'link_01KRBV960WDW52TKA8EEWA6243', '2026-05-11 15:42:51.932365+00', '2026-05-11 15:42:51.932365+00', NULL) ON CONFLICT DO NOTHING;
INSERT INTO public.seller_seller_fulfillment_shipping_profile (seller_id, shipping_profile_id, id, created_at, updated_at, deleted_at) VALUES ('sel_01KRBV963RTH9H5DP84380HF8B', 'sp_01KRBV96410SXSZNCHT1T3WQ4R', 'link_01KRBV96442AS344SA6HNBQY5V', '2026-05-11 15:42:52.035045+00', '2026-05-11 15:42:52.035045+00', NULL) ON CONFLICT DO NOTHING;
INSERT INTO public.seller_seller_fulfillment_shipping_profile (seller_id, shipping_profile_id, id, created_at, updated_at, deleted_at) VALUES ('sel_01KRBV969AHH2TV5MQYVSA4V24', 'sp_01KRBV969GNJDVGV8E4A6W9BEH', 'link_01KRBV969JZ7P8S1TECSBSQ8AM', '2026-05-11 15:42:52.210296+00', '2026-05-11 15:42:52.210296+00', NULL) ON CONFLICT DO NOTHING;
INSERT INTO public.seller_seller_fulfillment_shipping_profile (seller_id, shipping_profile_id, id, created_at, updated_at, deleted_at) VALUES ('sel_01KRBV96BQ6SKR16REJ08VQVER', 'sp_01KRBV96BZR87JDRKKJZDG1Z09', 'link_01KRBV96C1EQDSYD4R9S0FG23G', '2026-05-11 15:42:52.289087+00', '2026-05-11 15:42:52.289087+00', NULL) ON CONFLICT DO NOTHING;
INSERT INTO public.seller_seller_fulfillment_shipping_profile (seller_id, shipping_profile_id, id, created_at, updated_at, deleted_at) VALUES ('sel_01KRBV96E7SVTCT38CZXQ4NANB', 'sp_01KRBV96EDYYGRSDFR5GV9MJ9P', 'link_01KRBV96EEBD8ZH91KR3789EW7', '2026-05-11 15:42:52.366853+00', '2026-05-11 15:42:52.366853+00', NULL) ON CONFLICT DO NOTHING;
INSERT INTO public.seller_seller_fulfillment_shipping_profile (seller_id, shipping_profile_id, id, created_at, updated_at, deleted_at) VALUES ('sel_01KRBV96GNRD1YD5BPQ9W95ERH', 'sp_01KRBV96GVH995XFR230F4PNE8', 'link_01KRBV96GX3EXGSE7PZ42PPQ02', '2026-05-11 15:42:52.445014+00', '2026-05-11 15:42:52.445014+00', NULL) ON CONFLICT DO NOTHING;
INSERT INTO public.seller_seller_fulfillment_shipping_profile (seller_id, shipping_profile_id, id, created_at, updated_at, deleted_at) VALUES ('sel_01KRBV96KFTPXG8RG7TWB13YQK', 'sp_01KRBV96KNYEYDCC1ABGNQ48AQ', 'link_01KRBV96KPJK8SFXSD7ABCFRH8', '2026-05-11 15:42:52.534745+00', '2026-05-11 15:42:52.534745+00', NULL) ON CONFLICT DO NOTHING;
INSERT INTO public.seller_seller_fulfillment_shipping_profile (seller_id, shipping_profile_id, id, created_at, updated_at, deleted_at) VALUES ('sel_01KRBV96PMTCXWRTDX7THG8BE6', 'sp_01KRBV96PX5DRDCS189VKZAZ1E', 'link_01KRBV96PZZT0F8S4B0J0RN7RN', '2026-05-11 15:42:52.639572+00', '2026-05-11 15:42:52.639572+00', NULL) ON CONFLICT DO NOTHING;
INSERT INTO public.seller_seller_fulfillment_shipping_profile (seller_id, shipping_profile_id, id, created_at, updated_at, deleted_at) VALUES ('sel_01KRBV96SHNKQMV9E23P61440X', 'sp_01KRBV96SZEX301DHMRDEC7BMV', 'link_01KRBV96T1Z53JBPFNFPH738YN', '2026-05-11 15:42:52.737197+00', '2026-05-11 15:42:52.737197+00', NULL) ON CONFLICT DO NOTHING;
INSERT INTO public.seller_seller_fulfillment_shipping_profile (seller_id, shipping_profile_id, id, created_at, updated_at, deleted_at) VALUES ('sel_01KRBV96W7BQSB9J5A2ZAWZ9E2', 'sp_01KRBV96WE388F2XW3CSWM2PR9', 'link_01KRBV96WG314YNQQ7Q4J5S0TJ', '2026-05-11 15:42:52.816275+00', '2026-05-11 15:42:52.816275+00', NULL) ON CONFLICT DO NOTHING;
INSERT INTO public.seller_seller_fulfillment_shipping_profile (seller_id, shipping_profile_id, id, created_at, updated_at, deleted_at) VALUES ('sel_01KRBV96YT6VAFFAQNNN39ZMDR', 'sp_01KRBV96Z0YHZK926MQGWFXR73', 'link_01KRBV96Z2M82ED7Q3B5Q3TPNJ', '2026-05-11 15:42:52.898301+00', '2026-05-11 15:42:52.898301+00', NULL) ON CONFLICT DO NOTHING;
INSERT INTO public.seller_seller_fulfillment_shipping_profile (seller_id, shipping_profile_id, id, created_at, updated_at, deleted_at) VALUES ('sel_01KRBV972VH6GEX5KERF3RBMJR', 'sp_01KRBV9731JXPS2ER97JQHZ11G', 'link_01KRBV9733148V9KQSYWH0QEZ4', '2026-05-11 15:42:53.027114+00', '2026-05-11 15:42:53.027114+00', NULL) ON CONFLICT DO NOTHING;
INSERT INTO public.seller_seller_fulfillment_shipping_profile (seller_id, shipping_profile_id, id, created_at, updated_at, deleted_at) VALUES ('sel_01KRBV9756XSYE51TZNYPHC0TM', 'sp_01KRBV975HAK6VQQVR8XFY5BX3', 'link_01KRBV975K28RYWX4K8WD7WB32', '2026-05-11 15:42:53.107784+00', '2026-05-11 15:42:53.107784+00', NULL) ON CONFLICT DO NOTHING;
INSERT INTO public.seller_seller_fulfillment_shipping_profile (seller_id, shipping_profile_id, id, created_at, updated_at, deleted_at) VALUES ('sel_01KRBV977T8SXKWFNSBKFJZW8X', 'sp_01KRBV9780D3A912F1QAREH103', 'link_01KRBV97834PBA0AZN8HZA5Z5Y', '2026-05-11 15:42:53.186331+00', '2026-05-11 15:42:53.186331+00', NULL) ON CONFLICT DO NOTHING;
INSERT INTO public.seller_seller_fulfillment_shipping_profile (seller_id, shipping_profile_id, id, created_at, updated_at, deleted_at) VALUES ('sel_01KRBV97A9FM9PV6ZSZ5F4P436', 'sp_01KRBV97AFQZQ70HNKN0ZMWPZP', 'link_01KRBV97AH8K1QD3N54YW1P3Z4', '2026-05-11 15:42:53.265285+00', '2026-05-11 15:42:53.265285+00', NULL) ON CONFLICT DO NOTHING;
INSERT INTO public.seller_seller_fulfillment_shipping_profile (seller_id, shipping_profile_id, id, created_at, updated_at, deleted_at) VALUES ('sel_01KRBV97DX8H3WNA91RQYXXW3V', 'sp_01KRBV97E7A8MENVNMNGHZ2TJH', 'link_01KRBV97EANGZEEFNNQG4QXG0X', '2026-05-11 15:42:53.385927+00', '2026-05-11 15:42:53.385927+00', NULL) ON CONFLICT DO NOTHING;
INSERT INTO public.seller_seller_fulfillment_shipping_profile (seller_id, shipping_profile_id, id, created_at, updated_at, deleted_at) VALUES ('sel_01KRBV97MD5AXVMGCTHXVG6FQJ', 'sp_01KRBV97MKX9KS8M2EQJM1JS88', 'link_01KRBV97MNYCD2PPR3841FP8KK', '2026-05-11 15:42:53.589072+00', '2026-05-11 15:42:53.589072+00', NULL) ON CONFLICT DO NOTHING;
INSERT INTO public.seller_seller_fulfillment_shipping_profile (seller_id, shipping_profile_id, id, created_at, updated_at, deleted_at) VALUES ('sel_01KRBV97RKZ7G7J9038H5RXX5M', 'sp_01KRBV97RS14WZJR7SM7F6HTBK', 'link_01KRBV97RT2NFQ2RAJTKDT37W4', '2026-05-11 15:42:53.722484+00', '2026-05-11 15:42:53.722484+00', NULL) ON CONFLICT DO NOTHING;
INSERT INTO public.seller_seller_fulfillment_shipping_profile (seller_id, shipping_profile_id, id, created_at, updated_at, deleted_at) VALUES ('sel_01KRBV97Z79TXTZ8BQY7P0RV5Q', 'sp_01KRBV97ZF8Y66CSJPVQDYPZ10', 'link_01KRBV97ZH2FNMKXJ5MYGT5H5D', '2026-05-11 15:42:53.937303+00', '2026-05-11 15:42:53.937303+00', NULL) ON CONFLICT DO NOTHING;
INSERT INTO public.seller_seller_fulfillment_shipping_profile (seller_id, shipping_profile_id, id, created_at, updated_at, deleted_at) VALUES ('sel_01KRBV981R74495CHFCASS4EDB', 'sp_01KRBV981Y9YXKYZQKQSFS7FZT', 'link_01KRBV981ZP9CTH6F9YGG6HB60', '2026-05-11 15:42:54.015853+00', '2026-05-11 15:42:54.015853+00', NULL) ON CONFLICT DO NOTHING;
INSERT INTO public.seller_seller_fulfillment_shipping_profile (seller_id, shipping_profile_id, id, created_at, updated_at, deleted_at) VALUES ('sel_01KRBV984QDDBVA34WW53ZYX73', 'sp_01KRBV9857XAD90ZX29RW3XHJY', 'link_01KRBV985C8QDSYN32C00J6B45', '2026-05-11 15:42:54.123951+00', '2026-05-11 15:42:54.123951+00', NULL) ON CONFLICT DO NOTHING;
INSERT INTO public.seller_seller_fulfillment_shipping_profile (seller_id, shipping_profile_id, id, created_at, updated_at, deleted_at) VALUES ('sel_01KRBV987XZ1YJX5XB59VWF9Z6', 'sp_01KRBV988R5DDKKY4MC6YXX1SZ', 'link_01KRBV988XSRGR3YSZD1RXNV77', '2026-05-11 15:42:54.237471+00', '2026-05-11 15:42:54.237471+00', NULL) ON CONFLICT DO NOTHING;
INSERT INTO public.seller_seller_fulfillment_shipping_profile (seller_id, shipping_profile_id, id, created_at, updated_at, deleted_at) VALUES ('sel_01KRBV98FWB8ZZ9Q4RQZRPFZQ4', 'sp_01KRBV98G9MH61QYN15MD98097', 'link_01KRBV98GDRDCVC1QZC3ZD6714', '2026-05-11 15:42:54.477039+00', '2026-05-11 15:42:54.477039+00', NULL) ON CONFLICT DO NOTHING;
INSERT INTO public.seller_seller_fulfillment_shipping_profile (seller_id, shipping_profile_id, id, created_at, updated_at, deleted_at) VALUES ('sel_01KRBV98KRD09HVSD9FSVF4H5M', 'sp_01KRBV98M055XPYZ794MNAD506', 'link_01KRBV98M2BSCQCMSHJDMHD502', '2026-05-11 15:42:54.594468+00', '2026-05-11 15:42:54.594468+00', NULL) ON CONFLICT DO NOTHING;
INSERT INTO public.seller_seller_fulfillment_shipping_profile (seller_id, shipping_profile_id, id, created_at, updated_at, deleted_at) VALUES ('sel_01KRBV98PE0Z481WK16YEFBFF5', 'sp_01KRBV98PNMHP880B79C4BWV14', 'link_01KRBV98PQ74A3XBVB06JACNWA', '2026-05-11 15:42:54.678977+00', '2026-05-11 15:42:54.678977+00', NULL) ON CONFLICT DO NOTHING;
INSERT INTO public.seller_seller_fulfillment_shipping_profile (seller_id, shipping_profile_id, id, created_at, updated_at, deleted_at) VALUES ('sel_01KRBV98RV1A0WTQBJ6C250TD3', 'sp_01KRBV98S1JTHVYZQ6R5QY70KV', 'link_01KRBV98S2DPA8DERNHXX193JA', '2026-05-11 15:42:54.754822+00', '2026-05-11 15:42:54.754822+00', NULL) ON CONFLICT DO NOTHING;
INSERT INTO public.seller_seller_fulfillment_shipping_profile (seller_id, shipping_profile_id, id, created_at, updated_at, deleted_at) VALUES ('sel_01KRNSQ7MND00MXR9N9TAZAA3K', 'sp_01KRNSQ7NHSTBB0QRMA8KDNMCS', 'link_01KRNSQ7NT4304EVAYKS3B1FDZ', '2026-05-15 12:27:59.545903+00', '2026-05-15 12:27:59.545903+00', NULL) ON CONFLICT DO NOTHING;
INSERT INTO public.seller_seller_fulfillment_shipping_profile (seller_id, shipping_profile_id, id, created_at, updated_at, deleted_at) VALUES ('sel_01KRNSQ7ZS9HQFAQXRZJ2C5F8Z', 'sp_01KRNSQ80683RSJ64X26NHP2Q9', 'link_01KRNSQ808E64M0Y7ZC5F3CB7G', '2026-05-15 12:27:59.880569+00', '2026-05-15 12:27:59.880569+00', NULL) ON CONFLICT DO NOTHING;
INSERT INTO public.seller_seller_fulfillment_shipping_profile (seller_id, shipping_profile_id, id, created_at, updated_at, deleted_at) VALUES ('sel_01KRNSQ89EAMK11QQ8WZ30MBZB', 'sp_01KRNSQ8A0881ZA1SHSFXV6NV8', 'link_01KRNSQ8A4MQN9XBJJD8CHJXE3', '2026-05-15 12:28:00.19635+00', '2026-05-15 12:28:00.19635+00', NULL) ON CONFLICT DO NOTHING;
INSERT INTO public.seller_seller_fulfillment_shipping_profile (seller_id, shipping_profile_id, id, created_at, updated_at, deleted_at) VALUES ('sel_01KRNSQ8P8TFW3YE7GRBFYZYFC', 'sp_01KRNSQ8QB7EH2GGN2021F6BKT', 'link_01KRNSQ8QK72TB5G517R5TRVSZ', '2026-05-15 12:28:00.625777+00', '2026-05-15 12:28:00.625777+00', NULL) ON CONFLICT DO NOTHING;
INSERT INTO public.seller_seller_fulfillment_shipping_profile (seller_id, shipping_profile_id, id, created_at, updated_at, deleted_at) VALUES ('sel_01KRNSQ8Z7X9VENXWC8B86PB3J', 'sp_01KRNSQ8ZJ16M9GGDNK6TVK497', 'link_01KRNSQ8ZNE51JAHSHWHSGMGC1', '2026-05-15 12:28:00.885291+00', '2026-05-15 12:28:00.885291+00', NULL) ON CONFLICT DO NOTHING;
INSERT INTO public.seller_seller_fulfillment_shipping_profile (seller_id, shipping_profile_id, id, created_at, updated_at, deleted_at) VALUES ('sel_01KRNSQ934TWSRM5J5AKS01SEQ', 'sp_01KRNSQ93CQSCNK95V3XFA2PKH', 'link_01KRNSQ93E712J31N84G50ZVQ2', '2026-05-15 12:28:01.006137+00', '2026-05-15 12:28:01.006137+00', NULL) ON CONFLICT DO NOTHING;
INSERT INTO public.seller_seller_fulfillment_shipping_profile (seller_id, shipping_profile_id, id, created_at, updated_at, deleted_at) VALUES ('sel_01KRNSQ992EW1ZEF5QQAPT3S3E', 'sp_01KRNSQ99DW05JB4AT8QXF37XJ', 'link_01KRNSQ99HQ9D0HRSW78QHQNAA', '2026-05-15 12:28:01.200645+00', '2026-05-15 12:28:01.200645+00', NULL) ON CONFLICT DO NOTHING;
INSERT INTO public.seller_seller_fulfillment_shipping_profile (seller_id, shipping_profile_id, id, created_at, updated_at, deleted_at) VALUES ('sel_01KRNSQ9BX51A7AEZR2G5WW72J', 'sp_01KRNSQ9C3MG5D1HFB6E5MQQ4Q', 'link_01KRNSQ9C47QWBRAK8ED431B51', '2026-05-15 12:28:01.284765+00', '2026-05-15 12:28:01.284765+00', NULL) ON CONFLICT DO NOTHING;
INSERT INTO public.seller_seller_fulfillment_shipping_profile (seller_id, shipping_profile_id, id, created_at, updated_at, deleted_at) VALUES ('sel_01KRNSQ9FAE2PMYB364WKT3DY6', 'sp_01KRNSQ9FKDCFVBTMXGDPBVXVX', 'link_01KRNSQ9FP7EETZRQGV1WFPGG2', '2026-05-15 12:28:01.398073+00', '2026-05-15 12:28:01.398073+00', NULL) ON CONFLICT DO NOTHING;
INSERT INTO public.seller_seller_fulfillment_shipping_profile (seller_id, shipping_profile_id, id, created_at, updated_at, deleted_at) VALUES ('sel_01KRNSQ9HZGE26YTSJS5ZND5E5', 'sp_01KRNSQ9J6S4GA0RJVMPYT66AP', 'link_01KRNSQ9J77DQ7B693A1R5V81K', '2026-05-15 12:28:01.479573+00', '2026-05-15 12:28:01.479573+00', NULL) ON CONFLICT DO NOTHING;
INSERT INTO public.seller_seller_fulfillment_shipping_profile (seller_id, shipping_profile_id, id, created_at, updated_at, deleted_at) VALUES ('sel_01KRNSQ9MQFV4FCKC44GXHG903', 'sp_01KRNSQ9N1EQ6A52ENYZEF03YQ', 'link_01KRNSQ9N2796EKMS9T2N0SRGH', '2026-05-15 12:28:01.570774+00', '2026-05-15 12:28:01.570774+00', NULL) ON CONFLICT DO NOTHING;
INSERT INTO public.seller_seller_fulfillment_shipping_profile (seller_id, shipping_profile_id, id, created_at, updated_at, deleted_at) VALUES ('sel_01KRNSQ9Q9RRMJC1M753YHJMC3', 'sp_01KRNSQ9QGNGYWR7J7QW9BVJ2R', 'link_01KRNSQ9QHZ6FS8W9Q0PCR1C5N', '2026-05-15 12:28:01.649773+00', '2026-05-15 12:28:01.649773+00', NULL) ON CONFLICT DO NOTHING;
INSERT INTO public.seller_seller_fulfillment_shipping_profile (seller_id, shipping_profile_id, id, created_at, updated_at, deleted_at) VALUES ('sel_01KRNSQ9SV1CTCGDVEHJFJR865', 'sp_01KRNSQ9T1CBG22S4ZARH32T6Z', 'link_01KRNSQ9T39GHV8J3XX9NNFS82', '2026-05-15 12:28:01.731304+00', '2026-05-15 12:28:01.731304+00', NULL) ON CONFLICT DO NOTHING;
INSERT INTO public.seller_seller_fulfillment_shipping_profile (seller_id, shipping_profile_id, id, created_at, updated_at, deleted_at) VALUES ('sel_01KRNSQ9YTXH9W1TB6VY6TE3Q9', 'sp_01KRNSQ9Z282944K473D3YES0N', 'link_01KRNSQ9Z3EKSS5DTPW5RWDRKY', '2026-05-15 12:28:01.891667+00', '2026-05-15 12:28:01.891667+00', NULL) ON CONFLICT DO NOTHING;
INSERT INTO public.seller_seller_fulfillment_shipping_profile (seller_id, shipping_profile_id, id, created_at, updated_at, deleted_at) VALUES ('sel_01KRNSQA36KV63AKTNFBH4CXDR', 'sp_01KRNSQA3E4TM1XVJGFQ0T1DKW', 'link_01KRNSQA3G3V54VXDKC7RYN19B', '2026-05-15 12:28:02.03184+00', '2026-05-15 12:28:02.03184+00', NULL) ON CONFLICT DO NOTHING;
INSERT INTO public.seller_seller_fulfillment_shipping_profile (seller_id, shipping_profile_id, id, created_at, updated_at, deleted_at) VALUES ('sel_01KRNSQA5YE6QGZ6R3FZEA13K7', 'sp_01KRNSQA65PEZQV8ES5GPG5N7S', 'link_01KRNSQA67AQAGG9ND35GZH9G2', '2026-05-15 12:28:02.119009+00', '2026-05-15 12:28:02.119009+00', NULL) ON CONFLICT DO NOTHING;
INSERT INTO public.seller_seller_fulfillment_shipping_profile (seller_id, shipping_profile_id, id, created_at, updated_at, deleted_at) VALUES ('sel_01KRNSQA8GSREJ8H4AA9NSGKSJ', 'sp_01KRNSQA8RRCXESY7EQ2CF3D24', 'link_01KRNSQA8T0PH1X58XJ45SKXDQ', '2026-05-15 12:28:02.202277+00', '2026-05-15 12:28:02.202277+00', NULL) ON CONFLICT DO NOTHING;
INSERT INTO public.seller_seller_fulfillment_shipping_profile (seller_id, shipping_profile_id, id, created_at, updated_at, deleted_at) VALUES ('sel_01KRNSQABBPX4MHZYF9CQBAJ2J', 'sp_01KRNSQABJ8K40GSZCRFZR0CT7', 'link_01KRNSQABMQTK6D3TWYFVEF08R', '2026-05-15 12:28:02.292739+00', '2026-05-15 12:28:02.292739+00', NULL) ON CONFLICT DO NOTHING;
INSERT INTO public.seller_seller_fulfillment_shipping_profile (seller_id, shipping_profile_id, id, created_at, updated_at, deleted_at) VALUES ('sel_01KRNSQAEDE00FEXRA46ZB9K46', 'sp_01KRNSQAEP53BZNQ9297KPVMHH', 'link_01KRNSQAER48ST1CJ2FKQ3MJEC', '2026-05-15 12:28:02.392102+00', '2026-05-15 12:28:02.392102+00', NULL) ON CONFLICT DO NOTHING;
INSERT INTO public.seller_seller_fulfillment_shipping_profile (seller_id, shipping_profile_id, id, created_at, updated_at, deleted_at) VALUES ('sel_01KRNSQAH2RCD5Z8XABC5ZF05J', 'sp_01KRNSQAHA0CC1PMT3S542BG82', 'link_01KRNSQAHC0MF23FEZVEJAYQE0', '2026-05-15 12:28:02.476282+00', '2026-05-15 12:28:02.476282+00', NULL) ON CONFLICT DO NOTHING;
INSERT INTO public.seller_seller_fulfillment_shipping_profile (seller_id, shipping_profile_id, id, created_at, updated_at, deleted_at) VALUES ('sel_01KRNSQAPGYJMTSHWPBRKBSDP9', 'sp_01KRNSQAPRT2Z3DY9A7ZN0J6N7', 'link_01KRNSQAPT57ZWXYNTXAT81QRX', '2026-05-15 12:28:02.650573+00', '2026-05-15 12:28:02.650573+00', NULL) ON CONFLICT DO NOTHING;
INSERT INTO public.seller_seller_fulfillment_shipping_profile (seller_id, shipping_profile_id, id, created_at, updated_at, deleted_at) VALUES ('sel_01KRNSQAS1K75HA5ZDYCY72HTR', 'sp_01KRNSQAS8A94W7EJV2CMW2DFJ', 'link_01KRNSQAS9Z7T2N2W0YHYTHF1K', '2026-05-15 12:28:02.729678+00', '2026-05-15 12:28:02.729678+00', NULL) ON CONFLICT DO NOTHING;
INSERT INTO public.seller_seller_fulfillment_shipping_profile (seller_id, shipping_profile_id, id, created_at, updated_at, deleted_at) VALUES ('sel_01KRNSQAXSJYEE618G1MJAV2Y7', 'sp_01KRNSQAXZ5XMN2146RPEHMDNG', 'link_01KRNSQAY14EBWHGV7G6QAC0Q7', '2026-05-15 12:28:02.881515+00', '2026-05-15 12:28:02.881515+00', NULL) ON CONFLICT DO NOTHING;
INSERT INTO public.seller_seller_fulfillment_shipping_profile (seller_id, shipping_profile_id, id, created_at, updated_at, deleted_at) VALUES ('sel_01KRNSQB0GP6KXG3KTYEZNT96X', 'sp_01KRNSQB0P6S0P2TSN0DPQR4PY', 'link_01KRNSQB0R910DJ3EE2D835C4A', '2026-05-15 12:28:02.968441+00', '2026-05-15 12:28:02.968441+00', NULL) ON CONFLICT DO NOTHING;
INSERT INTO public.seller_seller_fulfillment_shipping_profile (seller_id, shipping_profile_id, id, created_at, updated_at, deleted_at) VALUES ('sel_01KRNSQB33N41XA4MEY4DP8JPR', 'sp_01KRNSQB3BR8AXAJKH5ZS25V96', 'link_01KRNSQB3DM385ZF6R3JNJFHRG', '2026-05-15 12:28:03.053526+00', '2026-05-15 12:28:03.053526+00', NULL) ON CONFLICT DO NOTHING;
INSERT INTO public.seller_seller_fulfillment_shipping_profile (seller_id, shipping_profile_id, id, created_at, updated_at, deleted_at) VALUES ('sel_01KRNSQB5S6EZCREKT4XZ80PEX', 'sp_01KRNSQB61AQDJ03HWDZ7YQ703', 'link_01KRNSQB64284Q4CJ4YZ00D61N', '2026-05-15 12:28:03.14048+00', '2026-05-15 12:28:03.14048+00', NULL) ON CONFLICT DO NOTHING;
INSERT INTO public.seller_seller_fulfillment_shipping_profile (seller_id, shipping_profile_id, id, created_at, updated_at, deleted_at) VALUES ('sel_01KRNSQB8E9JM8CSQZ64JXHKRA', 'sp_01KRNSQB8Q99TX1DJ5CSB08FB2', 'link_01KRNSQB8RTV87KHW0E0Z8MHJW', '2026-05-15 12:28:03.224614+00', '2026-05-15 12:28:03.224614+00', NULL) ON CONFLICT DO NOTHING;
INSERT INTO public.seller_seller_fulfillment_shipping_profile (seller_id, shipping_profile_id, id, created_at, updated_at, deleted_at) VALUES ('sel_01KRNSQBB01V4XF55AAQ29NAPE', 'sp_01KRNSQBB9PMB915VDD84VFD1E', 'link_01KRNSQBBC7SHE3DJNK6ZBJP7F', '2026-05-15 12:28:03.308149+00', '2026-05-15 12:28:03.308149+00', NULL) ON CONFLICT DO NOTHING;
INSERT INTO public.seller_seller_fulfillment_shipping_profile (seller_id, shipping_profile_id, id, created_at, updated_at, deleted_at) VALUES ('sel_01KRNSQBJWP0WV8PQ9HEETP6EC', 'sp_01KRNSQBK2S1GJPR13EKC3JWE5', 'link_01KRNSQBK4N0148FCF3XBYDZAN', '2026-05-15 12:28:03.556464+00', '2026-05-15 12:28:03.556464+00', NULL) ON CONFLICT DO NOTHING;


ALTER TABLE public.seller_seller_fulfillment_shipping_profile ENABLE TRIGGER ALL;

--
-- Data for Name: seller_seller_inventory_inventory_item; Type: TABLE DATA; Schema: public; Owner: -
--

ALTER TABLE public.seller_seller_inventory_inventory_item DISABLE TRIGGER ALL;

INSERT INTO public.seller_seller_inventory_inventory_item (seller_id, inventory_item_id, id, created_at, updated_at, deleted_at) VALUES ('sel_01KRBV96PMTCXWRTDX7THG8BE6', 'iitem_01KRBV98V8WTB2CAFA8V74FY4S', 'link_01KRBV98WS42WANJFBPEJBBM1D', '2026-05-11 15:42:54.872442+00', '2026-05-11 15:42:54.872442+00', NULL) ON CONFLICT DO NOTHING;
INSERT INTO public.seller_seller_inventory_inventory_item (seller_id, inventory_item_id, id, created_at, updated_at, deleted_at) VALUES ('sel_01KRBV96GNRD1YD5BPQ9W95ERH', 'iitem_01KRBV98XMC9QJV9A4A4ETCJ58', 'link_01KRBV98YFC76QXBKF0C80N7HB', '2026-05-11 15:42:54.927084+00', '2026-05-11 15:42:54.927084+00', NULL) ON CONFLICT DO NOTHING;
INSERT INTO public.seller_seller_inventory_inventory_item (seller_id, inventory_item_id, id, created_at, updated_at, deleted_at) VALUES ('sel_01KRBV95A9Q2X0ACYX9HKRBVPX', 'iitem_01KRBV98ZFJVNSNNYAWMAGB18V', 'link_01KRBV990P86M7K4NTWTJXYPN5', '2026-05-11 15:42:54.997636+00', '2026-05-11 15:42:54.997636+00', NULL) ON CONFLICT DO NOTHING;
INSERT INTO public.seller_seller_inventory_inventory_item (seller_id, inventory_item_id, id, created_at, updated_at, deleted_at) VALUES ('sel_01KRBV95TW0N6KFM5S5Q6ZMAVM', 'iitem_01KRBV991F3MXPS4V9SFDJ7WSS', 'link_01KRBV99294A5A72N3TY2F3X8P', '2026-05-11 15:42:55.048947+00', '2026-05-11 15:42:55.048947+00', NULL) ON CONFLICT DO NOTHING;
INSERT INTO public.seller_seller_inventory_inventory_item (seller_id, inventory_item_id, id, created_at, updated_at, deleted_at) VALUES ('sel_01KRBV95A9Q2X0ACYX9HKRBVPX', 'iitem_01KRBV99327NJJJ1DEFKNZTZT3', 'link_01KRBV993Q4NJ8N5D5K3EXFQA1', '2026-05-11 15:42:55.095623+00', '2026-05-11 15:42:55.095623+00', NULL) ON CONFLICT DO NOTHING;
INSERT INTO public.seller_seller_inventory_inventory_item (seller_id, inventory_item_id, id, created_at, updated_at, deleted_at) VALUES ('sel_01KRBV95QPXJ83VFR9MRG0KPSB', 'iitem_01KRBV994F5ER0K1NEQ8CER4W8', 'link_01KRBV99526R7M6R57Z8JTD03B', '2026-05-11 15:42:55.13805+00', '2026-05-11 15:42:55.13805+00', NULL) ON CONFLICT DO NOTHING;
INSERT INTO public.seller_seller_inventory_inventory_item (seller_id, inventory_item_id, id, created_at, updated_at, deleted_at) VALUES ('sel_01KRBV95QPXJ83VFR9MRG0KPSB', 'iitem_01KRBV995KV3KN6ZGDP0J3Z93Q', 'link_01KRBV9967V5KATSBANS0D97GS', '2026-05-11 15:42:55.175605+00', '2026-05-11 15:42:55.175605+00', NULL) ON CONFLICT DO NOTHING;
INSERT INTO public.seller_seller_inventory_inventory_item (seller_id, inventory_item_id, id, created_at, updated_at, deleted_at) VALUES ('sel_01KRBV96BQ6SKR16REJ08VQVER', 'iitem_01KRBV996W7DXKBVCNMNNS3JS2', 'link_01KRBV997DZ67M82HZM1YWPHPC', '2026-05-11 15:42:55.21365+00', '2026-05-11 15:42:55.21365+00', NULL) ON CONFLICT DO NOTHING;
INSERT INTO public.seller_seller_inventory_inventory_item (seller_id, inventory_item_id, id, created_at, updated_at, deleted_at) VALUES ('sel_01KRBV960KR8XTEZFB9M92XZ0H', 'iitem_01KRBV997ZFX0WNX9285XZ3WND', 'link_01KRBV998N97Y5B00JVJYYAKCD', '2026-05-11 15:42:55.252785+00', '2026-05-11 15:42:55.252785+00', NULL) ON CONFLICT DO NOTHING;
INSERT INTO public.seller_seller_inventory_inventory_item (seller_id, inventory_item_id, id, created_at, updated_at, deleted_at) VALUES ('sel_01KRBV969AHH2TV5MQYVSA4V24', 'iitem_01KRBV9993D0R8NVN90RCP55GC', 'link_01KRBV999MWEJMAYYG52B3KW40', '2026-05-11 15:42:55.283877+00', '2026-05-11 15:42:55.283877+00', NULL) ON CONFLICT DO NOTHING;
INSERT INTO public.seller_seller_inventory_inventory_item (seller_id, inventory_item_id, id, created_at, updated_at, deleted_at) VALUES ('sel_01KRBV969AHH2TV5MQYVSA4V24', 'iitem_01KRBV99A55SG391RRX91HE2X3', 'link_01KRBV99APH7HD1S5KSZAM2C52', '2026-05-11 15:42:55.317852+00', '2026-05-11 15:42:55.317852+00', NULL) ON CONFLICT DO NOTHING;
INSERT INTO public.seller_seller_inventory_inventory_item (seller_id, inventory_item_id, id, created_at, updated_at, deleted_at) VALUES ('sel_01KRBV972VH6GEX5KERF3RBMJR', 'iitem_01KRBV99B5NKVSZA1BK7QY6PE8', 'link_01KRBV99BNW9JF4P52JK7885PQ', '2026-05-11 15:42:55.348642+00', '2026-05-11 15:42:55.348642+00', NULL) ON CONFLICT DO NOTHING;
INSERT INTO public.seller_seller_inventory_inventory_item (seller_id, inventory_item_id, id, created_at, updated_at, deleted_at) VALUES ('sel_01KRBV96W7BQSB9J5A2ZAWZ9E2', 'iitem_01KRBV99C6T821F4PEC7QADXVE', 'link_01KRBV99CPT614A6XZEBPWS8JN', '2026-05-11 15:42:55.382571+00', '2026-05-11 15:42:55.382571+00', NULL) ON CONFLICT DO NOTHING;
INSERT INTO public.seller_seller_inventory_inventory_item (seller_id, inventory_item_id, id, created_at, updated_at, deleted_at) VALUES ('sel_01KRBV977T8SXKWFNSBKFJZW8X', 'iitem_01KRBV99D6V1VCT90DT8TXT1DC', 'link_01KRBV99DQR3P2XC5VTZBKSBC3', '2026-05-11 15:42:55.415325+00', '2026-05-11 15:42:55.415325+00', NULL) ON CONFLICT DO NOTHING;
INSERT INTO public.seller_seller_inventory_inventory_item (seller_id, inventory_item_id, id, created_at, updated_at, deleted_at) VALUES ('sel_01KRBV96YT6VAFFAQNNN39ZMDR', 'iitem_01KRBV99E5BVZHS12QANDGZK00', 'link_01KRBV99EQZ5BKF0WBV0DYBMYB', '2026-05-11 15:42:55.447053+00', '2026-05-11 15:42:55.447053+00', NULL) ON CONFLICT DO NOTHING;
INSERT INTO public.seller_seller_inventory_inventory_item (seller_id, inventory_item_id, id, created_at, updated_at, deleted_at) VALUES ('sel_01KRBV97A9FM9PV6ZSZ5F4P436', 'iitem_01KRBV99FA7YH8N9C2N8AFKJ71', 'link_01KRBV99FXYD2XSN3H3SJKKDK6', '2026-05-11 15:42:55.485013+00', '2026-05-11 15:42:55.485013+00', NULL) ON CONFLICT DO NOTHING;
INSERT INTO public.seller_seller_inventory_inventory_item (seller_id, inventory_item_id, id, created_at, updated_at, deleted_at) VALUES ('sel_01KRBV9756XSYE51TZNYPHC0TM', 'iitem_01KRBV99GCMCADSAZQ2SEA6W2T', 'link_01KRBV99GW02BJGZ5SBF0QX6K3', '2026-05-11 15:42:55.51498+00', '2026-05-11 15:42:55.51498+00', NULL) ON CONFLICT DO NOTHING;
INSERT INTO public.seller_seller_inventory_inventory_item (seller_id, inventory_item_id, id, created_at, updated_at, deleted_at) VALUES ('sel_01KRBV97Z79TXTZ8BQY7P0RV5Q', 'iitem_01KRBV99HD5HG88MG8CQ5QGRXZ', 'link_01KRBV99HW2R1RJBKSVVT9QN73', '2026-05-11 15:42:55.548021+00', '2026-05-11 15:42:55.548021+00', NULL) ON CONFLICT DO NOTHING;
INSERT INTO public.seller_seller_inventory_inventory_item (seller_id, inventory_item_id, id, created_at, updated_at, deleted_at) VALUES ('sel_01KRBV97MD5AXVMGCTHXVG6FQJ', 'iitem_01KRBV99JG7SKJYJ3X30BX9E0G', 'link_01KRBV99K1K3GYASNNTR66HGZH', '2026-05-11 15:42:55.585498+00', '2026-05-11 15:42:55.585498+00', NULL) ON CONFLICT DO NOTHING;
INSERT INTO public.seller_seller_inventory_inventory_item (seller_id, inventory_item_id, id, created_at, updated_at, deleted_at) VALUES ('sel_01KRBV984QDDBVA34WW53ZYX73', 'iitem_01KRBV99KNFFRQBQV2PC26K75Y', 'link_01KRBV99M72AVH7A3MV0DPXXDT', '2026-05-11 15:42:55.623148+00', '2026-05-11 15:42:55.623148+00', NULL) ON CONFLICT DO NOTHING;
INSERT INTO public.seller_seller_inventory_inventory_item (seller_id, inventory_item_id, id, created_at, updated_at, deleted_at) VALUES ('sel_01KRBV96SHNKQMV9E23P61440X', 'iitem_01KRBV99MTVYNEKMMKSB4Z72XC', 'link_01KRBV99NCSZKVP34S54V5M4XY', '2026-05-11 15:42:55.660025+00', '2026-05-11 15:42:55.660025+00', NULL) ON CONFLICT DO NOTHING;
INSERT INTO public.seller_seller_inventory_inventory_item (seller_id, inventory_item_id, id, created_at, updated_at, deleted_at) VALUES ('sel_01KRBV97RKZ7G7J9038H5RXX5M', 'iitem_01KRBV99NVKK88DGE5927G4WX6', 'link_01KRBV99PBF7D972AGFTDDB6H0', '2026-05-11 15:42:55.69125+00', '2026-05-11 15:42:55.69125+00', NULL) ON CONFLICT DO NOTHING;
INSERT INTO public.seller_seller_inventory_inventory_item (seller_id, inventory_item_id, id, created_at, updated_at, deleted_at) VALUES ('sel_01KRBV981R74495CHFCASS4EDB', 'iitem_01KRBV99PXERTDWHQKDB4378BE', 'link_01KRBV99QQ21MW4YV8B8ADPYAW', '2026-05-11 15:42:55.734969+00', '2026-05-11 15:42:55.734969+00', NULL) ON CONFLICT DO NOTHING;
INSERT INTO public.seller_seller_inventory_inventory_item (seller_id, inventory_item_id, id, created_at, updated_at, deleted_at) VALUES ('sel_01KRBV987XZ1YJX5XB59VWF9Z6', 'iitem_01KRBV99S7JN4PNCZS50PKKQ8T', 'link_01KRBV99SR1BH9JC5WPNWFC316', '2026-05-11 15:42:55.800377+00', '2026-05-11 15:42:55.800377+00', NULL) ON CONFLICT DO NOTHING;
INSERT INTO public.seller_seller_inventory_inventory_item (seller_id, inventory_item_id, id, created_at, updated_at, deleted_at) VALUES ('sel_01KRBV98PE0Z481WK16YEFBFF5', 'iitem_01KRBV99TD1X9ESSKQRZSJRE83', 'link_01KRBV99TT0YGCYDB0RR08K2EF', '2026-05-11 15:42:55.834253+00', '2026-05-11 15:42:55.834253+00', NULL) ON CONFLICT DO NOTHING;
INSERT INTO public.seller_seller_inventory_inventory_item (seller_id, inventory_item_id, id, created_at, updated_at, deleted_at) VALUES ('sel_01KRBV98FWB8ZZ9Q4RQZRPFZQ4', 'iitem_01KRBV99VFZHAJBVQWNC37GXKG', 'link_01KRBV99WDTKEXN6E8YKF8Q9N7', '2026-05-11 15:42:55.88501+00', '2026-05-11 15:42:55.88501+00', NULL) ON CONFLICT DO NOTHING;
INSERT INTO public.seller_seller_inventory_inventory_item (seller_id, inventory_item_id, id, created_at, updated_at, deleted_at) VALUES ('sel_01KRBV98PE0Z481WK16YEFBFF5', 'iitem_01KRBV99XCR2XGH68NN9DXK10S', 'link_01KRBV99YCVSJ8QA5NDD9VB1Q2', '2026-05-11 15:42:55.948162+00', '2026-05-11 15:42:55.948162+00', NULL) ON CONFLICT DO NOTHING;
INSERT INTO public.seller_seller_inventory_inventory_item (seller_id, inventory_item_id, id, created_at, updated_at, deleted_at) VALUES ('sel_01KRBV96KFTPXG8RG7TWB13YQK', 'iitem_01KRBV99ZE416QVFNS4SYGRT12', 'link_01KRBV9A0K8M30W8V92C6R1KGJ', '2026-05-11 15:42:56.018541+00', '2026-05-11 15:42:56.018541+00', NULL) ON CONFLICT DO NOTHING;
INSERT INTO public.seller_seller_inventory_inventory_item (seller_id, inventory_item_id, id, created_at, updated_at, deleted_at) VALUES ('sel_01KRBV987XZ1YJX5XB59VWF9Z6', 'iitem_01KRBV9A13ZFTF7N21GS61ZMW4', 'link_01KRBV9A2AVWEV3CN3CVX5705F', '2026-05-11 15:42:56.071016+00', '2026-05-11 15:42:56.071016+00', NULL) ON CONFLICT DO NOTHING;
INSERT INTO public.seller_seller_inventory_inventory_item (seller_id, inventory_item_id, id, created_at, updated_at, deleted_at) VALUES ('sel_01KRBV96E7SVTCT38CZXQ4NANB', 'iitem_01KRBV9A3ESJ7VZTJEFBZPCHXF', 'link_01KRBV9A4KRH2V883EHBXTH168', '2026-05-11 15:42:56.144755+00', '2026-05-11 15:42:56.144755+00', NULL) ON CONFLICT DO NOTHING;
INSERT INTO public.seller_seller_inventory_inventory_item (seller_id, inventory_item_id, id, created_at, updated_at, deleted_at) VALUES ('sel_01KRBV96E7SVTCT38CZXQ4NANB', 'iitem_01KRBV9A7N6SXP5FMQ0R1J7KJF', 'link_01KRBV9A8TQB5XQTZAG0GQ9777', '2026-05-11 15:42:56.282174+00', '2026-05-11 15:42:56.282174+00', NULL) ON CONFLICT DO NOTHING;
INSERT INTO public.seller_seller_inventory_inventory_item (seller_id, inventory_item_id, id, created_at, updated_at, deleted_at) VALUES ('sel_01KRBV96KFTPXG8RG7TWB13YQK', 'iitem_01KRBV9AAJ43W2FYB2B7FVWN40', 'link_01KRBV9AC8TMT4XHQ85AK480WE', '2026-05-11 15:42:56.391643+00', '2026-05-11 15:42:56.391643+00', NULL) ON CONFLICT DO NOTHING;
INSERT INTO public.seller_seller_inventory_inventory_item (seller_id, inventory_item_id, id, created_at, updated_at, deleted_at) VALUES ('sel_01KRBV96E7SVTCT38CZXQ4NANB', 'iitem_01KRBV9AD0ZR7C420RKB73DZ3M', 'link_01KRBV9ADM78CA8T7EWQY7BRNP', '2026-05-11 15:42:56.436548+00', '2026-05-11 15:42:56.436548+00', NULL) ON CONFLICT DO NOTHING;
INSERT INTO public.seller_seller_inventory_inventory_item (seller_id, inventory_item_id, id, created_at, updated_at, deleted_at) VALUES ('sel_01KRBV96E7SVTCT38CZXQ4NANB', 'iitem_01KRBV9AESM5C6SFBWSPEZFEC0', 'link_01KRBV9AFSVABH20YE9WRZER11', '2026-05-11 15:42:56.505025+00', '2026-05-11 15:42:56.505025+00', NULL) ON CONFLICT DO NOTHING;
INSERT INTO public.seller_seller_inventory_inventory_item (seller_id, inventory_item_id, id, created_at, updated_at, deleted_at) VALUES ('sel_01KRBV98KRD09HVSD9FSVF4H5M', 'iitem_01KRBV9AGVD9VA2PWRR1EYR342', 'link_01KRBV9AHE9GRKX1FNBMABZGEH', '2026-05-11 15:42:56.557958+00', '2026-05-11 15:42:56.557958+00', NULL) ON CONFLICT DO NOTHING;
INSERT INTO public.seller_seller_inventory_inventory_item (seller_id, inventory_item_id, id, created_at, updated_at, deleted_at) VALUES ('sel_01KRBV969AHH2TV5MQYVSA4V24', 'iitem_01KRBV9AJ44XK7MP96E6FCSTZQ', 'link_01KRBV9AJY9E4NRY9DG8HCY9N5', '2026-05-11 15:42:56.605723+00', '2026-05-11 15:42:56.605723+00', NULL) ON CONFLICT DO NOTHING;
INSERT INTO public.seller_seller_inventory_inventory_item (seller_id, inventory_item_id, id, created_at, updated_at, deleted_at) VALUES ('sel_01KRBV98KRD09HVSD9FSVF4H5M', 'iitem_01KRBV9AKZY9XBTNYKHMPGRD24', 'link_01KRBV9AN0G4F21BW122A49NBX', '2026-05-11 15:42:56.669908+00', '2026-05-11 15:42:56.669908+00', NULL) ON CONFLICT DO NOTHING;
INSERT INTO public.seller_seller_inventory_inventory_item (seller_id, inventory_item_id, id, created_at, updated_at, deleted_at) VALUES ('sel_01KRBV98KRD09HVSD9FSVF4H5M', 'iitem_01KRBV9AP5FNAE95KEXANB0K70', 'link_01KRBV9APV40XJEQQ5BXPGEHBG', '2026-05-11 15:42:56.731099+00', '2026-05-11 15:42:56.731099+00', NULL) ON CONFLICT DO NOTHING;
INSERT INTO public.seller_seller_inventory_inventory_item (seller_id, inventory_item_id, id, created_at, updated_at, deleted_at) VALUES ('sel_01KRBV98KRD09HVSD9FSVF4H5M', 'iitem_01KRBV9AQPADFWB04R15XAH43N', 'link_01KRBV9ARQ69KY2PCB7XP03A6V', '2026-05-11 15:42:56.791079+00', '2026-05-11 15:42:56.791079+00', NULL) ON CONFLICT DO NOTHING;
INSERT INTO public.seller_seller_inventory_inventory_item (seller_id, inventory_item_id, id, created_at, updated_at, deleted_at) VALUES ('sel_01KRNSQ9MQFV4FCKC44GXHG903', 'iitem_01KRNSQBNPA1T810ZN9WZ7BSVT', 'link_01KRNSQBQF990FXN4ZE7RZJMXD', '2026-05-15 12:28:03.695276+00', '2026-05-15 12:28:03.695276+00', NULL) ON CONFLICT DO NOTHING;
INSERT INTO public.seller_seller_inventory_inventory_item (seller_id, inventory_item_id, id, created_at, updated_at, deleted_at) VALUES ('sel_01KRNSQ9FAE2PMYB364WKT3DY6', 'iitem_01KRNSQBRMB6W814DQ51PGYXWZ', 'link_01KRNSQBTDWY6R17RKQ1DCRTCB', '2026-05-15 12:28:03.788807+00', '2026-05-15 12:28:03.788807+00', NULL) ON CONFLICT DO NOTHING;
INSERT INTO public.seller_seller_inventory_inventory_item (seller_id, inventory_item_id, id, created_at, updated_at, deleted_at) VALUES ('sel_01KRNSQ7MND00MXR9N9TAZAA3K', 'iitem_01KRNSQBVZ19NNK0FEPXFAHVY5', 'link_01KRNSQBXP8YY84MYGSCQCKVR3', '2026-05-15 12:28:03.893597+00', '2026-05-15 12:28:03.893597+00', NULL) ON CONFLICT DO NOTHING;
INSERT INTO public.seller_seller_inventory_inventory_item (seller_id, inventory_item_id, id, created_at, updated_at, deleted_at) VALUES ('sel_01KRNSQ89EAMK11QQ8WZ30MBZB', 'iitem_01KRNSQBYAD9AF0RS5X3AGCW7Z', 'link_01KRNSQBYYX83J2M29SCTC4RAD', '2026-05-15 12:28:03.934181+00', '2026-05-15 12:28:03.934181+00', NULL) ON CONFLICT DO NOTHING;
INSERT INTO public.seller_seller_inventory_inventory_item (seller_id, inventory_item_id, id, created_at, updated_at, deleted_at) VALUES ('sel_01KRNSQ7MND00MXR9N9TAZAA3K', 'iitem_01KRNSQBZFG9Y63JBDMVVAP647', 'link_01KRNSQC03M42E1KQ7KG9DJJ3K', '2026-05-15 12:28:03.970736+00', '2026-05-15 12:28:03.970736+00', NULL) ON CONFLICT DO NOTHING;
INSERT INTO public.seller_seller_inventory_inventory_item (seller_id, inventory_item_id, id, created_at, updated_at, deleted_at) VALUES ('sel_01KRNSQ7ZS9HQFAQXRZJ2C5F8Z', 'iitem_01KRNSQC0NSNNC4QHJ86PVS1HH', 'link_01KRNSQC1BVA6CEMYBQWKZYHDT', '2026-05-15 12:28:04.010657+00', '2026-05-15 12:28:04.010657+00', NULL) ON CONFLICT DO NOTHING;
INSERT INTO public.seller_seller_inventory_inventory_item (seller_id, inventory_item_id, id, created_at, updated_at, deleted_at) VALUES ('sel_01KRNSQ7ZS9HQFAQXRZJ2C5F8Z', 'iitem_01KRNSQC2CNWN6J6GDN3V0RFNP', 'link_01KRNSQC30XWNDNKD5M9HWCZT2', '2026-05-15 12:28:04.064043+00', '2026-05-15 12:28:04.064043+00', NULL) ON CONFLICT DO NOTHING;
INSERT INTO public.seller_seller_inventory_inventory_item (seller_id, inventory_item_id, id, created_at, updated_at, deleted_at) VALUES ('sel_01KRNSQ992EW1ZEF5QQAPT3S3E', 'iitem_01KRNSQC3J99YPGDCMNZSBVMW1', 'link_01KRNSQC47EWVKVV1Z8PSZY76X', '2026-05-15 12:28:04.10331+00', '2026-05-15 12:28:04.10331+00', NULL) ON CONFLICT DO NOTHING;
INSERT INTO public.seller_seller_inventory_inventory_item (seller_id, inventory_item_id, id, created_at, updated_at, deleted_at) VALUES ('sel_01KRNSQ8P8TFW3YE7GRBFYZYFC', 'iitem_01KRNSQC4W0FWMVZHN2MFVD2VZ', 'link_01KRNSQC5E0ZY1XH29S0W065W6', '2026-05-15 12:28:04.142444+00', '2026-05-15 12:28:04.142444+00', NULL) ON CONFLICT DO NOTHING;
INSERT INTO public.seller_seller_inventory_inventory_item (seller_id, inventory_item_id, id, created_at, updated_at, deleted_at) VALUES ('sel_01KRNSQ934TWSRM5J5AKS01SEQ', 'iitem_01KRNSQC60RHMWRDNY84VFBSP4', 'link_01KRNSQC6N50WQYVM7QNDF4GMT', '2026-05-15 12:28:04.180655+00', '2026-05-15 12:28:04.180655+00', NULL) ON CONFLICT DO NOTHING;
INSERT INTO public.seller_seller_inventory_inventory_item (seller_id, inventory_item_id, id, created_at, updated_at, deleted_at) VALUES ('sel_01KRNSQ934TWSRM5J5AKS01SEQ', 'iitem_01KRNSQC77WS31MEMVMB10EM1J', 'link_01KRNSQC7SMNVDW50F5AJNQZHJ', '2026-05-15 12:28:04.217415+00', '2026-05-15 12:28:04.217415+00', NULL) ON CONFLICT DO NOTHING;
INSERT INTO public.seller_seller_inventory_inventory_item (seller_id, inventory_item_id, id, created_at, updated_at, deleted_at) VALUES ('sel_01KRNSQA36KV63AKTNFBH4CXDR', 'iitem_01KRNSQC8ARTBV8V89373WWD7M', 'link_01KRNSQC8XT5XA517N4GN2291C', '2026-05-15 12:28:04.253122+00', '2026-05-15 12:28:04.253122+00', NULL) ON CONFLICT DO NOTHING;
INSERT INTO public.seller_seller_inventory_inventory_item (seller_id, inventory_item_id, id, created_at, updated_at, deleted_at) VALUES ('sel_01KRNSQ9SV1CTCGDVEHJFJR865', 'iitem_01KRNSQC9D15ZNAQ8FXEPTF60S', 'link_01KRNSQCA390ET0PH28B11MAHY', '2026-05-15 12:28:04.291361+00', '2026-05-15 12:28:04.291361+00', NULL) ON CONFLICT DO NOTHING;
INSERT INTO public.seller_seller_inventory_inventory_item (seller_id, inventory_item_id, id, created_at, updated_at, deleted_at) VALUES ('sel_01KRNSQA8GSREJ8H4AA9NSGKSJ', 'iitem_01KRNSQCANHXAP5Z28PSCGAKNR', 'link_01KRNSQCBBN3WBVVE0ME71TVJ0', '2026-05-15 12:28:04.331233+00', '2026-05-15 12:28:04.331233+00', NULL) ON CONFLICT DO NOTHING;
INSERT INTO public.seller_seller_inventory_inventory_item (seller_id, inventory_item_id, id, created_at, updated_at, deleted_at) VALUES ('sel_01KRNSQ9YTXH9W1TB6VY6TE3Q9', 'iitem_01KRNSQCBXZJGSK2VKMRH5AM15', 'link_01KRNSQCCQC66ZXQ55R2F06J0P', '2026-05-15 12:28:04.374981+00', '2026-05-15 12:28:04.374981+00', NULL) ON CONFLICT DO NOTHING;
INSERT INTO public.seller_seller_inventory_inventory_item (seller_id, inventory_item_id, id, created_at, updated_at, deleted_at) VALUES ('sel_01KRNSQABBPX4MHZYF9CQBAJ2J', 'iitem_01KRNSQCE83J386AXNB0C1ZNA2', 'link_01KRNSQCFBYTCXD573XEAC6QPD', '2026-05-15 12:28:04.459232+00', '2026-05-15 12:28:04.459232+00', NULL) ON CONFLICT DO NOTHING;
INSERT INTO public.seller_seller_inventory_inventory_item (seller_id, inventory_item_id, id, created_at, updated_at, deleted_at) VALUES ('sel_01KRNSQA5YE6QGZ6R3FZEA13K7', 'iitem_01KRNSQCFZ2FWESPG8WKDWNB3R', 'link_01KRNSQCGESBKQ0MBWH50RZ1E4', '2026-05-15 12:28:04.494665+00', '2026-05-15 12:28:04.494665+00', NULL) ON CONFLICT DO NOTHING;
INSERT INTO public.seller_seller_inventory_inventory_item (seller_id, inventory_item_id, id, created_at, updated_at, deleted_at) VALUES ('sel_01KRNSQAS1K75HA5ZDYCY72HTR', 'iitem_01KRNSQCGZ7KJGTJJN2WZYC7KG', 'link_01KRNSQCHJEDK0HR5J0KP35Q37', '2026-05-15 12:28:04.529995+00', '2026-05-15 12:28:04.529995+00', NULL) ON CONFLICT DO NOTHING;
INSERT INTO public.seller_seller_inventory_inventory_item (seller_id, inventory_item_id, id, created_at, updated_at, deleted_at) VALUES ('sel_01KRNSQAH2RCD5Z8XABC5ZF05J', 'iitem_01KRNSQCJ1DKHSW216EZ1HMY72', 'link_01KRNSQCJQ7081GYC2WNXWGRXB', '2026-05-15 12:28:04.566961+00', '2026-05-15 12:28:04.566961+00', NULL) ON CONFLICT DO NOTHING;
INSERT INTO public.seller_seller_inventory_inventory_item (seller_id, inventory_item_id, id, created_at, updated_at, deleted_at) VALUES ('sel_01KRNSQB0GP6KXG3KTYEZNT96X', 'iitem_01KRNSQCK5YE472E4N5EVKJKRJ', 'link_01KRNSQCKQB1NYA1GBXSBJ9PPH', '2026-05-15 12:28:04.599506+00', '2026-05-15 12:28:04.599506+00', NULL) ON CONFLICT DO NOTHING;
INSERT INTO public.seller_seller_inventory_inventory_item (seller_id, inventory_item_id, id, created_at, updated_at, deleted_at) VALUES ('sel_01KRNSQAPGYJMTSHWPBRKBSDP9', 'iitem_01KRNSQCNYRWR7VATD5ENZB94A', 'link_01KRNSQCPH9XZAMJTTEPJXZVJT', '2026-05-15 12:28:04.689619+00', '2026-05-15 12:28:04.689619+00', NULL) ON CONFLICT DO NOTHING;
INSERT INTO public.seller_seller_inventory_inventory_item (seller_id, inventory_item_id, id, created_at, updated_at, deleted_at) VALUES ('sel_01KRNSQB33N41XA4MEY4DP8JPR', 'iitem_01KRNSQCR590DCZ03AGND2JCPN', 'link_01KRNSQCRTGDTSH7M41VZFBEE3', '2026-05-15 12:28:04.76197+00', '2026-05-15 12:28:04.76197+00', NULL) ON CONFLICT DO NOTHING;
INSERT INTO public.seller_seller_inventory_inventory_item (seller_id, inventory_item_id, id, created_at, updated_at, deleted_at) VALUES ('sel_01KRNSQB5S6EZCREKT4XZ80PEX', 'iitem_01KRNSQCTA93BG6HBCK7EK200R', 'link_01KRNSQCV0PYBJQQNGPH4RJZDF', '2026-05-15 12:28:04.831719+00', '2026-05-15 12:28:04.831719+00', NULL) ON CONFLICT DO NOTHING;
INSERT INTO public.seller_seller_inventory_inventory_item (seller_id, inventory_item_id, id, created_at, updated_at, deleted_at) VALUES ('sel_01KRNSQ9HZGE26YTSJS5ZND5E5', 'iitem_01KRNSQCWJZ5RHDEF6923P9G12', 'link_01KRNSQCXKZTDGCX0WV2012YBV', '2026-05-15 12:28:04.915136+00', '2026-05-15 12:28:04.915136+00', NULL) ON CONFLICT DO NOTHING;
INSERT INTO public.seller_seller_inventory_inventory_item (seller_id, inventory_item_id, id, created_at, updated_at, deleted_at) VALUES ('sel_01KRNSQ9BX51A7AEZR2G5WW72J', 'iitem_01KRNSQCZQESH4HSKB4B870T80', 'link_01KRNSQD0NFTVAYBMS7GB0MEC9', '2026-05-15 12:28:05.01215+00', '2026-05-15 12:28:05.01215+00', NULL) ON CONFLICT DO NOTHING;
INSERT INTO public.seller_seller_inventory_inventory_item (seller_id, inventory_item_id, id, created_at, updated_at, deleted_at) VALUES ('sel_01KRNSQ9HZGE26YTSJS5ZND5E5', 'iitem_01KRNSQD3H1APJ42N6NV74P8VW', 'link_01KRNSQD4AGDKW28KND78QSVN5', '2026-05-15 12:28:05.130089+00', '2026-05-15 12:28:05.130089+00', NULL) ON CONFLICT DO NOTHING;
INSERT INTO public.seller_seller_inventory_inventory_item (seller_id, inventory_item_id, id, created_at, updated_at, deleted_at) VALUES ('sel_01KRNSQ9BX51A7AEZR2G5WW72J', 'iitem_01KRNSQD663S4EMXXZFM99YNEF', 'link_01KRNSQD6WCWQ8CDBNA3D9K4E2', '2026-05-15 12:28:05.211278+00', '2026-05-15 12:28:05.211278+00', NULL) ON CONFLICT DO NOTHING;
INSERT INTO public.seller_seller_inventory_inventory_item (seller_id, inventory_item_id, id, created_at, updated_at, deleted_at) VALUES ('sel_01KRNSQ934TWSRM5J5AKS01SEQ', 'iitem_01KRNSQDGMG9TGVXQEXSP46NT2', 'link_01KRNSQDHNQKDS5NB8NQVYG9T7', '2026-05-15 12:28:05.556991+00', '2026-05-15 12:28:05.556991+00', NULL) ON CONFLICT DO NOTHING;
INSERT INTO public.seller_seller_inventory_inventory_item (seller_id, inventory_item_id, id, created_at, updated_at, deleted_at) VALUES ('sel_01KRNSQB8E9JM8CSQZ64JXHKRA', 'iitem_01KRNSQDMMK2RSPN35AK6G6ZYE', 'link_01KRNSQDQFNSZ248C06X5GSEA3', '2026-05-15 12:28:05.743103+00', '2026-05-15 12:28:05.743103+00', NULL) ON CONFLICT DO NOTHING;
INSERT INTO public.seller_seller_inventory_inventory_item (seller_id, inventory_item_id, id, created_at, updated_at, deleted_at) VALUES ('sel_01KRNSQ9Q9RRMJC1M753YHJMC3', 'iitem_01KRNSQCME639X17V4GQD2EMHT', 'link_01KRNSQCMYFPV35YBDNE5C9H28', '2026-05-15 12:28:04.638007+00', '2026-05-15 12:28:04.638007+00', NULL) ON CONFLICT DO NOTHING;
INSERT INTO public.seller_seller_inventory_inventory_item (seller_id, inventory_item_id, id, created_at, updated_at, deleted_at) VALUES ('sel_01KRNSQAXSJYEE618G1MJAV2Y7', 'iitem_01KRNSQCQ3M24K0WCR214AH6D5', 'link_01KRNSQCQNM0ZGQQ2CREHCPGGH', '2026-05-15 12:28:04.724915+00', '2026-05-15 12:28:04.724915+00', NULL) ON CONFLICT DO NOTHING;
INSERT INTO public.seller_seller_inventory_inventory_item (seller_id, inventory_item_id, id, created_at, updated_at, deleted_at) VALUES ('sel_01KRNSQBB01V4XF55AAQ29NAPE', 'iitem_01KRNSQCSAGTKPSC23M22DHJ2A', 'link_01KRNSQCSVVWGCF82DG8AH2N09', '2026-05-15 12:28:04.795662+00', '2026-05-15 12:28:04.795662+00', NULL) ON CONFLICT DO NOTHING;
INSERT INTO public.seller_seller_inventory_inventory_item (seller_id, inventory_item_id, id, created_at, updated_at, deleted_at) VALUES ('sel_01KRNSQBB01V4XF55AAQ29NAPE', 'iitem_01KRNSQCVHX20S696DB2Q847KP', 'link_01KRNSQCW0CAH6FJ2VPCX1183A', '2026-05-15 12:28:04.864034+00', '2026-05-15 12:28:04.864034+00', NULL) ON CONFLICT DO NOTHING;
INSERT INTO public.seller_seller_inventory_inventory_item (seller_id, inventory_item_id, id, created_at, updated_at, deleted_at) VALUES ('sel_01KRNSQB33N41XA4MEY4DP8JPR', 'iitem_01KRNSQCYJ02CD7R7BMK1DPF0Z', 'link_01KRNSQCZ25KFV9T6AVV642EC5', '2026-05-15 12:28:04.961854+00', '2026-05-15 12:28:04.961854+00', NULL) ON CONFLICT DO NOTHING;
INSERT INTO public.seller_seller_inventory_inventory_item (seller_id, inventory_item_id, id, created_at, updated_at, deleted_at) VALUES ('sel_01KRNSQ9BX51A7AEZR2G5WW72J', 'iitem_01KRNSQD24FT2CH05PBBST3HD5', 'link_01KRNSQD2T7KY4JCPFACQDJDA8', '2026-05-15 12:28:05.082064+00', '2026-05-15 12:28:05.082064+00', NULL) ON CONFLICT DO NOTHING;
INSERT INTO public.seller_seller_inventory_inventory_item (seller_id, inventory_item_id, id, created_at, updated_at, deleted_at) VALUES ('sel_01KRNSQ9BX51A7AEZR2G5WW72J', 'iitem_01KRNSQD4VVDW0W2NGXVX37RX7', 'link_01KRNSQD5C9J76B2ETSMHTC61J', '2026-05-15 12:28:05.164118+00', '2026-05-15 12:28:05.164118+00', NULL) ON CONFLICT DO NOTHING;
INSERT INTO public.seller_seller_inventory_inventory_item (seller_id, inventory_item_id, id, created_at, updated_at, deleted_at) VALUES ('sel_01KRNSQB8E9JM8CSQZ64JXHKRA', 'iitem_01KRNSQDA6M05ZXYNEFWN0N05E', 'link_01KRNSQDFM8V57DP21DQ82Q7ZS', '2026-05-15 12:28:05.491521+00', '2026-05-15 12:28:05.491521+00', NULL) ON CONFLICT DO NOTHING;
INSERT INTO public.seller_seller_inventory_inventory_item (seller_id, inventory_item_id, id, created_at, updated_at, deleted_at) VALUES ('sel_01KRNSQB8E9JM8CSQZ64JXHKRA', 'iitem_01KRNSQDJHDPXEGM35FCG8Q9Y5', 'link_01KRNSQDKGHTP1BDG4KGMCMRET', '2026-05-15 12:28:05.616071+00', '2026-05-15 12:28:05.616071+00', NULL) ON CONFLICT DO NOTHING;
INSERT INTO public.seller_seller_inventory_inventory_item (seller_id, inventory_item_id, id, created_at, updated_at, deleted_at) VALUES ('sel_01KRNSQB8E9JM8CSQZ64JXHKRA', 'iitem_01KRNSQDRP97G3RC18Q105F512', 'link_01KRNSQDSYRX28ZY1A0K4MWGAF', '2026-05-15 12:28:05.822095+00', '2026-05-15 12:28:05.822095+00', NULL) ON CONFLICT DO NOTHING;


ALTER TABLE public.seller_seller_inventory_inventory_item ENABLE TRIGGER ALL;

--
-- Data for Name: seller_seller_order_order; Type: TABLE DATA; Schema: public; Owner: -
--

ALTER TABLE public.seller_seller_order_order DISABLE TRIGGER ALL;



ALTER TABLE public.seller_seller_order_order ENABLE TRIGGER ALL;

--
-- Data for Name: seller_seller_order_return; Type: TABLE DATA; Schema: public; Owner: -
--

ALTER TABLE public.seller_seller_order_return DISABLE TRIGGER ALL;



ALTER TABLE public.seller_seller_order_return ENABLE TRIGGER ALL;

--
-- Data for Name: seller_seller_order_return_order_return_request; Type: TABLE DATA; Schema: public; Owner: -
--

ALTER TABLE public.seller_seller_order_return_order_return_request DISABLE TRIGGER ALL;



ALTER TABLE public.seller_seller_order_return_order_return_request ENABLE TRIGGER ALL;

--
-- Data for Name: seller_seller_payout_payout_account; Type: TABLE DATA; Schema: public; Owner: -
--

ALTER TABLE public.seller_seller_payout_payout_account DISABLE TRIGGER ALL;



ALTER TABLE public.seller_seller_payout_payout_account ENABLE TRIGGER ALL;

--
-- Data for Name: seller_seller_pricing_price_list; Type: TABLE DATA; Schema: public; Owner: -
--

ALTER TABLE public.seller_seller_pricing_price_list DISABLE TRIGGER ALL;



ALTER TABLE public.seller_seller_pricing_price_list ENABLE TRIGGER ALL;

--
-- Data for Name: seller_seller_product_product; Type: TABLE DATA; Schema: public; Owner: -
--

ALTER TABLE public.seller_seller_product_product DISABLE TRIGGER ALL;

INSERT INTO public.seller_seller_product_product (seller_id, product_id, id, created_at, updated_at, deleted_at) VALUES ('sel_01KRBV96PMTCXWRTDX7THG8BE6', 'prod_01KRBV98SQMN1E6S3HKASE1XEC', 'link_01KRBV98WRVTVCGMDA2WW7KTP2', '2026-05-11 15:42:54.872413+00', '2026-05-11 15:42:54.872413+00', NULL) ON CONFLICT DO NOTHING;
INSERT INTO public.seller_seller_product_product (seller_id, product_id, id, created_at, updated_at, deleted_at) VALUES ('sel_01KRBV96GNRD1YD5BPQ9W95ERH', 'prod_01KRBV98X1VV7CBR4TZCH97A90', 'link_01KRBV98YFS044X1S41X8YBBAP', '2026-05-11 15:42:54.927054+00', '2026-05-11 15:42:54.927054+00', NULL) ON CONFLICT DO NOTHING;
INSERT INTO public.seller_seller_product_product (seller_id, product_id, id, created_at, updated_at, deleted_at) VALUES ('sel_01KRBV95A9Q2X0ACYX9HKRBVPX', 'prod_01KRBV98YP4B85DMF13XH0N0TZ', 'link_01KRBV990N4JMZQ99KEW98KJY1', '2026-05-11 15:42:54.997573+00', '2026-05-11 15:42:54.997573+00', NULL) ON CONFLICT DO NOTHING;
INSERT INTO public.seller_seller_product_product (seller_id, product_id, id, created_at, updated_at, deleted_at) VALUES ('sel_01KRBV95TW0N6KFM5S5Q6ZMAVM', 'prod_01KRBV990Y5NFBH6QGCDAC14R8', 'link_01KRBV9929RVKW56ZKHKJDFA3B', '2026-05-11 15:42:55.048891+00', '2026-05-11 15:42:55.048891+00', NULL) ON CONFLICT DO NOTHING;
INSERT INTO public.seller_seller_product_product (seller_id, product_id, id, created_at, updated_at, deleted_at) VALUES ('sel_01KRBV95A9Q2X0ACYX9HKRBVPX', 'prod_01KRBV992GS298N6213AC52WJ8', 'link_01KRBV993Q5W15MBFPYEGT8VRZ', '2026-05-11 15:42:55.095592+00', '2026-05-11 15:42:55.095592+00', NULL) ON CONFLICT DO NOTHING;
INSERT INTO public.seller_seller_product_product (seller_id, product_id, id, created_at, updated_at, deleted_at) VALUES ('sel_01KRBV95QPXJ83VFR9MRG0KPSB', 'prod_01KRBV993XGSH2QKTSV58ER8Z4', 'link_01KRBV99522YBFTT3F47XPV39J', '2026-05-11 15:42:55.138021+00', '2026-05-11 15:42:55.138021+00', NULL) ON CONFLICT DO NOTHING;
INSERT INTO public.seller_seller_product_product (seller_id, product_id, id, created_at, updated_at, deleted_at) VALUES ('sel_01KRBV95QPXJ83VFR9MRG0KPSB', 'prod_01KRBV99565XB2FCFZ5ANNVZ96', 'link_01KRBV9967BK4AYV7WHX12AMVR', '2026-05-11 15:42:55.175568+00', '2026-05-11 15:42:55.175568+00', NULL) ON CONFLICT DO NOTHING;
INSERT INTO public.seller_seller_product_product (seller_id, product_id, id, created_at, updated_at, deleted_at) VALUES ('sel_01KRBV96BQ6SKR16REJ08VQVER', 'prod_01KRBV996DYY2N8GH1Q58CTVTY', 'link_01KRBV997DCQPDQWVEJJY0Y9K6', '2026-05-11 15:42:55.213619+00', '2026-05-11 15:42:55.213619+00', NULL) ON CONFLICT DO NOTHING;
INSERT INTO public.seller_seller_product_product (seller_id, product_id, id, created_at, updated_at, deleted_at) VALUES ('sel_01KRBV960KR8XTEZFB9M92XZ0H', 'prod_01KRBV997J47X5XR2CQ8SPQ3S9', 'link_01KRBV998MG0X35ARVR4A36RXJ', '2026-05-11 15:42:55.252753+00', '2026-05-11 15:42:55.252753+00', NULL) ON CONFLICT DO NOTHING;
INSERT INTO public.seller_seller_product_product (seller_id, product_id, id, created_at, updated_at, deleted_at) VALUES ('sel_01KRBV969AHH2TV5MQYVSA4V24', 'prod_01KRBV998SN940HBZ8KPEG9ZY5', 'link_01KRBV999K99DBB9BXTZSFETK8', '2026-05-11 15:42:55.283846+00', '2026-05-11 15:42:55.283846+00', NULL) ON CONFLICT DO NOTHING;
INSERT INTO public.seller_seller_product_product (seller_id, product_id, id, created_at, updated_at, deleted_at) VALUES ('sel_01KRBV969AHH2TV5MQYVSA4V24', 'prod_01KRBV999S81ANVZ5QGS8117EE', 'link_01KRBV99ANBK6VKSPM91MJTSM0', '2026-05-11 15:42:55.317788+00', '2026-05-11 15:42:55.317788+00', NULL) ON CONFLICT DO NOTHING;
INSERT INTO public.seller_seller_product_product (seller_id, product_id, id, created_at, updated_at, deleted_at) VALUES ('sel_01KRBV972VH6GEX5KERF3RBMJR', 'prod_01KRBV99AV267BV3FE5MY3DFJZ', 'link_01KRBV99BMA020SBJGERA7BFQB', '2026-05-11 15:42:55.348616+00', '2026-05-11 15:42:55.348616+00', NULL) ON CONFLICT DO NOTHING;
INSERT INTO public.seller_seller_product_product (seller_id, product_id, id, created_at, updated_at, deleted_at) VALUES ('sel_01KRBV96W7BQSB9J5A2ZAWZ9E2', 'prod_01KRBV99BTQHBYM6GKXEK5TTP5', 'link_01KRBV99CPMEF4MA8VERJ5D1ZH', '2026-05-11 15:42:55.382539+00', '2026-05-11 15:42:55.382539+00', NULL) ON CONFLICT DO NOTHING;
INSERT INTO public.seller_seller_product_product (seller_id, product_id, id, created_at, updated_at, deleted_at) VALUES ('sel_01KRBV977T8SXKWFNSBKFJZW8X', 'prod_01KRBV99CTX1Y2505X107YP16S', 'link_01KRBV99DQXB5AK0RERQ0977DT', '2026-05-11 15:42:55.415298+00', '2026-05-11 15:42:55.415298+00', NULL) ON CONFLICT DO NOTHING;
INSERT INTO public.seller_seller_product_product (seller_id, product_id, id, created_at, updated_at, deleted_at) VALUES ('sel_01KRBV96YT6VAFFAQNNN39ZMDR', 'prod_01KRBV99DV5G0KCFV6V0BQCAHA', 'link_01KRBV99EQQ4DFESQTDMX0K2N2', '2026-05-11 15:42:55.447021+00', '2026-05-11 15:42:55.447021+00', NULL) ON CONFLICT DO NOTHING;
INSERT INTO public.seller_seller_product_product (seller_id, product_id, id, created_at, updated_at, deleted_at) VALUES ('sel_01KRBV97A9FM9PV6ZSZ5F4P436', 'prod_01KRBV99EX9HW8R8546KVTH2N6', 'link_01KRBV99FXRBP9ZAP118NBBFXM', '2026-05-11 15:42:55.484977+00', '2026-05-11 15:42:55.484977+00', NULL) ON CONFLICT DO NOTHING;
INSERT INTO public.seller_seller_product_product (seller_id, product_id, id, created_at, updated_at, deleted_at) VALUES ('sel_01KRBV9756XSYE51TZNYPHC0TM', 'prod_01KRBV99G0V4BAX1PSF8C56AQ3', 'link_01KRBV99GVWBSE8EP1SBX61QEF', '2026-05-11 15:42:55.514946+00', '2026-05-11 15:42:55.514946+00', NULL) ON CONFLICT DO NOTHING;
INSERT INTO public.seller_seller_product_product (seller_id, product_id, id, created_at, updated_at, deleted_at) VALUES ('sel_01KRBV97Z79TXTZ8BQY7P0RV5Q', 'prod_01KRBV99H2K1EA1X4RWDF2WBNE', 'link_01KRBV99HW8ND3GADTFWSJSKVD', '2026-05-11 15:42:55.547996+00', '2026-05-11 15:42:55.547996+00', NULL) ON CONFLICT DO NOTHING;
INSERT INTO public.seller_seller_product_product (seller_id, product_id, id, created_at, updated_at, deleted_at) VALUES ('sel_01KRBV97MD5AXVMGCTHXVG6FQJ', 'prod_01KRBV99J1FDBWSZX29V8JAZ0P', 'link_01KRBV99K107342SP96EQBVM1E', '2026-05-11 15:42:55.585465+00', '2026-05-11 15:42:55.585465+00', NULL) ON CONFLICT DO NOTHING;
INSERT INTO public.seller_seller_product_product (seller_id, product_id, id, created_at, updated_at, deleted_at) VALUES ('sel_01KRBV984QDDBVA34WW53ZYX73', 'prod_01KRBV99K6AKPV564WSKHXXFZB', 'link_01KRBV99M7XVH4HEQSJXBBN20G', '2026-05-11 15:42:55.623122+00', '2026-05-11 15:42:55.623122+00', NULL) ON CONFLICT DO NOTHING;
INSERT INTO public.seller_seller_product_product (seller_id, product_id, id, created_at, updated_at, deleted_at) VALUES ('sel_01KRBV96SHNKQMV9E23P61440X', 'prod_01KRBV99MCZKJFS8F12BW4CNB1', 'link_01KRBV99NCXAJ49125W7V7JAQN', '2026-05-11 15:42:55.66+00', '2026-05-11 15:42:55.66+00', NULL) ON CONFLICT DO NOTHING;
INSERT INTO public.seller_seller_product_product (seller_id, product_id, id, created_at, updated_at, deleted_at) VALUES ('sel_01KRBV97RKZ7G7J9038H5RXX5M', 'prod_01KRBV99NGBGM9NR594AAYQY7D', 'link_01KRBV99PB7XECEQY5KVX8YJ5V', '2026-05-11 15:42:55.691211+00', '2026-05-11 15:42:55.691211+00', NULL) ON CONFLICT DO NOTHING;
INSERT INTO public.seller_seller_product_product (seller_id, product_id, id, created_at, updated_at, deleted_at) VALUES ('sel_01KRBV981R74495CHFCASS4EDB', 'prod_01KRBV99PFREVCY1G507VG85M0', 'link_01KRBV99QQR5Y1WBXY933F55ZZ', '2026-05-11 15:42:55.734931+00', '2026-05-11 15:42:55.734931+00', NULL) ON CONFLICT DO NOTHING;
INSERT INTO public.seller_seller_product_product (seller_id, product_id, id, created_at, updated_at, deleted_at) VALUES ('sel_01KRBV987XZ1YJX5XB59VWF9Z6', 'prod_01KRBV99R7FFG5T5SSHRCV1AC0', 'link_01KRBV99SR2VM3JAPFMGFECT65', '2026-05-11 15:42:55.800344+00', '2026-05-11 15:42:55.800344+00', NULL) ON CONFLICT DO NOTHING;
INSERT INTO public.seller_seller_product_product (seller_id, product_id, id, created_at, updated_at, deleted_at) VALUES ('sel_01KRBV98PE0Z481WK16YEFBFF5', 'prod_01KRBV99SYQCA1QW2AP39N0YR0', 'link_01KRBV99TTDGZAQ5EDZEVC5MPA', '2026-05-11 15:42:55.834215+00', '2026-05-11 15:42:55.834215+00', NULL) ON CONFLICT DO NOTHING;
INSERT INTO public.seller_seller_product_product (seller_id, product_id, id, created_at, updated_at, deleted_at) VALUES ('sel_01KRBV98FWB8ZZ9Q4RQZRPFZQ4', 'prod_01KRBV99TYAHWFNQPNCMP1HW3F', 'link_01KRBV99WDVDHJSCJG9X9293VZ', '2026-05-11 15:42:55.884976+00', '2026-05-11 15:42:55.884976+00', NULL) ON CONFLICT DO NOTHING;
INSERT INTO public.seller_seller_product_product (seller_id, product_id, id, created_at, updated_at, deleted_at) VALUES ('sel_01KRBV98PE0Z481WK16YEFBFF5', 'prod_01KRBV99WHX2QRH6RARNVFBTQB', 'link_01KRBV99YCZV881N5MFBN9HNDB', '2026-05-11 15:42:55.948134+00', '2026-05-11 15:42:55.948134+00', NULL) ON CONFLICT DO NOTHING;
INSERT INTO public.seller_seller_product_product (seller_id, product_id, id, created_at, updated_at, deleted_at) VALUES ('sel_01KRBV96KFTPXG8RG7TWB13YQK', 'prod_01KRBV99YG885D2DD3R37A9P10', 'link_01KRBV9A0JPMVWD2A2EBE1AJ7A', '2026-05-11 15:42:56.01851+00', '2026-05-11 15:42:56.01851+00', NULL) ON CONFLICT DO NOTHING;
INSERT INTO public.seller_seller_product_product (seller_id, product_id, id, created_at, updated_at, deleted_at) VALUES ('sel_01KRBV987XZ1YJX5XB59VWF9Z6', 'prod_01KRBV9A0S0543WRCQPXPS9MJB', 'link_01KRBV9A27GDBX8W3J8Q4T742E', '2026-05-11 15:42:56.070988+00', '2026-05-11 15:42:56.070988+00', NULL) ON CONFLICT DO NOTHING;
INSERT INTO public.seller_seller_product_product (seller_id, product_id, id, created_at, updated_at, deleted_at) VALUES ('sel_01KRBV96E7SVTCT38CZXQ4NANB', 'prod_01KRBV9A2H1FDAE4F6CE9XBB43', 'link_01KRBV9A4GVMEBJT35GVJ0R77Q', '2026-05-11 15:42:56.144731+00', '2026-05-11 15:42:56.144731+00', NULL) ON CONFLICT DO NOTHING;
INSERT INTO public.seller_seller_product_product (seller_id, product_id, id, created_at, updated_at, deleted_at) VALUES ('sel_01KRBV96E7SVTCT38CZXQ4NANB', 'prod_01KRBV9A5B8MX6PMPV9DFX3S8Z', 'link_01KRBV9A8TEVR5R1XJK4DF40PB', '2026-05-11 15:42:56.282121+00', '2026-05-11 15:42:56.282121+00', NULL) ON CONFLICT DO NOTHING;
INSERT INTO public.seller_seller_product_product (seller_id, product_id, id, created_at, updated_at, deleted_at) VALUES ('sel_01KRBV96KFTPXG8RG7TWB13YQK', 'prod_01KRBV9A92K1WJH7Z2ZCBF9GAR', 'link_01KRBV9AC7AG2FKRCF3R3V4C3P', '2026-05-11 15:42:56.391605+00', '2026-05-11 15:42:56.391605+00', NULL) ON CONFLICT DO NOTHING;
INSERT INTO public.seller_seller_product_product (seller_id, product_id, id, created_at, updated_at, deleted_at) VALUES ('sel_01KRBV96E7SVTCT38CZXQ4NANB', 'prod_01KRBV9ACDBRM47EQBZYTYJPB7', 'link_01KRBV9ADMX4MGEJRZX1AEA1W1', '2026-05-11 15:42:56.436519+00', '2026-05-11 15:42:56.436519+00', NULL) ON CONFLICT DO NOTHING;
INSERT INTO public.seller_seller_product_product (seller_id, product_id, id, created_at, updated_at, deleted_at) VALUES ('sel_01KRBV96E7SVTCT38CZXQ4NANB', 'prod_01KRBV9ADTQG4XRSEAB5N2E6WK', 'link_01KRBV9AFSTNPDDC7VCR8AGWRQ', '2026-05-11 15:42:56.504993+00', '2026-05-11 15:42:56.504993+00', NULL) ON CONFLICT DO NOTHING;
INSERT INTO public.seller_seller_product_product (seller_id, product_id, id, created_at, updated_at, deleted_at) VALUES ('sel_01KRBV98KRD09HVSD9FSVF4H5M', 'prod_01KRBV9AG3PTMV692Z64DJ24JW', 'link_01KRBV9AHEHVDWEQV3HESQEQ4J', '2026-05-11 15:42:56.557919+00', '2026-05-11 15:42:56.557919+00', NULL) ON CONFLICT DO NOTHING;
INSERT INTO public.seller_seller_product_product (seller_id, product_id, id, created_at, updated_at, deleted_at) VALUES ('sel_01KRBV969AHH2TV5MQYVSA4V24', 'prod_01KRBV9AHK4Z5GHFKMF8DECDYX', 'link_01KRBV9AJXYBPEG3AC4TTYPZ1Z', '2026-05-11 15:42:56.605674+00', '2026-05-11 15:42:56.605674+00', NULL) ON CONFLICT DO NOTHING;
INSERT INTO public.seller_seller_product_product (seller_id, product_id, id, created_at, updated_at, deleted_at) VALUES ('sel_01KRBV98KRD09HVSD9FSVF4H5M', 'prod_01KRBV9AKA44J2RQW0MD1A335S', 'link_01KRBV9AMYXP7MMWG0QSA258AB', '2026-05-11 15:42:56.669898+00', '2026-05-11 15:42:56.669898+00', NULL) ON CONFLICT DO NOTHING;
INSERT INTO public.seller_seller_product_product (seller_id, product_id, id, created_at, updated_at, deleted_at) VALUES ('sel_01KRBV98KRD09HVSD9FSVF4H5M', 'prod_01KRBV9AN8K4DN3DVXQBY1VREB', 'link_01KRBV9APVS48TR6EKZGRRE7F3', '2026-05-11 15:42:56.731057+00', '2026-05-11 15:42:56.731057+00', NULL) ON CONFLICT DO NOTHING;
INSERT INTO public.seller_seller_product_product (seller_id, product_id, id, created_at, updated_at, deleted_at) VALUES ('sel_01KRBV98KRD09HVSD9FSVF4H5M', 'prod_01KRBV9AQ0F4MKXDQ6Q0A22PPB', 'link_01KRBV9ARQN13VA9HJDNT338QE', '2026-05-11 15:42:56.791037+00', '2026-05-11 15:42:56.791037+00', NULL) ON CONFLICT DO NOTHING;
INSERT INTO public.seller_seller_product_product (seller_id, product_id, id, created_at, updated_at, deleted_at) VALUES ('sel_01KRNSQ9MQFV4FCKC44GXHG903', 'prod_01KRNSQBKZJRY3PMWV07MAVKEV', 'link_01KRNSQBQF6RRP3AJ61DT9XSM9', '2026-05-15 12:28:03.695242+00', '2026-05-15 12:28:03.695242+00', NULL) ON CONFLICT DO NOTHING;
INSERT INTO public.seller_seller_product_product (seller_id, product_id, id, created_at, updated_at, deleted_at) VALUES ('sel_01KRNSQ9FAE2PMYB364WKT3DY6', 'prod_01KRNSQBQWDX5Q71H2DJSK00V9', 'link_01KRNSQBTCZPTS43B8XD4PSFQT', '2026-05-15 12:28:03.788764+00', '2026-05-15 12:28:03.788764+00', NULL) ON CONFLICT DO NOTHING;
INSERT INTO public.seller_seller_product_product (seller_id, product_id, id, created_at, updated_at, deleted_at) VALUES ('sel_01KRNSQ7MND00MXR9N9TAZAA3K', 'prod_01KRNSQBTRJ7VDZJRA9FZZA776', 'link_01KRNSQBXNJTG17QHHZ6XYTGVX', '2026-05-15 12:28:03.893549+00', '2026-05-15 12:28:03.893549+00', NULL) ON CONFLICT DO NOTHING;
INSERT INTO public.seller_seller_product_product (seller_id, product_id, id, created_at, updated_at, deleted_at) VALUES ('sel_01KRNSQ89EAMK11QQ8WZ30MBZB', 'prod_01KRNSQBXVM9E010A6HMPKWANJ', 'link_01KRNSQBYYQA3DPTY1J154DC0F', '2026-05-15 12:28:03.934151+00', '2026-05-15 12:28:03.934151+00', NULL) ON CONFLICT DO NOTHING;
INSERT INTO public.seller_seller_product_product (seller_id, product_id, id, created_at, updated_at, deleted_at) VALUES ('sel_01KRNSQ7MND00MXR9N9TAZAA3K', 'prod_01KRNSQBZ223ZK21DV2RVAR25S', 'link_01KRNSQC02WMRRMWGKQCBA83V7', '2026-05-15 12:28:03.97071+00', '2026-05-15 12:28:03.97071+00', NULL) ON CONFLICT DO NOTHING;
INSERT INTO public.seller_seller_product_product (seller_id, product_id, id, created_at, updated_at, deleted_at) VALUES ('sel_01KRNSQ7ZS9HQFAQXRZJ2C5F8Z', 'prod_01KRNSQC07HDVW24JB2KFD1YQE', 'link_01KRNSQC1B5V2X2BZ6SAN7HNZW', '2026-05-15 12:28:04.010908+00', '2026-05-15 12:28:04.010908+00', NULL) ON CONFLICT DO NOTHING;
INSERT INTO public.seller_seller_product_product (seller_id, product_id, id, created_at, updated_at, deleted_at) VALUES ('sel_01KRNSQ7ZS9HQFAQXRZJ2C5F8Z', 'prod_01KRNSQC1G8MVTF3FZ92XTNWHH', 'link_01KRNSQC30YE4BE5J90EYZG50Y', '2026-05-15 12:28:04.064015+00', '2026-05-15 12:28:04.064015+00', NULL) ON CONFLICT DO NOTHING;
INSERT INTO public.seller_seller_product_product (seller_id, product_id, id, created_at, updated_at, deleted_at) VALUES ('sel_01KRNSQ992EW1ZEF5QQAPT3S3E', 'prod_01KRNSQC351254WDSB681S4R2Y', 'link_01KRNSQC47KNMEKSKCZB78A9R2', '2026-05-15 12:28:04.10328+00', '2026-05-15 12:28:04.10328+00', NULL) ON CONFLICT DO NOTHING;
INSERT INTO public.seller_seller_product_product (seller_id, product_id, id, created_at, updated_at, deleted_at) VALUES ('sel_01KRNSQ8P8TFW3YE7GRBFYZYFC', 'prod_01KRNSQC4D6JHJV7GJVTHX8T7E', 'link_01KRNSQC5ER1HT7V4PWDD38HCN', '2026-05-15 12:28:04.142402+00', '2026-05-15 12:28:04.142402+00', NULL) ON CONFLICT DO NOTHING;
INSERT INTO public.seller_seller_product_product (seller_id, product_id, id, created_at, updated_at, deleted_at) VALUES ('sel_01KRNSQ934TWSRM5J5AKS01SEQ', 'prod_01KRNSQC5JETE0XT40GVX19BRW', 'link_01KRNSQC6MRN7ZZTC0BM33YEF2', '2026-05-15 12:28:04.180618+00', '2026-05-15 12:28:04.180618+00', NULL) ON CONFLICT DO NOTHING;
INSERT INTO public.seller_seller_product_product (seller_id, product_id, id, created_at, updated_at, deleted_at) VALUES ('sel_01KRNSQ934TWSRM5J5AKS01SEQ', 'prod_01KRNSQC6S1GHA149S77ZM9YXQ', 'link_01KRNSQC7SSTB6YC904PMBZMK7', '2026-05-15 12:28:04.217389+00', '2026-05-15 12:28:04.217389+00', NULL) ON CONFLICT DO NOTHING;
INSERT INTO public.seller_seller_product_product (seller_id, product_id, id, created_at, updated_at, deleted_at) VALUES ('sel_01KRNSQA36KV63AKTNFBH4CXDR', 'prod_01KRNSQC7XBMZ52NB0BW430SAP', 'link_01KRNSQC8XC1MZRE4VZF8B1N1G', '2026-05-15 12:28:04.253093+00', '2026-05-15 12:28:04.253093+00', NULL) ON CONFLICT DO NOTHING;
INSERT INTO public.seller_seller_product_product (seller_id, product_id, id, created_at, updated_at, deleted_at) VALUES ('sel_01KRNSQ9SV1CTCGDVEHJFJR865', 'prod_01KRNSQC91T059MEKK2H3P1Q1H', 'link_01KRNSQCA34PZTGBK4AW5WQ3SX', '2026-05-15 12:28:04.291327+00', '2026-05-15 12:28:04.291327+00', NULL) ON CONFLICT DO NOTHING;
INSERT INTO public.seller_seller_product_product (seller_id, product_id, id, created_at, updated_at, deleted_at) VALUES ('sel_01KRNSQA8GSREJ8H4AA9NSGKSJ', 'prod_01KRNSQCA9D2ZQXQPH986KNARS', 'link_01KRNSQCBBS0N9S1BSHVP1DVKM', '2026-05-15 12:28:04.331201+00', '2026-05-15 12:28:04.331201+00', NULL) ON CONFLICT DO NOTHING;
INSERT INTO public.seller_seller_product_product (seller_id, product_id, id, created_at, updated_at, deleted_at) VALUES ('sel_01KRNSQ9YTXH9W1TB6VY6TE3Q9', 'prod_01KRNSQCBFMBXF08AB1Z2EB6XE', 'link_01KRNSQCCQAQG4XPXN5K2S41X1', '2026-05-15 12:28:04.374949+00', '2026-05-15 12:28:04.374949+00', NULL) ON CONFLICT DO NOTHING;
INSERT INTO public.seller_seller_product_product (seller_id, product_id, id, created_at, updated_at, deleted_at) VALUES ('sel_01KRNSQABBPX4MHZYF9CQBAJ2J', 'prod_01KRNSQCCYAAN5E41XBQV7SABC', 'link_01KRNSQCFBRE32Q9MQJ8AKR1ZZ', '2026-05-15 12:28:04.459195+00', '2026-05-15 12:28:04.459195+00', NULL) ON CONFLICT DO NOTHING;
INSERT INTO public.seller_seller_product_product (seller_id, product_id, id, created_at, updated_at, deleted_at) VALUES ('sel_01KRNSQA5YE6QGZ6R3FZEA13K7', 'prod_01KRNSQCFG5CE0JWK0T524EPW8', 'link_01KRNSQCGEHA24ZTFFME5S7HES', '2026-05-15 12:28:04.494638+00', '2026-05-15 12:28:04.494638+00', NULL) ON CONFLICT DO NOTHING;
INSERT INTO public.seller_seller_product_product (seller_id, product_id, id, created_at, updated_at, deleted_at) VALUES ('sel_01KRNSQAS1K75HA5ZDYCY72HTR', 'prod_01KRNSQCGK1XVNWM462E6DX362', 'link_01KRNSQCHJZ4D5F5ZZ7G85FV4K', '2026-05-15 12:28:04.529959+00', '2026-05-15 12:28:04.529959+00', NULL) ON CONFLICT DO NOTHING;
INSERT INTO public.seller_seller_product_product (seller_id, product_id, id, created_at, updated_at, deleted_at) VALUES ('sel_01KRNSQAH2RCD5Z8XABC5ZF05J', 'prod_01KRNSQCHNGY2WR10TNQRT9NND', 'link_01KRNSQCJQ1Q75FH8AZC89NQJ2', '2026-05-15 12:28:04.566929+00', '2026-05-15 12:28:04.566929+00', NULL) ON CONFLICT DO NOTHING;
INSERT INTO public.seller_seller_product_product (seller_id, product_id, id, created_at, updated_at, deleted_at) VALUES ('sel_01KRNSQB0GP6KXG3KTYEZNT96X', 'prod_01KRNSQCJV08C6MC82KFY7WEM4', 'link_01KRNSQCKQM2A4KYME0TWMNVZZ', '2026-05-15 12:28:04.599475+00', '2026-05-15 12:28:04.599475+00', NULL) ON CONFLICT DO NOTHING;
INSERT INTO public.seller_seller_product_product (seller_id, product_id, id, created_at, updated_at, deleted_at) VALUES ('sel_01KRNSQAPGYJMTSHWPBRKBSDP9', 'prod_01KRNSQCN5ZAC7889GDFS0XKG5', 'link_01KRNSQCPHZHQAJJG7BW2G6CBE', '2026-05-15 12:28:04.689599+00', '2026-05-15 12:28:04.689599+00', NULL) ON CONFLICT DO NOTHING;
INSERT INTO public.seller_seller_product_product (seller_id, product_id, id, created_at, updated_at, deleted_at) VALUES ('sel_01KRNSQB33N41XA4MEY4DP8JPR', 'prod_01KRNSQCQSMKEP1MMZSTKSFZ4S', 'link_01KRNSQCRT3PR0M3C220Q70WVK', '2026-05-15 12:28:04.761937+00', '2026-05-15 12:28:04.761937+00', NULL) ON CONFLICT DO NOTHING;
INSERT INTO public.seller_seller_product_product (seller_id, product_id, id, created_at, updated_at, deleted_at) VALUES ('sel_01KRNSQB5S6EZCREKT4XZ80PEX', 'prod_01KRNSQCT0AR40A3WCVXMX0NC2', 'link_01KRNSQCTZY8GP5QP9NKWS7HTM', '2026-05-15 12:28:04.831693+00', '2026-05-15 12:28:04.831693+00', NULL) ON CONFLICT DO NOTHING;
INSERT INTO public.seller_seller_product_product (seller_id, product_id, id, created_at, updated_at, deleted_at) VALUES ('sel_01KRNSQ9HZGE26YTSJS5ZND5E5', 'prod_01KRNSQCW7438HQX7JCCJ4M8ZF', 'link_01KRNSQCXKYRXVFNFC8KSHY0DM', '2026-05-15 12:28:04.915101+00', '2026-05-15 12:28:04.915101+00', NULL) ON CONFLICT DO NOTHING;
INSERT INTO public.seller_seller_product_product (seller_id, product_id, id, created_at, updated_at, deleted_at) VALUES ('sel_01KRNSQ9BX51A7AEZR2G5WW72J', 'prod_01KRNSQCZ60QW28WGD1MJ5S0CF', 'link_01KRNSQD0MBDTMP51RSEMNB6AQ', '2026-05-15 12:28:05.012125+00', '2026-05-15 12:28:05.012125+00', NULL) ON CONFLICT DO NOTHING;
INSERT INTO public.seller_seller_product_product (seller_id, product_id, id, created_at, updated_at, deleted_at) VALUES ('sel_01KRNSQ9HZGE26YTSJS5ZND5E5', 'prod_01KRNSQD2Z35FGX5WKDJNBC29A', 'link_01KRNSQD4AKFTT70HFF62GF5BE', '2026-05-15 12:28:05.130057+00', '2026-05-15 12:28:05.130057+00', NULL) ON CONFLICT DO NOTHING;
INSERT INTO public.seller_seller_product_product (seller_id, product_id, id, created_at, updated_at, deleted_at) VALUES ('sel_01KRNSQ9BX51A7AEZR2G5WW72J', 'prod_01KRNSQD5HW64MPF9QNRCZNG08', 'link_01KRNSQD6VSFF2E6H74HKF31GF', '2026-05-15 12:28:05.211255+00', '2026-05-15 12:28:05.211255+00', NULL) ON CONFLICT DO NOTHING;
INSERT INTO public.seller_seller_product_product (seller_id, product_id, id, created_at, updated_at, deleted_at) VALUES ('sel_01KRNSQ934TWSRM5J5AKS01SEQ', 'prod_01KRNSQDFXQBMC9TZVDWSD6XYK', 'link_01KRNSQDHNYW8Y1QAJX07HGX3T', '2026-05-15 12:28:05.556929+00', '2026-05-15 12:28:05.556929+00', NULL) ON CONFLICT DO NOTHING;
INSERT INTO public.seller_seller_product_product (seller_id, product_id, id, created_at, updated_at, deleted_at) VALUES ('sel_01KRNSQB8E9JM8CSQZ64JXHKRA', 'prod_01KRNSQDKQRTQ6ERP4JAKZS8BT', 'link_01KRNSQDQFEJDKSKE4V6WWZNGM', '2026-05-15 12:28:05.743035+00', '2026-05-15 12:28:05.743035+00', NULL) ON CONFLICT DO NOTHING;
INSERT INTO public.seller_seller_product_product (seller_id, product_id, id, created_at, updated_at, deleted_at) VALUES ('sel_01KRNSQ9Q9RRMJC1M753YHJMC3', 'prod_01KRNSQCKYQFWCW178RPVBX8PE', 'link_01KRNSQCMY5G65RK7ZA06S7W28', '2026-05-15 12:28:04.637983+00', '2026-05-15 12:28:04.637983+00', NULL) ON CONFLICT DO NOTHING;
INSERT INTO public.seller_seller_product_product (seller_id, product_id, id, created_at, updated_at, deleted_at) VALUES ('sel_01KRNSQAXSJYEE618G1MJAV2Y7', 'prod_01KRNSQCPPGZN4JY1WGHSD86EA', 'link_01KRNSQCQMH5YHJVSNBVRHWW69', '2026-05-15 12:28:04.724888+00', '2026-05-15 12:28:04.724888+00', NULL) ON CONFLICT DO NOTHING;
INSERT INTO public.seller_seller_product_product (seller_id, product_id, id, created_at, updated_at, deleted_at) VALUES ('sel_01KRNSQBB01V4XF55AAQ29NAPE', 'prod_01KRNSQCRX9WWGTW4C4Z23K39T', 'link_01KRNSQCSVMNCR4AN5JGQDCATV', '2026-05-15 12:28:04.795633+00', '2026-05-15 12:28:04.795633+00', NULL) ON CONFLICT DO NOTHING;
INSERT INTO public.seller_seller_product_product (seller_id, product_id, id, created_at, updated_at, deleted_at) VALUES ('sel_01KRNSQBB01V4XF55AAQ29NAPE', 'prod_01KRNSQCV7SDMMW41HRB61RVYT', 'link_01KRNSQCW04TMH8SMJYNEC3V3D', '2026-05-15 12:28:04.864002+00', '2026-05-15 12:28:04.864002+00', NULL) ON CONFLICT DO NOTHING;
INSERT INTO public.seller_seller_product_product (seller_id, product_id, id, created_at, updated_at, deleted_at) VALUES ('sel_01KRNSQB33N41XA4MEY4DP8JPR', 'prod_01KRNSQCXS53KYEYF194BZQ4RF', 'link_01KRNSQCZ10XF446QKSRPGBT4G', '2026-05-15 12:28:04.96182+00', '2026-05-15 12:28:04.96182+00', NULL) ON CONFLICT DO NOTHING;
INSERT INTO public.seller_seller_product_product (seller_id, product_id, id, created_at, updated_at, deleted_at) VALUES ('sel_01KRNSQ9BX51A7AEZR2G5WW72J', 'prod_01KRNSQD18WP92YPY9EGFKQATZ', 'link_01KRNSQD2TG8SXRTS96TKNSFYB', '2026-05-15 12:28:05.082025+00', '2026-05-15 12:28:05.082025+00', NULL) ON CONFLICT DO NOTHING;
INSERT INTO public.seller_seller_product_product (seller_id, product_id, id, created_at, updated_at, deleted_at) VALUES ('sel_01KRNSQ9BX51A7AEZR2G5WW72J', 'prod_01KRNSQD4EZXNV9N52MV130Z3X', 'link_01KRNSQD5CDPR1EZF8FPJE5ZV4', '2026-05-15 12:28:05.164092+00', '2026-05-15 12:28:05.164092+00', NULL) ON CONFLICT DO NOTHING;
INSERT INTO public.seller_seller_product_product (seller_id, product_id, id, created_at, updated_at, deleted_at) VALUES ('sel_01KRNSQB8E9JM8CSQZ64JXHKRA', 'prod_01KRNSQD72GB26BCJVS0X19YG1', 'link_01KRNSQDFK7ZVFQ8ASTXHBHNP2', '2026-05-15 12:28:05.491414+00', '2026-05-15 12:28:05.491414+00', NULL) ON CONFLICT DO NOTHING;
INSERT INTO public.seller_seller_product_product (seller_id, product_id, id, created_at, updated_at, deleted_at) VALUES ('sel_01KRNSQB8E9JM8CSQZ64JXHKRA', 'prod_01KRNSQDHW0CVX1MKVVWRZ2Y5T', 'link_01KRNSQDKGYX4HGSP262QB53WK', '2026-05-15 12:28:05.616029+00', '2026-05-15 12:28:05.616029+00', NULL) ON CONFLICT DO NOTHING;
INSERT INTO public.seller_seller_product_product (seller_id, product_id, id, created_at, updated_at, deleted_at) VALUES ('sel_01KRNSQB8E9JM8CSQZ64JXHKRA', 'prod_01KRNSQDQYEWA41104P4GRCXXF', 'link_01KRNSQDSYSVAQ4R3TSZY334AS', '2026-05-15 12:28:05.822041+00', '2026-05-15 12:28:05.822041+00', NULL) ON CONFLICT DO NOTHING;


ALTER TABLE public.seller_seller_product_product ENABLE TRIGGER ALL;

--
-- Data for Name: seller_seller_promotion_campaign; Type: TABLE DATA; Schema: public; Owner: -
--

ALTER TABLE public.seller_seller_promotion_campaign DISABLE TRIGGER ALL;



ALTER TABLE public.seller_seller_promotion_campaign ENABLE TRIGGER ALL;

--
-- Data for Name: seller_seller_promotion_promotion; Type: TABLE DATA; Schema: public; Owner: -
--

ALTER TABLE public.seller_seller_promotion_promotion DISABLE TRIGGER ALL;



ALTER TABLE public.seller_seller_promotion_promotion ENABLE TRIGGER ALL;

--
-- Data for Name: seller_seller_requests_request; Type: TABLE DATA; Schema: public; Owner: -
--

ALTER TABLE public.seller_seller_requests_request DISABLE TRIGGER ALL;



ALTER TABLE public.seller_seller_requests_request ENABLE TRIGGER ALL;

--
-- Data for Name: seller_seller_review_review; Type: TABLE DATA; Schema: public; Owner: -
--

ALTER TABLE public.seller_seller_review_review DISABLE TRIGGER ALL;



ALTER TABLE public.seller_seller_review_review ENABLE TRIGGER ALL;

--
-- Data for Name: seller_seller_stock_location_stock_location; Type: TABLE DATA; Schema: public; Owner: -
--

ALTER TABLE public.seller_seller_stock_location_stock_location DISABLE TRIGGER ALL;

INSERT INTO public.seller_seller_stock_location_stock_location (seller_id, stock_location_id, id, created_at, updated_at, deleted_at) VALUES ('sel_01KRBB56FJ49R1F4A5TA2A6XWN', 'sloc_01KRBB56HDSK12S1QHVC3KXGTW', 'link_01KRBB56HRDT6GYDFV590PCZA1', '2026-05-11 11:01:04.184484+00', '2026-05-11 11:01:04.184484+00', NULL) ON CONFLICT DO NOTHING;
INSERT INTO public.seller_seller_stock_location_stock_location (seller_id, stock_location_id, id, created_at, updated_at, deleted_at) VALUES ('sel_01KRBV95A9Q2X0ACYX9HKRBVPX', 'sloc_01KRBV95BEDCZAW4ESDTWSPDC5', 'link_01KRBV95BT1EMM8TQDKQF5K4Q6', '2026-05-11 15:42:51.258133+00', '2026-05-11 15:42:51.258133+00', NULL) ON CONFLICT DO NOTHING;
INSERT INTO public.seller_seller_stock_location_stock_location (seller_id, stock_location_id, id, created_at, updated_at, deleted_at) VALUES ('sel_01KRBV95QPXJ83VFR9MRG0KPSB', 'sloc_01KRBV95R9TJ1RV1XWVN33Q03J', 'link_01KRBV95RD5XTTZB5DXX9SZ73E', '2026-05-11 15:42:51.6616+00', '2026-05-11 15:42:51.6616+00', NULL) ON CONFLICT DO NOTHING;
INSERT INTO public.seller_seller_stock_location_stock_location (seller_id, stock_location_id, id, created_at, updated_at, deleted_at) VALUES ('sel_01KRBV95TW0N6KFM5S5Q6ZMAVM', 'sloc_01KRBV95VA0BA55EQF08APBP6T', 'link_01KRBV95VDGFXXA07P209KZFZD', '2026-05-11 15:42:51.757055+00', '2026-05-11 15:42:51.757055+00', NULL) ON CONFLICT DO NOTHING;
INSERT INTO public.seller_seller_stock_location_stock_location (seller_id, stock_location_id, id, created_at, updated_at, deleted_at) VALUES ('sel_01KRBV960KR8XTEZFB9M92XZ0H', 'sloc_01KRBV961147RQJ23XGCVG15V9', 'link_01KRBV961BEAQCC02NB81EA6TD', '2026-05-11 15:42:51.946816+00', '2026-05-11 15:42:51.946816+00', NULL) ON CONFLICT DO NOTHING;
INSERT INTO public.seller_seller_stock_location_stock_location (seller_id, stock_location_id, id, created_at, updated_at, deleted_at) VALUES ('sel_01KRBV963RTH9H5DP84380HF8B', 'sloc_01KRBV964747ZNG6F613VTPMRB', 'link_01KRBV964AWQ9RFNQRN4FN6P5V', '2026-05-11 15:42:52.042302+00', '2026-05-11 15:42:52.042302+00', NULL) ON CONFLICT DO NOTHING;
INSERT INTO public.seller_seller_stock_location_stock_location (seller_id, stock_location_id, id, created_at, updated_at, deleted_at) VALUES ('sel_01KRBV969AHH2TV5MQYVSA4V24', 'sloc_01KRBV969NP152NCASBAW70J5C', 'link_01KRBV969Q9Q04FBNQHCBRMBDA', '2026-05-11 15:42:52.215637+00', '2026-05-11 15:42:52.215637+00', NULL) ON CONFLICT DO NOTHING;
INSERT INTO public.seller_seller_stock_location_stock_location (seller_id, stock_location_id, id, created_at, updated_at, deleted_at) VALUES ('sel_01KRBV96BQ6SKR16REJ08VQVER', 'sloc_01KRBV96C4TD6E7P78H5ZTXBHX', 'link_01KRBV96C7MR486THTFHNSF713', '2026-05-11 15:42:52.295542+00', '2026-05-11 15:42:52.295542+00', NULL) ON CONFLICT DO NOTHING;
INSERT INTO public.seller_seller_stock_location_stock_location (seller_id, stock_location_id, id, created_at, updated_at, deleted_at) VALUES ('sel_01KRBV96E7SVTCT38CZXQ4NANB', 'sloc_01KRBV96EH364REY4VJR1YRXPC', 'link_01KRBV96EMXT868T6EY6H9MZK3', '2026-05-11 15:42:52.371998+00', '2026-05-11 15:42:52.371998+00', NULL) ON CONFLICT DO NOTHING;
INSERT INTO public.seller_seller_stock_location_stock_location (seller_id, stock_location_id, id, created_at, updated_at, deleted_at) VALUES ('sel_01KRBV96GNRD1YD5BPQ9W95ERH', 'sloc_01KRBV96H095J1ZBDHG48A048B', 'link_01KRBV96H30PEZ4PTRRBTVJB18', '2026-05-11 15:42:52.451483+00', '2026-05-11 15:42:52.451483+00', NULL) ON CONFLICT DO NOTHING;
INSERT INTO public.seller_seller_stock_location_stock_location (seller_id, stock_location_id, id, created_at, updated_at, deleted_at) VALUES ('sel_01KRBV96KFTPXG8RG7TWB13YQK', 'sloc_01KRBV96KSNV6XDV1G2CR0XP82', 'link_01KRBV96KWXF3J7EFMX3ZS2QZ1', '2026-05-11 15:42:52.540891+00', '2026-05-11 15:42:52.540891+00', NULL) ON CONFLICT DO NOTHING;
INSERT INTO public.seller_seller_stock_location_stock_location (seller_id, stock_location_id, id, created_at, updated_at, deleted_at) VALUES ('sel_01KRBV96PMTCXWRTDX7THG8BE6', 'sloc_01KRBV96Q3JRTHZ8XRJ9D68ST3', 'link_01KRBV96Q7KQH2PBF2R4NHGC7K', '2026-05-11 15:42:52.647271+00', '2026-05-11 15:42:52.647271+00', NULL) ON CONFLICT DO NOTHING;
INSERT INTO public.seller_seller_stock_location_stock_location (seller_id, stock_location_id, id, created_at, updated_at, deleted_at) VALUES ('sel_01KRBV96SHNKQMV9E23P61440X', 'sloc_01KRBV96T5P3GMN8RMF76D4MD2', 'link_01KRBV96T868CTZBQSSZ9HR7B7', '2026-05-11 15:42:52.744173+00', '2026-05-11 15:42:52.744173+00', NULL) ON CONFLICT DO NOTHING;
INSERT INTO public.seller_seller_stock_location_stock_location (seller_id, stock_location_id, id, created_at, updated_at, deleted_at) VALUES ('sel_01KRBV96W7BQSB9J5A2ZAWZ9E2', 'sloc_01KRBV96WKS5QCPRVTQRRF13V8', 'link_01KRBV96WN16WH1GS287H5WTZZ', '2026-05-11 15:42:52.821369+00', '2026-05-11 15:42:52.821369+00', NULL) ON CONFLICT DO NOTHING;
INSERT INTO public.seller_seller_stock_location_stock_location (seller_id, stock_location_id, id, created_at, updated_at, deleted_at) VALUES ('sel_01KRBV96YT6VAFFAQNNN39ZMDR', 'sloc_01KRBV96Z4N12B73XMT12VB7YB', 'link_01KRBV96Z79ZBNKCJAPA4MWH0C', '2026-05-11 15:42:52.903528+00', '2026-05-11 15:42:52.903528+00', NULL) ON CONFLICT DO NOTHING;
INSERT INTO public.seller_seller_stock_location_stock_location (seller_id, stock_location_id, id, created_at, updated_at, deleted_at) VALUES ('sel_01KRBV972VH6GEX5KERF3RBMJR', 'sloc_01KRBV9736ECZKJ6382Z8EPCN0', 'link_01KRBV97387DQFSP7H6156NWQ6', '2026-05-11 15:42:53.032319+00', '2026-05-11 15:42:53.032319+00', NULL) ON CONFLICT DO NOTHING;
INSERT INTO public.seller_seller_stock_location_stock_location (seller_id, stock_location_id, id, created_at, updated_at, deleted_at) VALUES ('sel_01KRBV9756XSYE51TZNYPHC0TM', 'sloc_01KRBV975PQXH73DBPDJN5T9GK', 'link_01KRBV975SP6C40P76NQ5W3JEA', '2026-05-11 15:42:53.113047+00', '2026-05-11 15:42:53.113047+00', NULL) ON CONFLICT DO NOTHING;
INSERT INTO public.seller_seller_stock_location_stock_location (seller_id, stock_location_id, id, created_at, updated_at, deleted_at) VALUES ('sel_01KRBV977T8SXKWFNSBKFJZW8X', 'sloc_01KRBV9786793X9FGVE4RXNA38', 'link_01KRBV97882VW0H2ZBB905RKNW', '2026-05-11 15:42:53.19221+00', '2026-05-11 15:42:53.19221+00', NULL) ON CONFLICT DO NOTHING;
INSERT INTO public.seller_seller_stock_location_stock_location (seller_id, stock_location_id, id, created_at, updated_at, deleted_at) VALUES ('sel_01KRBV97A9FM9PV6ZSZ5F4P436', 'sloc_01KRBV97AMTZ5DJVXCWJFPM6D1', 'link_01KRBV97APD1SBA22171WGYD34', '2026-05-11 15:42:53.270244+00', '2026-05-11 15:42:53.270244+00', NULL) ON CONFLICT DO NOTHING;
INSERT INTO public.seller_seller_stock_location_stock_location (seller_id, stock_location_id, id, created_at, updated_at, deleted_at) VALUES ('sel_01KRBV97DX8H3WNA91RQYXXW3V', 'sloc_01KRBV97EE12XP0TCW2TH4SK15', 'link_01KRBV97EH15K2JN94PV3G4KP2', '2026-05-11 15:42:53.392956+00', '2026-05-11 15:42:53.392956+00', NULL) ON CONFLICT DO NOTHING;
INSERT INTO public.seller_seller_stock_location_stock_location (seller_id, stock_location_id, id, created_at, updated_at, deleted_at) VALUES ('sel_01KRBV97MD5AXVMGCTHXVG6FQJ', 'sloc_01KRBV97MQWRR9DR9A98FS32A4', 'link_01KRBV97MTS0V0MNPXWVGK46PE', '2026-05-11 15:42:53.593905+00', '2026-05-11 15:42:53.593905+00', NULL) ON CONFLICT DO NOTHING;
INSERT INTO public.seller_seller_stock_location_stock_location (seller_id, stock_location_id, id, created_at, updated_at, deleted_at) VALUES ('sel_01KRBV97RKZ7G7J9038H5RXX5M', 'sloc_01KRBV97RXK7W383M718E7NT52', 'link_01KRBV97S0PS439WFAC82HNAT7', '2026-05-11 15:42:53.728207+00', '2026-05-11 15:42:53.728207+00', NULL) ON CONFLICT DO NOTHING;
INSERT INTO public.seller_seller_stock_location_stock_location (seller_id, stock_location_id, id, created_at, updated_at, deleted_at) VALUES ('sel_01KRBV97Z79TXTZ8BQY7P0RV5Q', 'sloc_01KRBV97ZMFR5NKF3F8C66P5MV', 'link_01KRBV97ZPDN5TQQP9WVBSDJJY', '2026-05-11 15:42:53.942471+00', '2026-05-11 15:42:53.942471+00', NULL) ON CONFLICT DO NOTHING;
INSERT INTO public.seller_seller_stock_location_stock_location (seller_id, stock_location_id, id, created_at, updated_at, deleted_at) VALUES ('sel_01KRBV981R74495CHFCASS4EDB', 'sloc_01KRBV9822W24QND6HWST7Y9ZD', 'link_01KRBV9824RBP67S54XF945CAY', '2026-05-11 15:42:54.02007+00', '2026-05-11 15:42:54.02007+00', NULL) ON CONFLICT DO NOTHING;
INSERT INTO public.seller_seller_stock_location_stock_location (seller_id, stock_location_id, id, created_at, updated_at, deleted_at) VALUES ('sel_01KRBV984QDDBVA34WW53ZYX73', 'sloc_01KRBV985FW9Q7WF3ZD3255SN3', 'link_01KRBV985H15BVCQ86865S0MVW', '2026-05-11 15:42:54.129083+00', '2026-05-11 15:42:54.129083+00', NULL) ON CONFLICT DO NOTHING;
INSERT INTO public.seller_seller_stock_location_stock_location (seller_id, stock_location_id, id, created_at, updated_at, deleted_at) VALUES ('sel_01KRBV987XZ1YJX5XB59VWF9Z6', 'sloc_01KRBV9899DC2SH28BC38TTPC4', 'link_01KRBV989FHDK4WB1D5DQRBEG0', '2026-05-11 15:42:54.255353+00', '2026-05-11 15:42:54.255353+00', NULL) ON CONFLICT DO NOTHING;
INSERT INTO public.seller_seller_stock_location_stock_location (seller_id, stock_location_id, id, created_at, updated_at, deleted_at) VALUES ('sel_01KRBV98FWB8ZZ9Q4RQZRPFZQ4', 'sloc_01KRBV98GJ1B9G0ZRYEZ75ZXKG', 'link_01KRBV98GN463T40SPZ7TJKW3B', '2026-05-11 15:42:54.485145+00', '2026-05-11 15:42:54.485145+00', NULL) ON CONFLICT DO NOTHING;
INSERT INTO public.seller_seller_stock_location_stock_location (seller_id, stock_location_id, id, created_at, updated_at, deleted_at) VALUES ('sel_01KRBV98KRD09HVSD9FSVF4H5M', 'sloc_01KRBV98M66K2HH3DN17M1SMF3', 'link_01KRBV98M92F80N1H7GWRMBFHX', '2026-05-11 15:42:54.601+00', '2026-05-11 15:42:54.601+00', NULL) ON CONFLICT DO NOTHING;
INSERT INTO public.seller_seller_stock_location_stock_location (seller_id, stock_location_id, id, created_at, updated_at, deleted_at) VALUES ('sel_01KRBV98PE0Z481WK16YEFBFF5', 'sloc_01KRBV98PSH69PTAVF9YANC4B7', 'link_01KRBV98PVKDN6E3D1KWDZZQBG', '2026-05-11 15:42:54.683458+00', '2026-05-11 15:42:54.683458+00', NULL) ON CONFLICT DO NOTHING;
INSERT INTO public.seller_seller_stock_location_stock_location (seller_id, stock_location_id, id, created_at, updated_at, deleted_at) VALUES ('sel_01KRBV98RV1A0WTQBJ6C250TD3', 'sloc_01KRBV98S5TVF08Q7DCAS6SP61', 'link_01KRBV98S7AR5K1XQQ6GR5ZFC1', '2026-05-11 15:42:54.759125+00', '2026-05-11 15:42:54.759125+00', NULL) ON CONFLICT DO NOTHING;
INSERT INTO public.seller_seller_stock_location_stock_location (seller_id, stock_location_id, id, created_at, updated_at, deleted_at) VALUES ('sel_01KRNSQ7MND00MXR9N9TAZAA3K', 'sloc_01KRNSQ7P6BDSD40XW97GPEGHY', 'link_01KRNSQ7PGGQBM4MCGKDYHT0SH', '2026-05-15 12:27:59.567988+00', '2026-05-15 12:27:59.567988+00', NULL) ON CONFLICT DO NOTHING;
INSERT INTO public.seller_seller_stock_location_stock_location (seller_id, stock_location_id, id, created_at, updated_at, deleted_at) VALUES ('sel_01KRNSQ7ZS9HQFAQXRZJ2C5F8Z', 'sloc_01KRNSQ80J5W3XTTBZW4HE00Z7', 'link_01KRNSQ80TD3VGZ7FRM5HQ8NFA', '2026-05-15 12:27:59.898045+00', '2026-05-15 12:27:59.898045+00', NULL) ON CONFLICT DO NOTHING;
INSERT INTO public.seller_seller_stock_location_stock_location (seller_id, stock_location_id, id, created_at, updated_at, deleted_at) VALUES ('sel_01KRNSQ89EAMK11QQ8WZ30MBZB', 'sloc_01KRNSQ8A9KH8J4X52TTYFKMHZ', 'link_01KRNSQ8AGHWBKD4B454B0FVHY', '2026-05-15 12:28:00.208176+00', '2026-05-15 12:28:00.208176+00', NULL) ON CONFLICT DO NOTHING;
INSERT INTO public.seller_seller_stock_location_stock_location (seller_id, stock_location_id, id, created_at, updated_at, deleted_at) VALUES ('sel_01KRNSQ8P8TFW3YE7GRBFYZYFC', 'sloc_01KRNSQ8R1GGW991RZA9A7PP7G', 'link_01KRNSQ8RDZECFFC4GC6G8XSPP', '2026-05-15 12:28:00.652613+00', '2026-05-15 12:28:00.652613+00', NULL) ON CONFLICT DO NOTHING;
INSERT INTO public.seller_seller_stock_location_stock_location (seller_id, stock_location_id, id, created_at, updated_at, deleted_at) VALUES ('sel_01KRNSQ8Z7X9VENXWC8B86PB3J', 'sloc_01KRNSQ8ZSEPVVD79VAZXWDREY', 'link_01KRNSQ904TSB94QYX8DR64V33', '2026-05-15 12:28:00.900139+00', '2026-05-15 12:28:00.900139+00', NULL) ON CONFLICT DO NOTHING;
INSERT INTO public.seller_seller_stock_location_stock_location (seller_id, stock_location_id, id, created_at, updated_at, deleted_at) VALUES ('sel_01KRNSQ934TWSRM5J5AKS01SEQ', 'sloc_01KRNSQ93HJ02QH24P968KTC2C', 'link_01KRNSQ93NQT141NN1K95XHWB8', '2026-05-15 12:28:01.013305+00', '2026-05-15 12:28:01.013305+00', NULL) ON CONFLICT DO NOTHING;
INSERT INTO public.seller_seller_stock_location_stock_location (seller_id, stock_location_id, id, created_at, updated_at, deleted_at) VALUES ('sel_01KRNSQ992EW1ZEF5QQAPT3S3E', 'sloc_01KRNSQ99P7JGHBP9FQGG8HKP1', 'link_01KRNSQ99TJMRZT0HWXV2TNZAH', '2026-05-15 12:28:01.210406+00', '2026-05-15 12:28:01.210406+00', NULL) ON CONFLICT DO NOTHING;
INSERT INTO public.seller_seller_stock_location_stock_location (seller_id, stock_location_id, id, created_at, updated_at, deleted_at) VALUES ('sel_01KRNSQ9BX51A7AEZR2G5WW72J', 'sloc_01KRNSQ9C8TC9XBJQPC31E0FCQ', 'link_01KRNSQ9CA2X10CS78YHXSABGV', '2026-05-15 12:28:01.290744+00', '2026-05-15 12:28:01.290744+00', NULL) ON CONFLICT DO NOTHING;
INSERT INTO public.seller_seller_stock_location_stock_location (seller_id, stock_location_id, id, created_at, updated_at, deleted_at) VALUES ('sel_01KRNSQ9FAE2PMYB364WKT3DY6', 'sloc_01KRNSQ9FSSQXVH5B9FK7EBEN8', 'link_01KRNSQ9FXHDHBH9WQ754AMK39', '2026-05-15 12:28:01.404942+00', '2026-05-15 12:28:01.404942+00', NULL) ON CONFLICT DO NOTHING;
INSERT INTO public.seller_seller_stock_location_stock_location (seller_id, stock_location_id, id, created_at, updated_at, deleted_at) VALUES ('sel_01KRNSQ9HZGE26YTSJS5ZND5E5', 'sloc_01KRNSQ9JBZX6HRZ8APMFAHKYH', 'link_01KRNSQ9JFEYMVER5H9K6TAQST', '2026-05-15 12:28:01.486925+00', '2026-05-15 12:28:01.486925+00', NULL) ON CONFLICT DO NOTHING;
INSERT INTO public.seller_seller_stock_location_stock_location (seller_id, stock_location_id, id, created_at, updated_at, deleted_at) VALUES ('sel_01KRNSQ9MQFV4FCKC44GXHG903', 'sloc_01KRNSQ9N65CHYH9WZJHPK7VNH', 'link_01KRNSQ9N9SQV090ZVNGETY7MC', '2026-05-15 12:28:01.577409+00', '2026-05-15 12:28:01.577409+00', NULL) ON CONFLICT DO NOTHING;
INSERT INTO public.seller_seller_stock_location_stock_location (seller_id, stock_location_id, id, created_at, updated_at, deleted_at) VALUES ('sel_01KRNSQ9Q9RRMJC1M753YHJMC3', 'sloc_01KRNSQ9QQAZ4HWDQHGXVME0FR', 'link_01KRNSQ9QVNV7YEP5GJ5PM8KFK', '2026-05-15 12:28:01.659246+00', '2026-05-15 12:28:01.659246+00', NULL) ON CONFLICT DO NOTHING;
INSERT INTO public.seller_seller_stock_location_stock_location (seller_id, stock_location_id, id, created_at, updated_at, deleted_at) VALUES ('sel_01KRNSQ9SV1CTCGDVEHJFJR865', 'sloc_01KRNSQ9T6V0X3DZVRP8DP1FSH', 'link_01KRNSQ9T9QGYDWGK5Y4S0BG62', '2026-05-15 12:28:01.737048+00', '2026-05-15 12:28:01.737048+00', NULL) ON CONFLICT DO NOTHING;
INSERT INTO public.seller_seller_stock_location_stock_location (seller_id, stock_location_id, id, created_at, updated_at, deleted_at) VALUES ('sel_01KRNSQ9YTXH9W1TB6VY6TE3Q9', 'sloc_01KRNSQ9Z79HRG9YNQ5SEXEFB5', 'link_01KRNSQ9ZA6XSJF0T6MXXSV5JD', '2026-05-15 12:28:01.898397+00', '2026-05-15 12:28:01.898397+00', NULL) ON CONFLICT DO NOTHING;
INSERT INTO public.seller_seller_stock_location_stock_location (seller_id, stock_location_id, id, created_at, updated_at, deleted_at) VALUES ('sel_01KRNSQA36KV63AKTNFBH4CXDR', 'sloc_01KRNSQA3KVD6HXFY1QCWAK797', 'link_01KRNSQA3R2DXSMDZX94QX4HT9', '2026-05-15 12:28:02.040298+00', '2026-05-15 12:28:02.040298+00', NULL) ON CONFLICT DO NOTHING;
INSERT INTO public.seller_seller_stock_location_stock_location (seller_id, stock_location_id, id, created_at, updated_at, deleted_at) VALUES ('sel_01KRNSQA5YE6QGZ6R3FZEA13K7', 'sloc_01KRNSQA6AV9ZVA9VC62PPHCAM', 'link_01KRNSQA6EVRAP51YMGJJWV1FJ', '2026-05-15 12:28:02.125866+00', '2026-05-15 12:28:02.125866+00', NULL) ON CONFLICT DO NOTHING;
INSERT INTO public.seller_seller_stock_location_stock_location (seller_id, stock_location_id, id, created_at, updated_at, deleted_at) VALUES ('sel_01KRNSQA8GSREJ8H4AA9NSGKSJ', 'sloc_01KRNSQA8ZFXJTT7M1DKN9CFN2', 'link_01KRNSQA94CRT652H0B97DDG4T', '2026-05-15 12:28:02.212368+00', '2026-05-15 12:28:02.212368+00', NULL) ON CONFLICT DO NOTHING;
INSERT INTO public.seller_seller_stock_location_stock_location (seller_id, stock_location_id, id, created_at, updated_at, deleted_at) VALUES ('sel_01KRNSQABBPX4MHZYF9CQBAJ2J', 'sloc_01KRNSQABS902PXNXNE4DDXXJ8', 'link_01KRNSQABW5FM0CTGRNV2NJEHZ', '2026-05-15 12:28:02.300348+00', '2026-05-15 12:28:02.300348+00', NULL) ON CONFLICT DO NOTHING;
INSERT INTO public.seller_seller_stock_location_stock_location (seller_id, stock_location_id, id, created_at, updated_at, deleted_at) VALUES ('sel_01KRNSQAEDE00FEXRA46ZB9K46', 'sloc_01KRNSQAEWTT4N1ABDQVJZXETF', 'link_01KRNSQAEZ2S8B8WHETPAKTB1Y', '2026-05-15 12:28:02.398949+00', '2026-05-15 12:28:02.398949+00', NULL) ON CONFLICT DO NOTHING;
INSERT INTO public.seller_seller_stock_location_stock_location (seller_id, stock_location_id, id, created_at, updated_at, deleted_at) VALUES ('sel_01KRNSQAH2RCD5Z8XABC5ZF05J', 'sloc_01KRNSQAHHSJA84HVJ1YZ3AY3K', 'link_01KRNSQAHMH4ZVX07SY1P8WSD2', '2026-05-15 12:28:02.48479+00', '2026-05-15 12:28:02.48479+00', NULL) ON CONFLICT DO NOTHING;
INSERT INTO public.seller_seller_stock_location_stock_location (seller_id, stock_location_id, id, created_at, updated_at, deleted_at) VALUES ('sel_01KRNSQAPGYJMTSHWPBRKBSDP9', 'sloc_01KRNSQAPXV3EKPV3HK2T16Y05', 'link_01KRNSQAQ1FDMRNER1RMKGYNS6', '2026-05-15 12:28:02.656947+00', '2026-05-15 12:28:02.656947+00', NULL) ON CONFLICT DO NOTHING;
INSERT INTO public.seller_seller_stock_location_stock_location (seller_id, stock_location_id, id, created_at, updated_at, deleted_at) VALUES ('sel_01KRNSQAS1K75HA5ZDYCY72HTR', 'sloc_01KRNSQASD80ERPPESRJ2BB1KQ', 'link_01KRNSQASGD867AT4P0ADAH1TB', '2026-05-15 12:28:02.736612+00', '2026-05-15 12:28:02.736612+00', NULL) ON CONFLICT DO NOTHING;
INSERT INTO public.seller_seller_stock_location_stock_location (seller_id, stock_location_id, id, created_at, updated_at, deleted_at) VALUES ('sel_01KRNSQAXSJYEE618G1MJAV2Y7', 'sloc_01KRNSQAY5CAV5J5NZSVXQ3FHY', 'link_01KRNSQAY8T04H9G0C7SEJKQFK', '2026-05-15 12:28:02.888685+00', '2026-05-15 12:28:02.888685+00', NULL) ON CONFLICT DO NOTHING;
INSERT INTO public.seller_seller_stock_location_stock_location (seller_id, stock_location_id, id, created_at, updated_at, deleted_at) VALUES ('sel_01KRNSQB0GP6KXG3KTYEZNT96X', 'sloc_01KRNSQB0V22PF3957DZKGJ5G5', 'link_01KRNSQB0Z0P5ZC79X2NTWB0KK', '2026-05-15 12:28:02.975061+00', '2026-05-15 12:28:02.975061+00', NULL) ON CONFLICT DO NOTHING;
INSERT INTO public.seller_seller_stock_location_stock_location (seller_id, stock_location_id, id, created_at, updated_at, deleted_at) VALUES ('sel_01KRNSQB33N41XA4MEY4DP8JPR', 'sloc_01KRNSQB3HJ5BM5TWDSZAPST0K', 'link_01KRNSQB3PVTBZJ6J92006CWQG', '2026-05-15 12:28:03.061312+00', '2026-05-15 12:28:03.061312+00', NULL) ON CONFLICT DO NOTHING;
INSERT INTO public.seller_seller_stock_location_stock_location (seller_id, stock_location_id, id, created_at, updated_at, deleted_at) VALUES ('sel_01KRNSQB5S6EZCREKT4XZ80PEX', 'sloc_01KRNSQB67KY4S66N1YFQT3030', 'link_01KRNSQB6CGZN3BXV51M84KRVK', '2026-05-15 12:28:03.148573+00', '2026-05-15 12:28:03.148573+00', NULL) ON CONFLICT DO NOTHING;
INSERT INTO public.seller_seller_stock_location_stock_location (seller_id, stock_location_id, id, created_at, updated_at, deleted_at) VALUES ('sel_01KRNSQB8E9JM8CSQZ64JXHKRA', 'sloc_01KRNSQB8WW4B5HB9BWRB8HSNN', 'link_01KRNSQB8YJWVKC3DEB61CMS1Y', '2026-05-15 12:28:03.230168+00', '2026-05-15 12:28:03.230168+00', NULL) ON CONFLICT DO NOTHING;
INSERT INTO public.seller_seller_stock_location_stock_location (seller_id, stock_location_id, id, created_at, updated_at, deleted_at) VALUES ('sel_01KRNSQBB01V4XF55AAQ29NAPE', 'sloc_01KRNSQBBF42HVZJ5J355A0ETC', 'link_01KRNSQBBKAEZMW73ZFGXHFDZW', '2026-05-15 12:28:03.314758+00', '2026-05-15 12:28:03.314758+00', NULL) ON CONFLICT DO NOTHING;
INSERT INTO public.seller_seller_stock_location_stock_location (seller_id, stock_location_id, id, created_at, updated_at, deleted_at) VALUES ('sel_01KRNSQBJWP0WV8PQ9HEETP6EC', 'sloc_01KRNSQBK8DM68YZTJJF2X20BZ', 'link_01KRNSQBKB7YCHPFWHS8BRJECE', '2026-05-15 12:28:03.563234+00', '2026-05-15 12:28:03.563234+00', NULL) ON CONFLICT DO NOTHING;


ALTER TABLE public.seller_seller_stock_location_stock_location ENABLE TRIGGER ALL;

--
-- Data for Name: shipping_option_price_set; Type: TABLE DATA; Schema: public; Owner: -
--

ALTER TABLE public.shipping_option_price_set DISABLE TRIGGER ALL;

INSERT INTO public.shipping_option_price_set (shipping_option_id, price_set_id, id, created_at, updated_at, deleted_at) VALUES ('so_01KQNRBANVE39EAG8ZE35TQMPM', 'pset_01KQNRBAP3CGJAS53KZ82CB11Y', 'sops_01KQNRBAPFTC3WT5PJ9R6EY78M', '2026-05-03 01:48:19.023209+00', '2026-05-03 01:48:19.023209+00', NULL) ON CONFLICT DO NOTHING;
INSERT INTO public.shipping_option_price_set (shipping_option_id, price_set_id, id, created_at, updated_at, deleted_at) VALUES ('so_01KQNRBANVXX3XD241YT4Q6BSS', 'pset_01KQNRBAP3NK03XDS9ST0TN1TD', 'sops_01KQNRBAPFV7E9YNGM57PXGFG3', '2026-05-03 01:48:19.023209+00', '2026-05-03 01:48:19.023209+00', NULL) ON CONFLICT DO NOTHING;
INSERT INTO public.shipping_option_price_set (shipping_option_id, price_set_id, id, created_at, updated_at, deleted_at) VALUES ('so_01KRBB56MJP82T9HZQFC3XTV7M', 'pset_01KRBB56MV333WPJDNDV0JWBXZ', 'sops_01KRBB56NBFFHCZP7YA0XEVZZN', '2026-05-11 11:01:04.299499+00', '2026-05-11 11:01:04.299499+00', NULL) ON CONFLICT DO NOTHING;


ALTER TABLE public.shipping_option_price_set ENABLE TRIGGER ALL;

--
-- Data for Name: shipping_option_rule; Type: TABLE DATA; Schema: public; Owner: -
--

ALTER TABLE public.shipping_option_rule DISABLE TRIGGER ALL;



ALTER TABLE public.shipping_option_rule ENABLE TRIGGER ALL;

--
-- Data for Name: split_order_payment; Type: TABLE DATA; Schema: public; Owner: -
--

ALTER TABLE public.split_order_payment DISABLE TRIGGER ALL;



ALTER TABLE public.split_order_payment ENABLE TRIGGER ALL;

--
-- Data for Name: stock_location_address; Type: TABLE DATA; Schema: public; Owner: -
--

ALTER TABLE public.stock_location_address DISABLE TRIGGER ALL;

INSERT INTO public.stock_location_address (id, created_at, updated_at, deleted_at, address_1, address_2, company, city, country_code, phone, province, postal_code, metadata) VALUES ('laddr_01KQNRBAMR08SPWTXS3SQEZ8CQ', '2026-05-03 01:48:18.968+00', '2026-05-03 01:48:18.968+00', NULL, '', NULL, NULL, 'New York', 'US', NULL, NULL, NULL, NULL) ON CONFLICT DO NOTHING;
INSERT INTO public.stock_location_address (id, created_at, updated_at, deleted_at, address_1, address_2, company, city, country_code, phone, province, postal_code, metadata) VALUES ('laddr_01KRBB56HDV3596T7FKKSZ43VP', '2026-05-11 11:01:04.173+00', '2026-05-11 11:01:04.173+00', NULL, 'Random Strasse', NULL, NULL, 'Berlin', 'de', NULL, NULL, NULL, NULL) ON CONFLICT DO NOTHING;
INSERT INTO public.stock_location_address (id, created_at, updated_at, deleted_at, address_1, address_2, company, city, country_code, phone, province, postal_code, metadata) VALUES ('laddr_01KRBV95BEBHBJAXFXJFG39Y98', '2026-05-11 15:42:51.247+00', '2026-05-11 15:42:51.247+00', NULL, 'Av. Paulista, 1000', NULL, NULL, 'São Paulo', 'br', NULL, NULL, '01310-100', NULL) ON CONFLICT DO NOTHING;
INSERT INTO public.stock_location_address (id, created_at, updated_at, deleted_at, address_1, address_2, company, city, country_code, phone, province, postal_code, metadata) VALUES ('laddr_01KRBV95R96SHYD1J4M7V69787', '2026-05-11 15:42:51.658+00', '2026-05-11 15:42:51.658+00', NULL, 'Av. Paulista, 1000', NULL, NULL, 'São Paulo', 'br', NULL, NULL, '01310-100', NULL) ON CONFLICT DO NOTHING;
INSERT INTO public.stock_location_address (id, created_at, updated_at, deleted_at, address_1, address_2, company, city, country_code, phone, province, postal_code, metadata) VALUES ('laddr_01KRBV95VAKRFWK1J4R74PY6R9', '2026-05-11 15:42:51.754+00', '2026-05-11 15:42:51.754+00', NULL, 'Av. Paulista, 1000', NULL, NULL, 'São Paulo', 'br', NULL, NULL, '01310-100', NULL) ON CONFLICT DO NOTHING;
INSERT INTO public.stock_location_address (id, created_at, updated_at, deleted_at, address_1, address_2, company, city, country_code, phone, province, postal_code, metadata) VALUES ('laddr_01KRBV9611Z927SVY99G283T2Y', '2026-05-11 15:42:51.937+00', '2026-05-11 15:42:51.937+00', NULL, 'Av. Paulista, 1000', NULL, NULL, 'São Paulo', 'br', NULL, NULL, '01310-100', NULL) ON CONFLICT DO NOTHING;
INSERT INTO public.stock_location_address (id, created_at, updated_at, deleted_at, address_1, address_2, company, city, country_code, phone, province, postal_code, metadata) VALUES ('laddr_01KRBV96473T9WT13PV0YSRB7M', '2026-05-11 15:42:52.039+00', '2026-05-11 15:42:52.039+00', NULL, 'Av. Paulista, 1000', NULL, NULL, 'São Paulo', 'br', NULL, NULL, '01310-100', NULL) ON CONFLICT DO NOTHING;
INSERT INTO public.stock_location_address (id, created_at, updated_at, deleted_at, address_1, address_2, company, city, country_code, phone, province, postal_code, metadata) VALUES ('laddr_01KRBV969N88QVDVP6997D3J85', '2026-05-11 15:42:52.213+00', '2026-05-11 15:42:52.213+00', NULL, 'Av. Paulista, 1000', NULL, NULL, 'São Paulo', 'br', NULL, NULL, '01310-100', NULL) ON CONFLICT DO NOTHING;
INSERT INTO public.stock_location_address (id, created_at, updated_at, deleted_at, address_1, address_2, company, city, country_code, phone, province, postal_code, metadata) VALUES ('laddr_01KRBV96C4B5NC9CTR1Z5PP6Z7', '2026-05-11 15:42:52.292+00', '2026-05-11 15:42:52.292+00', NULL, 'Av. Paulista, 1000', NULL, NULL, 'São Paulo', 'br', NULL, NULL, '01310-100', NULL) ON CONFLICT DO NOTHING;
INSERT INTO public.stock_location_address (id, created_at, updated_at, deleted_at, address_1, address_2, company, city, country_code, phone, province, postal_code, metadata) VALUES ('laddr_01KRBV96EHB9CNJQHN7F6Z6HQB', '2026-05-11 15:42:52.369+00', '2026-05-11 15:42:52.369+00', NULL, 'Av. Paulista, 1000', NULL, NULL, 'São Paulo', 'br', NULL, NULL, '01310-100', NULL) ON CONFLICT DO NOTHING;
INSERT INTO public.stock_location_address (id, created_at, updated_at, deleted_at, address_1, address_2, company, city, country_code, phone, province, postal_code, metadata) VALUES ('laddr_01KRBV96H0KCDMY2ZD6CXH4JN5', '2026-05-11 15:42:52.448+00', '2026-05-11 15:42:52.448+00', NULL, 'Av. Paulista, 1000', NULL, NULL, 'São Paulo', 'br', NULL, NULL, '01310-100', NULL) ON CONFLICT DO NOTHING;
INSERT INTO public.stock_location_address (id, created_at, updated_at, deleted_at, address_1, address_2, company, city, country_code, phone, province, postal_code, metadata) VALUES ('laddr_01KRBV96KS8H3RC2R63MGZTR2Y', '2026-05-11 15:42:52.537+00', '2026-05-11 15:42:52.537+00', NULL, 'Av. Paulista, 1000', NULL, NULL, 'São Paulo', 'br', NULL, NULL, '01310-100', NULL) ON CONFLICT DO NOTHING;
INSERT INTO public.stock_location_address (id, created_at, updated_at, deleted_at, address_1, address_2, company, city, country_code, phone, province, postal_code, metadata) VALUES ('laddr_01KRBV96Q3HMDQP7WNRVX8RYN5', '2026-05-11 15:42:52.644+00', '2026-05-11 15:42:52.644+00', NULL, 'Av. Paulista, 1000', NULL, NULL, 'São Paulo', 'br', NULL, NULL, '01310-100', NULL) ON CONFLICT DO NOTHING;
INSERT INTO public.stock_location_address (id, created_at, updated_at, deleted_at, address_1, address_2, company, city, country_code, phone, province, postal_code, metadata) VALUES ('laddr_01KRBV96T5Q9DGN0NQJAHNZDM5', '2026-05-11 15:42:52.741+00', '2026-05-11 15:42:52.741+00', NULL, 'Av. Paulista, 1000', NULL, NULL, 'São Paulo', 'br', NULL, NULL, '01310-100', NULL) ON CONFLICT DO NOTHING;
INSERT INTO public.stock_location_address (id, created_at, updated_at, deleted_at, address_1, address_2, company, city, country_code, phone, province, postal_code, metadata) VALUES ('laddr_01KRBV96WK0XXKCBQVEJREBBHM', '2026-05-11 15:42:52.819+00', '2026-05-11 15:42:52.819+00', NULL, 'Av. Paulista, 1000', NULL, NULL, 'São Paulo', 'br', NULL, NULL, '01310-100', NULL) ON CONFLICT DO NOTHING;
INSERT INTO public.stock_location_address (id, created_at, updated_at, deleted_at, address_1, address_2, company, city, country_code, phone, province, postal_code, metadata) VALUES ('laddr_01KRBV96Z42KH027N5M0XQ1HN5', '2026-05-11 15:42:52.9+00', '2026-05-11 15:42:52.9+00', NULL, 'Av. Paulista, 1000', NULL, NULL, 'São Paulo', 'br', NULL, NULL, '01310-100', NULL) ON CONFLICT DO NOTHING;
INSERT INTO public.stock_location_address (id, created_at, updated_at, deleted_at, address_1, address_2, company, city, country_code, phone, province, postal_code, metadata) VALUES ('laddr_01KRBV9736AXPVDZYR5JMXEGNK', '2026-05-11 15:42:53.03+00', '2026-05-11 15:42:53.03+00', NULL, 'Av. Paulista, 1000', NULL, NULL, 'São Paulo', 'br', NULL, NULL, '01310-100', NULL) ON CONFLICT DO NOTHING;
INSERT INTO public.stock_location_address (id, created_at, updated_at, deleted_at, address_1, address_2, company, city, country_code, phone, province, postal_code, metadata) VALUES ('laddr_01KRBV975P9H5R0VA7X84P9BCS', '2026-05-11 15:42:53.11+00', '2026-05-11 15:42:53.11+00', NULL, 'Av. Paulista, 1000', NULL, NULL, 'São Paulo', 'br', NULL, NULL, '01310-100', NULL) ON CONFLICT DO NOTHING;
INSERT INTO public.stock_location_address (id, created_at, updated_at, deleted_at, address_1, address_2, company, city, country_code, phone, province, postal_code, metadata) VALUES ('laddr_01KRBV978633MV2BNZG6BH6P0D', '2026-05-11 15:42:53.19+00', '2026-05-11 15:42:53.19+00', NULL, 'Av. Paulista, 1000', NULL, NULL, 'São Paulo', 'br', NULL, NULL, '01310-100', NULL) ON CONFLICT DO NOTHING;
INSERT INTO public.stock_location_address (id, created_at, updated_at, deleted_at, address_1, address_2, company, city, country_code, phone, province, postal_code, metadata) VALUES ('laddr_01KRBV97AMBJQ0JJ750JCPRYZF', '2026-05-11 15:42:53.268+00', '2026-05-11 15:42:53.268+00', NULL, 'Av. Paulista, 1000', NULL, NULL, 'São Paulo', 'br', NULL, NULL, '01310-100', NULL) ON CONFLICT DO NOTHING;
INSERT INTO public.stock_location_address (id, created_at, updated_at, deleted_at, address_1, address_2, company, city, country_code, phone, province, postal_code, metadata) VALUES ('laddr_01KRBV97EEAY0YSXWEE2DYCVM6', '2026-05-11 15:42:53.39+00', '2026-05-11 15:42:53.39+00', NULL, 'Av. Paulista, 1000', NULL, NULL, 'São Paulo', 'br', NULL, NULL, '01310-100', NULL) ON CONFLICT DO NOTHING;
INSERT INTO public.stock_location_address (id, created_at, updated_at, deleted_at, address_1, address_2, company, city, country_code, phone, province, postal_code, metadata) VALUES ('laddr_01KRBV97MQWK809CKB9T3JKKY2', '2026-05-11 15:42:53.591+00', '2026-05-11 15:42:53.591+00', NULL, 'Av. Paulista, 1000', NULL, NULL, 'São Paulo', 'br', NULL, NULL, '01310-100', NULL) ON CONFLICT DO NOTHING;
INSERT INTO public.stock_location_address (id, created_at, updated_at, deleted_at, address_1, address_2, company, city, country_code, phone, province, postal_code, metadata) VALUES ('laddr_01KRBV97RXTMPB1DMETS2MPV3F', '2026-05-11 15:42:53.726+00', '2026-05-11 15:42:53.726+00', NULL, 'Av. Paulista, 1000', NULL, NULL, 'São Paulo', 'br', NULL, NULL, '01310-100', NULL) ON CONFLICT DO NOTHING;
INSERT INTO public.stock_location_address (id, created_at, updated_at, deleted_at, address_1, address_2, company, city, country_code, phone, province, postal_code, metadata) VALUES ('laddr_01KRBV97ZMZWVN6776XDQEKS9V', '2026-05-11 15:42:53.94+00', '2026-05-11 15:42:53.94+00', NULL, 'Av. Paulista, 1000', NULL, NULL, 'São Paulo', 'br', NULL, NULL, '01310-100', NULL) ON CONFLICT DO NOTHING;
INSERT INTO public.stock_location_address (id, created_at, updated_at, deleted_at, address_1, address_2, company, city, country_code, phone, province, postal_code, metadata) VALUES ('laddr_01KRBV9822WCS702FPDSKEQS60', '2026-05-11 15:42:54.018+00', '2026-05-11 15:42:54.018+00', NULL, 'Av. Paulista, 1000', NULL, NULL, 'São Paulo', 'br', NULL, NULL, '01310-100', NULL) ON CONFLICT DO NOTHING;
INSERT INTO public.stock_location_address (id, created_at, updated_at, deleted_at, address_1, address_2, company, city, country_code, phone, province, postal_code, metadata) VALUES ('laddr_01KRBV985FW9K1JDZHDR9SXFRT', '2026-05-11 15:42:54.127+00', '2026-05-11 15:42:54.127+00', NULL, 'Av. Paulista, 1000', NULL, NULL, 'São Paulo', 'br', NULL, NULL, '01310-100', NULL) ON CONFLICT DO NOTHING;
INSERT INTO public.stock_location_address (id, created_at, updated_at, deleted_at, address_1, address_2, company, city, country_code, phone, province, postal_code, metadata) VALUES ('laddr_01KRBV9899ND9S62NTE9NQ82JE', '2026-05-11 15:42:54.25+00', '2026-05-11 15:42:54.25+00', NULL, 'Av. Paulista, 1000', NULL, NULL, 'São Paulo', 'br', NULL, NULL, '01310-100', NULL) ON CONFLICT DO NOTHING;
INSERT INTO public.stock_location_address (id, created_at, updated_at, deleted_at, address_1, address_2, company, city, country_code, phone, province, postal_code, metadata) VALUES ('laddr_01KRBV98GJGK0KHN5TF1VX168Z', '2026-05-11 15:42:54.482+00', '2026-05-11 15:42:54.482+00', NULL, 'Av. Paulista, 1000', NULL, NULL, 'São Paulo', 'br', NULL, NULL, '01310-100', NULL) ON CONFLICT DO NOTHING;
INSERT INTO public.stock_location_address (id, created_at, updated_at, deleted_at, address_1, address_2, company, city, country_code, phone, province, postal_code, metadata) VALUES ('laddr_01KRBV98M6GN80A7F9PCT8P19Y', '2026-05-11 15:42:54.598+00', '2026-05-11 15:42:54.598+00', NULL, 'Av. Paulista, 1000', NULL, NULL, 'São Paulo', 'br', NULL, NULL, '01310-100', NULL) ON CONFLICT DO NOTHING;
INSERT INTO public.stock_location_address (id, created_at, updated_at, deleted_at, address_1, address_2, company, city, country_code, phone, province, postal_code, metadata) VALUES ('laddr_01KRBV98PSCAE22B2J8H3S04TP', '2026-05-11 15:42:54.681+00', '2026-05-11 15:42:54.681+00', NULL, 'Av. Paulista, 1000', NULL, NULL, 'São Paulo', 'br', NULL, NULL, '01310-100', NULL) ON CONFLICT DO NOTHING;
INSERT INTO public.stock_location_address (id, created_at, updated_at, deleted_at, address_1, address_2, company, city, country_code, phone, province, postal_code, metadata) VALUES ('laddr_01KRBV98S5TD7RM358QSCJ2ZEE', '2026-05-11 15:42:54.757+00', '2026-05-11 15:42:54.757+00', NULL, 'Av. Paulista, 1000', NULL, NULL, 'São Paulo', 'br', NULL, NULL, '01310-100', NULL) ON CONFLICT DO NOTHING;
INSERT INTO public.stock_location_address (id, created_at, updated_at, deleted_at, address_1, address_2, company, city, country_code, phone, province, postal_code, metadata) VALUES ('laddr_01KRNSQ7P64SZEW1B1JKDCAK75', '2026-05-15 12:27:59.558+00', '2026-05-15 12:27:59.558+00', NULL, 'Av. Paulista, 1000', NULL, NULL, 'São Paulo', 'br', NULL, NULL, '01310-100', NULL) ON CONFLICT DO NOTHING;
INSERT INTO public.stock_location_address (id, created_at, updated_at, deleted_at, address_1, address_2, company, city, country_code, phone, province, postal_code, metadata) VALUES ('laddr_01KRNSQ80H8DJVWEN0G527TMXJ', '2026-05-15 12:27:59.89+00', '2026-05-15 12:27:59.89+00', NULL, 'Av. Paulista, 1000', NULL, NULL, 'São Paulo', 'br', NULL, NULL, '01310-100', NULL) ON CONFLICT DO NOTHING;
INSERT INTO public.stock_location_address (id, created_at, updated_at, deleted_at, address_1, address_2, company, city, country_code, phone, province, postal_code, metadata) VALUES ('laddr_01KRNSQ8A936YMT7Q1GAV6DDCP', '2026-05-15 12:28:00.201+00', '2026-05-15 12:28:00.201+00', NULL, 'Av. Paulista, 1000', NULL, NULL, 'São Paulo', 'br', NULL, NULL, '01310-100', NULL) ON CONFLICT DO NOTHING;
INSERT INTO public.stock_location_address (id, created_at, updated_at, deleted_at, address_1, address_2, company, city, country_code, phone, province, postal_code, metadata) VALUES ('laddr_01KRNSQ8R1W61QVP27EB7DWC37', '2026-05-15 12:28:00.642+00', '2026-05-15 12:28:00.642+00', NULL, 'Av. Paulista, 1000', NULL, NULL, 'São Paulo', 'br', NULL, NULL, '01310-100', NULL) ON CONFLICT DO NOTHING;
INSERT INTO public.stock_location_address (id, created_at, updated_at, deleted_at, address_1, address_2, company, city, country_code, phone, province, postal_code, metadata) VALUES ('laddr_01KRNSQ8ZSZMRWEKBR5ZREABFC', '2026-05-15 12:28:00.889+00', '2026-05-15 12:28:00.889+00', NULL, 'Av. Paulista, 1000', NULL, NULL, 'São Paulo', 'br', NULL, NULL, '01310-100', NULL) ON CONFLICT DO NOTHING;
INSERT INTO public.stock_location_address (id, created_at, updated_at, deleted_at, address_1, address_2, company, city, country_code, phone, province, postal_code, metadata) VALUES ('laddr_01KRNSQ93HKY708BN134YCKWHZ', '2026-05-15 12:28:01.009+00', '2026-05-15 12:28:01.009+00', NULL, 'Av. Paulista, 1000', NULL, NULL, 'São Paulo', 'br', NULL, NULL, '01310-100', NULL) ON CONFLICT DO NOTHING;
INSERT INTO public.stock_location_address (id, created_at, updated_at, deleted_at, address_1, address_2, company, city, country_code, phone, province, postal_code, metadata) VALUES ('laddr_01KRNSQ99P9HR6KBQPN277CWA5', '2026-05-15 12:28:01.206+00', '2026-05-15 12:28:01.206+00', NULL, 'Av. Paulista, 1000', NULL, NULL, 'São Paulo', 'br', NULL, NULL, '01310-100', NULL) ON CONFLICT DO NOTHING;
INSERT INTO public.stock_location_address (id, created_at, updated_at, deleted_at, address_1, address_2, company, city, country_code, phone, province, postal_code, metadata) VALUES ('laddr_01KRNSQ9C80W2PD6VQDSFF4Z2K', '2026-05-15 12:28:01.288+00', '2026-05-15 12:28:01.288+00', NULL, 'Av. Paulista, 1000', NULL, NULL, 'São Paulo', 'br', NULL, NULL, '01310-100', NULL) ON CONFLICT DO NOTHING;
INSERT INTO public.stock_location_address (id, created_at, updated_at, deleted_at, address_1, address_2, company, city, country_code, phone, province, postal_code, metadata) VALUES ('laddr_01KRNSQ9FSN9W7Y5STB8844P5Z', '2026-05-15 12:28:01.401+00', '2026-05-15 12:28:01.401+00', NULL, 'Av. Paulista, 1000', NULL, NULL, 'São Paulo', 'br', NULL, NULL, '01310-100', NULL) ON CONFLICT DO NOTHING;
INSERT INTO public.stock_location_address (id, created_at, updated_at, deleted_at, address_1, address_2, company, city, country_code, phone, province, postal_code, metadata) VALUES ('laddr_01KRNSQ9JBJSZ3HAREEZ1QCDVC', '2026-05-15 12:28:01.483+00', '2026-05-15 12:28:01.483+00', NULL, 'Av. Paulista, 1000', NULL, NULL, 'São Paulo', 'br', NULL, NULL, '01310-100', NULL) ON CONFLICT DO NOTHING;
INSERT INTO public.stock_location_address (id, created_at, updated_at, deleted_at, address_1, address_2, company, city, country_code, phone, province, postal_code, metadata) VALUES ('laddr_01KRNSQ9N6P9QRPWVYNYYEJCBM', '2026-05-15 12:28:01.574+00', '2026-05-15 12:28:01.574+00', NULL, 'Av. Paulista, 1000', NULL, NULL, 'São Paulo', 'br', NULL, NULL, '01310-100', NULL) ON CONFLICT DO NOTHING;
INSERT INTO public.stock_location_address (id, created_at, updated_at, deleted_at, address_1, address_2, company, city, country_code, phone, province, postal_code, metadata) VALUES ('laddr_01KRNSQ9QQJ2HM0B6SFT9YP0E5', '2026-05-15 12:28:01.655+00', '2026-05-15 12:28:01.655+00', NULL, 'Av. Paulista, 1000', NULL, NULL, 'São Paulo', 'br', NULL, NULL, '01310-100', NULL) ON CONFLICT DO NOTHING;
INSERT INTO public.stock_location_address (id, created_at, updated_at, deleted_at, address_1, address_2, company, city, country_code, phone, province, postal_code, metadata) VALUES ('laddr_01KRNSQ9T6TY5C3H5PQYZ8AE68', '2026-05-15 12:28:01.734+00', '2026-05-15 12:28:01.734+00', NULL, 'Av. Paulista, 1000', NULL, NULL, 'São Paulo', 'br', NULL, NULL, '01310-100', NULL) ON CONFLICT DO NOTHING;
INSERT INTO public.stock_location_address (id, created_at, updated_at, deleted_at, address_1, address_2, company, city, country_code, phone, province, postal_code, metadata) VALUES ('laddr_01KRNSQ9Z71WGFWEV1E572BSZ3', '2026-05-15 12:28:01.895+00', '2026-05-15 12:28:01.895+00', NULL, 'Av. Paulista, 1000', NULL, NULL, 'São Paulo', 'br', NULL, NULL, '01310-100', NULL) ON CONFLICT DO NOTHING;
INSERT INTO public.stock_location_address (id, created_at, updated_at, deleted_at, address_1, address_2, company, city, country_code, phone, province, postal_code, metadata) VALUES ('laddr_01KRNSQA3K410M43V48K1KQ8FX', '2026-05-15 12:28:02.036+00', '2026-05-15 12:28:02.036+00', NULL, 'Av. Paulista, 1000', NULL, NULL, 'São Paulo', 'br', NULL, NULL, '01310-100', NULL) ON CONFLICT DO NOTHING;
INSERT INTO public.stock_location_address (id, created_at, updated_at, deleted_at, address_1, address_2, company, city, country_code, phone, province, postal_code, metadata) VALUES ('laddr_01KRNSQA6AG4XSSKZATA0KXZYX', '2026-05-15 12:28:02.122+00', '2026-05-15 12:28:02.122+00', NULL, 'Av. Paulista, 1000', NULL, NULL, 'São Paulo', 'br', NULL, NULL, '01310-100', NULL) ON CONFLICT DO NOTHING;
INSERT INTO public.stock_location_address (id, created_at, updated_at, deleted_at, address_1, address_2, company, city, country_code, phone, province, postal_code, metadata) VALUES ('laddr_01KRNSQA8YWHPECH1ZN6QFSVYC', '2026-05-15 12:28:02.207+00', '2026-05-15 12:28:02.207+00', NULL, 'Av. Paulista, 1000', NULL, NULL, 'São Paulo', 'br', NULL, NULL, '01310-100', NULL) ON CONFLICT DO NOTHING;
INSERT INTO public.stock_location_address (id, created_at, updated_at, deleted_at, address_1, address_2, company, city, country_code, phone, province, postal_code, metadata) VALUES ('laddr_01KRNSQABSQ3KTN8TMZ7YPC8BJ', '2026-05-15 12:28:02.297+00', '2026-05-15 12:28:02.297+00', NULL, 'Av. Paulista, 1000', NULL, NULL, 'São Paulo', 'br', NULL, NULL, '01310-100', NULL) ON CONFLICT DO NOTHING;
INSERT INTO public.stock_location_address (id, created_at, updated_at, deleted_at, address_1, address_2, company, city, country_code, phone, province, postal_code, metadata) VALUES ('laddr_01KRNSQAEWFKBCQ6JPB0X97CC9', '2026-05-15 12:28:02.396+00', '2026-05-15 12:28:02.396+00', NULL, 'Av. Paulista, 1000', NULL, NULL, 'São Paulo', 'br', NULL, NULL, '01310-100', NULL) ON CONFLICT DO NOTHING;
INSERT INTO public.stock_location_address (id, created_at, updated_at, deleted_at, address_1, address_2, company, city, country_code, phone, province, postal_code, metadata) VALUES ('laddr_01KRNSQAHHVMGEN7QZ65S08CE4', '2026-05-15 12:28:02.481+00', '2026-05-15 12:28:02.481+00', NULL, 'Av. Paulista, 1000', NULL, NULL, 'São Paulo', 'br', NULL, NULL, '01310-100', NULL) ON CONFLICT DO NOTHING;
INSERT INTO public.stock_location_address (id, created_at, updated_at, deleted_at, address_1, address_2, company, city, country_code, phone, province, postal_code, metadata) VALUES ('laddr_01KRNSQAPXX77BQHPP72W6N8JS', '2026-05-15 12:28:02.653+00', '2026-05-15 12:28:02.653+00', NULL, 'Av. Paulista, 1000', NULL, NULL, 'São Paulo', 'br', NULL, NULL, '01310-100', NULL) ON CONFLICT DO NOTHING;
INSERT INTO public.stock_location_address (id, created_at, updated_at, deleted_at, address_1, address_2, company, city, country_code, phone, province, postal_code, metadata) VALUES ('laddr_01KRNSQASD0PXXEHJZK7JBQH2W', '2026-05-15 12:28:02.734+00', '2026-05-15 12:28:02.734+00', NULL, 'Av. Paulista, 1000', NULL, NULL, 'São Paulo', 'br', NULL, NULL, '01310-100', NULL) ON CONFLICT DO NOTHING;
INSERT INTO public.stock_location_address (id, created_at, updated_at, deleted_at, address_1, address_2, company, city, country_code, phone, province, postal_code, metadata) VALUES ('laddr_01KRNSQAY5WVV1AS1X29SQSZ6C', '2026-05-15 12:28:02.885+00', '2026-05-15 12:28:02.885+00', NULL, 'Av. Paulista, 1000', NULL, NULL, 'São Paulo', 'br', NULL, NULL, '01310-100', NULL) ON CONFLICT DO NOTHING;
INSERT INTO public.stock_location_address (id, created_at, updated_at, deleted_at, address_1, address_2, company, city, country_code, phone, province, postal_code, metadata) VALUES ('laddr_01KRNSQB0VJGWVJ9QCP1BGHC7T', '2026-05-15 12:28:02.971+00', '2026-05-15 12:28:02.971+00', NULL, 'Av. Paulista, 1000', NULL, NULL, 'São Paulo', 'br', NULL, NULL, '01310-100', NULL) ON CONFLICT DO NOTHING;
INSERT INTO public.stock_location_address (id, created_at, updated_at, deleted_at, address_1, address_2, company, city, country_code, phone, province, postal_code, metadata) VALUES ('laddr_01KRNSQB3HB56NVTP55FV7D396', '2026-05-15 12:28:03.057+00', '2026-05-15 12:28:03.057+00', NULL, 'Av. Paulista, 1000', NULL, NULL, 'São Paulo', 'br', NULL, NULL, '01310-100', NULL) ON CONFLICT DO NOTHING;
INSERT INTO public.stock_location_address (id, created_at, updated_at, deleted_at, address_1, address_2, company, city, country_code, phone, province, postal_code, metadata) VALUES ('laddr_01KRNSQB671X15K35V24RQYRAH', '2026-05-15 12:28:03.144+00', '2026-05-15 12:28:03.144+00', NULL, 'Av. Paulista, 1000', NULL, NULL, 'São Paulo', 'br', NULL, NULL, '01310-100', NULL) ON CONFLICT DO NOTHING;
INSERT INTO public.stock_location_address (id, created_at, updated_at, deleted_at, address_1, address_2, company, city, country_code, phone, province, postal_code, metadata) VALUES ('laddr_01KRNSQB8VDK40S625VMHHERV5', '2026-05-15 12:28:03.228+00', '2026-05-15 12:28:03.228+00', NULL, 'Av. Paulista, 1000', NULL, NULL, 'São Paulo', 'br', NULL, NULL, '01310-100', NULL) ON CONFLICT DO NOTHING;
INSERT INTO public.stock_location_address (id, created_at, updated_at, deleted_at, address_1, address_2, company, city, country_code, phone, province, postal_code, metadata) VALUES ('laddr_01KRNSQBBFMWDK8BXQXJQKZE07', '2026-05-15 12:28:03.311+00', '2026-05-15 12:28:03.311+00', NULL, 'Av. Paulista, 1000', NULL, NULL, 'São Paulo', 'br', NULL, NULL, '01310-100', NULL) ON CONFLICT DO NOTHING;
INSERT INTO public.stock_location_address (id, created_at, updated_at, deleted_at, address_1, address_2, company, city, country_code, phone, province, postal_code, metadata) VALUES ('laddr_01KRNSQBK7B8XD5W078W9GZ80G', '2026-05-15 12:28:03.56+00', '2026-05-15 12:28:03.56+00', NULL, 'Av. Paulista, 1000', NULL, NULL, 'São Paulo', 'br', NULL, NULL, '01310-100', NULL) ON CONFLICT DO NOTHING;


ALTER TABLE public.stock_location_address ENABLE TRIGGER ALL;

--
-- Data for Name: stock_location; Type: TABLE DATA; Schema: public; Owner: -
--

ALTER TABLE public.stock_location DISABLE TRIGGER ALL;

INSERT INTO public.stock_location (id, created_at, updated_at, deleted_at, name, address_id, metadata) VALUES ('sloc_01KRNSQ7P6BDSD40XW97GPEGHY', '2026-05-15 12:27:59.558+00', '2026-05-15 12:27:59.558+00', NULL, 'Stock Location Taxcel', 'laddr_01KRNSQ7P64SZEW1B1JKDCAK75', NULL) ON CONFLICT DO NOTHING;
INSERT INTO public.stock_location (id, created_at, updated_at, deleted_at, name, address_id, metadata) VALUES ('sloc_01KRNSQ80J5W3XTTBZW4HE00Z7', '2026-05-15 12:27:59.89+00', '2026-05-15 12:27:59.89+00', NULL, 'Stock Location Busca Legal', 'laddr_01KRNSQ80H8DJVWEN0G527TMXJ', NULL) ON CONFLICT DO NOTHING;
INSERT INTO public.stock_location (id, created_at, updated_at, deleted_at, name, address_id, metadata) VALUES ('sloc_01KRNSQ8A9KH8J4X52TTYFKMHZ', '2026-05-15 12:28:00.201+00', '2026-05-15 12:28:00.201+00', NULL, 'Stock Location MA Tecnologias', 'laddr_01KRNSQ8A936YMT7Q1GAV6DDCP', NULL) ON CONFLICT DO NOTHING;
INSERT INTO public.stock_location (id, created_at, updated_at, deleted_at, name, address_id, metadata) VALUES ('sloc_01KRNSQ8R1GGW991RZA9A7PP7G', '2026-05-15 12:28:00.642+00', '2026-05-15 12:28:00.642+00', NULL, 'Stock Location Revizia', 'laddr_01KRNSQ8R1W61QVP27EB7DWC37', NULL) ON CONFLICT DO NOTHING;
INSERT INTO public.stock_location (id, created_at, updated_at, deleted_at, name, address_id, metadata) VALUES ('sloc_01KRNSQ8ZSEPVVD79VAZXWDREY', '2026-05-15 12:28:00.889+00', '2026-05-15 12:28:00.889+00', NULL, 'Stock Location Tax Stragegy', 'laddr_01KRNSQ8ZSZMRWEKBR5ZREABFC', NULL) ON CONFLICT DO NOTHING;
INSERT INTO public.stock_location (id, created_at, updated_at, deleted_at, name, address_id, metadata) VALUES ('sloc_01KRNSQ93HJ02QH24P968KTC2C', '2026-05-15 12:28:01.009+00', '2026-05-15 12:28:01.009+00', NULL, 'Stock Location ROIT', 'laddr_01KRNSQ93HKY708BN134YCKWHZ', NULL) ON CONFLICT DO NOTHING;
INSERT INTO public.stock_location (id, created_at, updated_at, deleted_at, name, address_id, metadata) VALUES ('sloc_01KRNSQ99P7JGHBP9FQGG8HKP1', '2026-05-15 12:28:01.206+00', '2026-05-15 12:28:01.206+00', NULL, 'Stock Location Brinta', 'laddr_01KRNSQ99P9HR6KBQPN277CWA5', NULL) ON CONFLICT DO NOTHING;
INSERT INTO public.stock_location (id, created_at, updated_at, deleted_at, name, address_id, metadata) VALUES ('sloc_01KRNSQ9C8TC9XBJQPC31E0FCQ', '2026-05-15 12:28:01.288+00', '2026-05-15 12:28:01.288+00', NULL, 'Stock Location Evollux', 'laddr_01KRNSQ9C80W2PD6VQDSFF4Z2K', NULL) ON CONFLICT DO NOTHING;
INSERT INTO public.stock_location (id, created_at, updated_at, deleted_at, name, address_id, metadata) VALUES ('sloc_01KRNSQ9FSSQXVH5B9FK7EBEN8', '2026-05-15 12:28:01.401+00', '2026-05-15 12:28:01.401+00', NULL, 'Stock Location Elo Fiscal', 'laddr_01KRNSQ9FSN9W7Y5STB8844P5Z', NULL) ON CONFLICT DO NOTHING;
INSERT INTO public.stock_location (id, created_at, updated_at, deleted_at, name, address_id, metadata) VALUES ('sloc_01KRNSQ9JBZX6HRZ8APMFAHKYH', '2026-05-15 12:28:01.483+00', '2026-05-15 12:28:01.483+00', NULL, 'Stock Location FS4YOU', 'laddr_01KRNSQ9JBJSZ3HAREEZ1QCDVC', NULL) ON CONFLICT DO NOTHING;
INSERT INTO public.stock_location (id, created_at, updated_at, deleted_at, name, address_id, metadata) VALUES ('sloc_01KRNSQ9N65CHYH9WZJHPK7VNH', '2026-05-15 12:28:01.574+00', '2026-05-15 12:28:01.574+00', NULL, 'Stock Location Sittax', 'laddr_01KRNSQ9N6P9QRPWVYNYYEJCBM', NULL) ON CONFLICT DO NOTHING;
INSERT INTO public.stock_location (id, created_at, updated_at, deleted_at, name, address_id, metadata) VALUES ('sloc_01KRNSQ9QQAZ4HWDQHGXVME0FR', '2026-05-15 12:28:01.655+00', '2026-05-15 12:28:01.655+00', NULL, 'Stock Location Menndel & Melo Advocacia', 'laddr_01KRNSQ9QQJ2HM0B6SFT9YP0E5', NULL) ON CONFLICT DO NOTHING;
INSERT INTO public.stock_location (id, created_at, updated_at, deleted_at, name, address_id, metadata) VALUES ('sloc_01KRNSQ9T6V0X3DZVRP8DP1FSH', '2026-05-15 12:28:01.735+00', '2026-05-15 12:28:01.735+00', NULL, 'Stock Location Camu', 'laddr_01KRNSQ9T6TY5C3H5PQYZ8AE68', NULL) ON CONFLICT DO NOTHING;
INSERT INTO public.stock_location (id, created_at, updated_at, deleted_at, name, address_id, metadata) VALUES ('sloc_01KRNSQ9Z79HRG9YNQ5SEXEFB5', '2026-05-15 12:28:01.895+00', '2026-05-15 12:28:01.895+00', NULL, 'Stock Location Simões Pires', 'laddr_01KRNSQ9Z71WGFWEV1E572BSZ3', NULL) ON CONFLICT DO NOTHING;
INSERT INTO public.stock_location (id, created_at, updated_at, deleted_at, name, address_id, metadata) VALUES ('sloc_01KRNSQA3KVD6HXFY1QCWAK797', '2026-05-15 12:28:02.036+00', '2026-05-15 12:28:02.036+00', NULL, 'Stock Location Lopti', 'laddr_01KRNSQA3K410M43V48K1KQ8FX', NULL) ON CONFLICT DO NOTHING;
INSERT INTO public.stock_location (id, created_at, updated_at, deleted_at, name, address_id, metadata) VALUES ('sloc_01KRNSQA6AV9ZVA9VC62PPHCAM', '2026-05-15 12:28:02.122+00', '2026-05-15 12:28:02.122+00', NULL, 'Stock Location TSCTI  Soluções Fiscais', 'laddr_01KRNSQA6AG4XSSKZATA0KXZYX', NULL) ON CONFLICT DO NOTHING;
INSERT INTO public.stock_location (id, created_at, updated_at, deleted_at, name, address_id, metadata) VALUES ('sloc_01KRNSQA8ZFXJTT7M1DKN9CFN2', '2026-05-15 12:28:02.207+00', '2026-05-15 12:28:02.207+00', NULL, 'Stock Location Numix Tech', 'laddr_01KRNSQA8YWHPECH1ZN6QFSVYC', NULL) ON CONFLICT DO NOTHING;
INSERT INTO public.stock_location (id, created_at, updated_at, deleted_at, name, address_id, metadata) VALUES ('sloc_01KRNSQABS902PXNXNE4DDXXJ8', '2026-05-15 12:28:02.297+00', '2026-05-15 12:28:02.297+00', NULL, 'Stock Location Mastery E-commerce Solutions', 'laddr_01KRNSQABSQ3KTN8TMZ7YPC8BJ', NULL) ON CONFLICT DO NOTHING;
INSERT INTO public.stock_location (id, created_at, updated_at, deleted_at, name, address_id, metadata) VALUES ('sloc_01KRNSQAEWTT4N1ABDQVJZXETF', '2026-05-15 12:28:02.396+00', '2026-05-15 12:28:02.396+00', NULL, 'Stock Location FIND Tax Solutions', 'laddr_01KRNSQAEWFKBCQ6JPB0X97CC9', NULL) ON CONFLICT DO NOTHING;
INSERT INTO public.stock_location (id, created_at, updated_at, deleted_at, name, address_id, metadata) VALUES ('sloc_01KRNSQAHHSJA84HVJ1YZ3AY3K', '2026-05-15 12:28:02.481+00', '2026-05-15 12:28:02.481+00', NULL, 'Stock Location V360', 'laddr_01KRNSQAHHVMGEN7QZ65S08CE4', NULL) ON CONFLICT DO NOTHING;
INSERT INTO public.stock_location (id, created_at, updated_at, deleted_at, name, address_id, metadata) VALUES ('sloc_01KRNSQAPXV3EKPV3HK2T16Y05', '2026-05-15 12:28:02.653+00', '2026-05-15 12:28:02.653+00', NULL, 'Stock Location TAX5 CONSULT', 'laddr_01KRNSQAPXX77BQHPP72W6N8JS', NULL) ON CONFLICT DO NOTHING;
INSERT INTO public.stock_location (id, created_at, updated_at, deleted_at, name, address_id, metadata) VALUES ('sloc_01KRNSQASD80ERPPESRJ2BB1KQ', '2026-05-15 12:28:02.734+00', '2026-05-15 12:28:02.734+00', NULL, 'Stock Location e-Auditoria', 'laddr_01KRNSQASD0PXXEHJZK7JBQH2W', NULL) ON CONFLICT DO NOTHING;
INSERT INTO public.stock_location (id, created_at, updated_at, deleted_at, name, address_id, metadata) VALUES ('sloc_01KRNSQAY5CAV5J5NZSVXQ3FHY', '2026-05-15 12:28:02.885+00', '2026-05-15 12:28:02.885+00', NULL, 'Stock Location LogisBank', 'laddr_01KRNSQAY5WVV1AS1X29SQSZ6C', NULL) ON CONFLICT DO NOTHING;
INSERT INTO public.stock_location (id, created_at, updated_at, deleted_at, name, address_id, metadata) VALUES ('sloc_01KRNSQB0V22PF3957DZKGJ5G5', '2026-05-15 12:28:02.971+00', '2026-05-15 12:28:02.971+00', NULL, 'Stock Location Trevisan Escola de Negócios', 'laddr_01KRNSQB0VJGWVJ9QCP1BGHC7T', NULL) ON CONFLICT DO NOTHING;
INSERT INTO public.stock_location (id, created_at, updated_at, deleted_at, name, address_id, metadata) VALUES ('sloc_01KRNSQB3HJ5BM5TWDSZAPST0K', '2026-05-15 12:28:03.057+00', '2026-05-15 12:28:03.057+00', NULL, 'Stock Location Solutio', 'laddr_01KRNSQB3HB56NVTP55FV7D396', NULL) ON CONFLICT DO NOTHING;
INSERT INTO public.stock_location (id, created_at, updated_at, deleted_at, name, address_id, metadata) VALUES ('sloc_01KRNSQB67KY4S66N1YFQT3030', '2026-05-15 12:28:03.144+00', '2026-05-15 12:28:03.144+00', NULL, 'Stock Location Planning', 'laddr_01KRNSQB671X15K35V24RQYRAH', NULL) ON CONFLICT DO NOTHING;
INSERT INTO public.stock_location (id, created_at, updated_at, deleted_at, name, address_id, metadata) VALUES ('sloc_01KRNSQB8WW4B5HB9BWRB8HSNN', '2026-05-15 12:28:03.228+00', '2026-05-15 12:28:03.228+00', NULL, 'Stock Location Taxly', 'laddr_01KRNSQB8VDK40S625VMHHERV5', NULL) ON CONFLICT DO NOTHING;
INSERT INTO public.stock_location (id, created_at, updated_at, deleted_at, name, address_id, metadata) VALUES ('sloc_01KRNSQBBF42HVZJ5J355A0ETC', '2026-05-15 12:28:03.311+00', '2026-05-15 12:28:03.311+00', NULL, 'Stock Location Tributariou Business', 'laddr_01KRNSQBBFMWDK8BXQXJQKZE07', NULL) ON CONFLICT DO NOTHING;
INSERT INTO public.stock_location (id, created_at, updated_at, deleted_at, name, address_id, metadata) VALUES ('sloc_01KRNSQBK8DM68YZTJJF2X20BZ', '2026-05-15 12:28:03.56+00', '2026-05-15 12:28:03.56+00', NULL, 'Stock Location Taxly Serviços e Tecnologia', 'laddr_01KRNSQBK7B8XD5W078W9GZ80G', NULL) ON CONFLICT DO NOTHING;


ALTER TABLE public.stock_location ENABLE TRIGGER ALL;

--
-- Data for Name: store; Type: TABLE DATA; Schema: public; Owner: -
--

ALTER TABLE public.store DISABLE TRIGGER ALL;

INSERT INTO public.store (id, name, default_sales_channel_id, default_region_id, default_location_id, metadata, created_at, updated_at, deleted_at) VALUES ('store_01KQNRA1PJ26ZWMG9D3E86SFWQ', 'FINDTAX', 'sc_01KQNRA1PA5TWKZKS1FRYPY3F9', NULL, NULL, NULL, '2026-05-03 01:47:37.041438+00', '2026-05-03 01:47:37.041438+00', NULL) ON CONFLICT DO NOTHING;


ALTER TABLE public.store ENABLE TRIGGER ALL;

--
-- Data for Name: store_currency; Type: TABLE DATA; Schema: public; Owner: -
--

ALTER TABLE public.store_currency DISABLE TRIGGER ALL;

INSERT INTO public.store_currency (id, currency_code, is_default, store_id, created_at, updated_at, deleted_at) VALUES ('stocur_01KRNSQ70N21QAH1YTP7Z967H7', 'brl', true, 'store_01KQNRA1PJ26ZWMG9D3E86SFWQ', '2026-05-15 12:27:58.86155+00', '2026-05-15 12:27:58.86155+00', NULL) ON CONFLICT DO NOTHING;


ALTER TABLE public.store_currency ENABLE TRIGGER ALL;

--
-- Data for Name: tax_code; Type: TABLE DATA; Schema: public; Owner: -
--

ALTER TABLE public.tax_code DISABLE TRIGGER ALL;



ALTER TABLE public.tax_code ENABLE TRIGGER ALL;

--
-- Data for Name: tax_provider; Type: TABLE DATA; Schema: public; Owner: -
--

ALTER TABLE public.tax_provider DISABLE TRIGGER ALL;

INSERT INTO public.tax_provider (id, is_enabled, created_at, updated_at, deleted_at) VALUES ('tp_system', true, '2026-05-03 01:47:01.47+00', '2026-05-03 01:47:01.47+00', NULL) ON CONFLICT DO NOTHING;


ALTER TABLE public.tax_provider ENABLE TRIGGER ALL;

--
-- Data for Name: tax_region; Type: TABLE DATA; Schema: public; Owner: -
--

ALTER TABLE public.tax_region DISABLE TRIGGER ALL;

INSERT INTO public.tax_region (id, provider_id, country_code, province_code, parent_id, metadata, created_at, updated_at, created_by, deleted_at) VALUES ('txreg_01KQNRBAMH1CNAMBB8A8AK4RCY', 'tp_system', 'us', NULL, NULL, NULL, '2026-05-03 01:48:18.962+00', '2026-05-03 01:48:18.962+00', NULL, NULL) ON CONFLICT DO NOTHING;
INSERT INTO public.tax_region (id, provider_id, country_code, province_code, parent_id, metadata, created_at, updated_at, created_by, deleted_at) VALUES ('txreg_01KQNRBAMH2PKYMVT3D24VFT42', 'tp_system', 'ca', NULL, NULL, NULL, '2026-05-03 01:48:18.962+00', '2026-05-03 01:48:18.962+00', NULL, NULL) ON CONFLICT DO NOTHING;
INSERT INTO public.tax_region (id, provider_id, country_code, province_code, parent_id, metadata, created_at, updated_at, created_by, deleted_at) VALUES ('txreg_01KQNRBAMH5ZE1QNNJ3JZWB99S', 'tp_system', 'gb', NULL, NULL, NULL, '2026-05-03 01:48:18.962+00', '2026-05-03 01:48:18.962+00', NULL, NULL) ON CONFLICT DO NOTHING;
INSERT INTO public.tax_region (id, provider_id, country_code, province_code, parent_id, metadata, created_at, updated_at, created_by, deleted_at) VALUES ('txreg_01KQNRBAMHGR7Z7NZXA6ECFETR', 'tp_system', 'de', NULL, NULL, NULL, '2026-05-03 01:48:18.962+00', '2026-05-03 01:48:18.962+00', NULL, NULL) ON CONFLICT DO NOTHING;
INSERT INTO public.tax_region (id, provider_id, country_code, province_code, parent_id, metadata, created_at, updated_at, created_by, deleted_at) VALUES ('txreg_01KQNRBAMHHTV2BTC8X7WPTSES', 'tp_system', 'fr', NULL, NULL, NULL, '2026-05-03 01:48:18.962+00', '2026-05-03 01:48:18.962+00', NULL, NULL) ON CONFLICT DO NOTHING;
INSERT INTO public.tax_region (id, provider_id, country_code, province_code, parent_id, metadata, created_at, updated_at, created_by, deleted_at) VALUES ('txreg_01KQNRBAMHKPYA1MZ98XDN7E9P', 'tp_system', 'es', NULL, NULL, NULL, '2026-05-03 01:48:18.962+00', '2026-05-03 01:48:18.962+00', NULL, NULL) ON CONFLICT DO NOTHING;
INSERT INTO public.tax_region (id, provider_id, country_code, province_code, parent_id, metadata, created_at, updated_at, created_by, deleted_at) VALUES ('txreg_01KQNRBAMH85KK1EQWCAS9YJJ9', 'tp_system', 'it', NULL, NULL, NULL, '2026-05-03 01:48:18.962+00', '2026-05-03 01:48:18.962+00', NULL, NULL) ON CONFLICT DO NOTHING;


ALTER TABLE public.tax_region ENABLE TRIGGER ALL;

--
-- Data for Name: tax_rate; Type: TABLE DATA; Schema: public; Owner: -
--

ALTER TABLE public.tax_rate DISABLE TRIGGER ALL;



ALTER TABLE public.tax_rate ENABLE TRIGGER ALL;

--
-- Data for Name: tax_rate_rule; Type: TABLE DATA; Schema: public; Owner: -
--

ALTER TABLE public.tax_rate_rule DISABLE TRIGGER ALL;



ALTER TABLE public.tax_rate_rule ENABLE TRIGGER ALL;

--
-- Data for Name: user; Type: TABLE DATA; Schema: public; Owner: -
--

ALTER TABLE public."user" DISABLE TRIGGER ALL;



ALTER TABLE public."user" ENABLE TRIGGER ALL;

--
-- Data for Name: user_preference; Type: TABLE DATA; Schema: public; Owner: -
--

ALTER TABLE public.user_preference DISABLE TRIGGER ALL;



ALTER TABLE public.user_preference ENABLE TRIGGER ALL;

--
-- Data for Name: view_configuration; Type: TABLE DATA; Schema: public; Owner: -
--

ALTER TABLE public.view_configuration DISABLE TRIGGER ALL;



ALTER TABLE public.view_configuration ENABLE TRIGGER ALL;

--
-- Name: link_module_migrations_id_seq; Type: SEQUENCE SET; Schema: public; Owner: -
--

SELECT pg_catalog.setval('public.link_module_migrations_id_seq', 48, true);


--
-- Name: mikro_orm_migrations_id_seq; Type: SEQUENCE SET; Schema: public; Owner: -
--

SELECT pg_catalog.setval('public.mikro_orm_migrations_id_seq', 152, true);


--
-- Name: return_display_id_seq; Type: SEQUENCE SET; Schema: public; Owner: -
--

SELECT pg_catalog.setval('public.return_display_id_seq', 1, false);


--
-- Name: script_migrations_id_seq; Type: SEQUENCE SET; Schema: public; Owner: -
--

SELECT pg_catalog.setval('public.script_migrations_id_seq', 2, true);


--
-- PostgreSQL database dump complete
--

\unrestrict MddDBB58T9w1SRGea6xXo7EbEfopEYwkl2EI8GxFvbcsIdXvnlzYFzFWkZ6YDoK

